kind,key,mentions,likes,like_per_mention,months_present,first,last,videos,channels,max_like,shape,example,example2,example2_like
format×attr,색상/호수 확장,97,931,9.6,12,2024-08,2026-08,54,19,138,broad,페리페라의 역작 앳지누드… 재출시해주세요ㅠㅠ,전 다써봤는데 이번에 헤라cc바르고 감격했어여 제가찾던 발림성 커버력 색상ㅎㅎ나스는 너무 매트하고 안가려지고 디어달리아는 왜케 빨리 무너지던지..헤라 진짜 열일했더라구여 단종되면 안되여!!!ㅜㅜ진짜 널리널리 알려야해영ㅋㅋ❤,128
format×attr,단종/재출시,82,1772,21.6,12,2016-08,2026-08,58,32,494,broad,제발 단종시키지마세요....,달방아 콩콩해 단종 절대 안됩니다...,245
format×attr,국내출시/입점/유통,64,313,4.9,10,2023-08,2026-08,56,28,112,broad,이니스프리랑 에뛰드는 한국에서도 줄줄 폐업 중이죠 ㅎ...,"아니 브이티 리들샷은 워낙 한국에서도 유명하지만, 사실 시카의 찐 원조임.",53
format×attr,가격/가성비,32,804,25.1,11,2025-08,2026-08,32,19,281,broad,피몽쉐 가격만 개비싸지 별거없네 가격 내려라,런칭하기 전 인플루언서들한테 쫙 뿌리는 마케팅 대신 가격을 낮춰보세요,255
format×attr,에센스/세럼/앰플,28,53,1.9,10,2025-08,2026-08,24,8,28,persistent,레이어랩 기미색소 세럼 아침저녁으로 쓰는데요 50ml도 있으면 좋을거같아요,@J @Jaina0 니오좀 판테놀 세럼도 좀 더 가벼운 버전도 나왔으면 좋겠어요 ㅠㅠ,5
format×attr,쿠션,26,77,3.0,9,2025-08,2026-07,18,10,23,persistent,지나언니… 제발 1번 파우더 팩트형두 만들어주시면안대요…?,나중에 혹~~시라도 기회가 된다면 팩트(?) 구워진 타입(?) 으로 출시되었으면 하는 바람도 슬쩍 남겨봅니다…//,14
format×attr,립틴트/립스틱,24,208,8.7,8,2021-08,2026-08,14,9,58,thin,올해는 블러틴트 마니 나왔으면 좋겠어요,매트립도 다양하게 나왔으면 좋겠어요 ㅠㅠㅠ,52
format×attr,대용량,23,859,37.3,9,2024-08,2026-08,20,13,731,persistent,그럼 작은 용량 좀 만들어라!!!!ㅜㅠㅠㅠㅠㅠ,대량으로 만드셔서 단가좀 낮춰주시고 용량좀 넉넉하게 출시해주세용ㅜㅜㅜ,55
format×attr,선크림,22,20,0.9,5,2024-08,2026-08,20,8,10,thin,그런 선크림은 없을까요?,바디 선크림 빨리 출시해주세요,5
format×attr,립틴트/립스틱 × 색상/호수 확장,21,87,4.1,6,2024-08,2026-08,9,7,44,thin,컬러 립밤도 만들어주시면 좋겠어요...,"다양한 색상의 립이 나오는 건 좋은데 매트 립이 적어서 아쉬워요… 립매트 하나 사서 써봤는데 대가리 금방 부러져서 오래 쓰지도 못 했어요,, 매트 틴트도 많이 내주세요!!",15
format×attr,마스크팩,21,18,0.9,9,2025-08,2026-08,18,8,5,persistent,잘 쓰고 있어어요🤍 레이어랩 팩도 출시해주시면 너무 좋을 것 같아용:),우와 발몽이라니 예전부터 리뉴잉팩 잘쓰고있는데 리제네라2도 있었으면 좋겠어요~❤,4
format×attr,토너/스킨,19,194,10.2,8,2025-08,2026-08,19,10,140,thin,버블토너가 그렇게 좋으면 아모레 lg생건 로레알도 만들지..,토너패드 26년 버전도 해주세요!!,29
format×attr,지성/건성,18,48,2.7,7,2025-08,2026-08,15,6,14,thin,레이어랩 지성용 라인은 안나오겟죠?….,레이어랩은 악건성인 저한테 한줄기 빛같은 제품이었답니다.앞으로도 좋은제품 많이만들어주세요!!!!😊,6
format×attr,클렌징,16,91,5.7,5,2025-08,2026-05,14,6,32,thin,덕분에 피부 좋아졌단 이야길 들어요ㅎㅎ클렌징 제품도 좀 만들어주세요,"제이나님,, 클렌징 밀크랑 클렌징 오일두 출시해주세요~!!",23
format×attr,세트/기획,15,131,8.7,7,2025-08,2026-08,13,8,58,thin,근데 샘플도 좀 팔아주면 좋겠긴해요....,전제품 여행키트 만들어주세요!,30
format×attr,세트/기획 × 세트/단품 구성,15,71,4.7,8,2025-08,2026-08,13,9,34,thin,단품 옵션 없어서 아쉬워요 ㅠㅠ,썬 하나 비비 하나 세트도 있으면 좋겠어요,19
format×attr,쿠션 × 색상/호수 확장,15,38,2.5,7,2025-08,2026-08,11,7,28,thin,"너무 밝게 나와서 1719호 분들도 잘쓰시니까..너무 밝지 않은!!딱 적당한 21호 제발 한번만 만들어주세요ㅠㅠ(이거진짜중요) 제가 원래부터 21호를 쓰고있었는데 요즘 파데,쿠션들 다","롬앤 쿠션 모공커버력이 넘 좋아서 너무 만족하며 사용하고 있어요💫 22호 컬러가 출시되면 더 더 좋을 거 같아요,,,, 바비브라운 치크도 넘 찰떡이시고 속눈썹도 새롭고 잘 어울리세요💚",5
format×attr,크림 × 제형(스틱/쿠션/젤/밤/스프레이),14,24,1.7,9,2025-08,2026-08,14,5,11,persistent,트루션 크림도 잘 쓰고 있는데 이번거도 빨리 나오면 좋겠습니다,라로슈포제 밤도 답답할거 같은데 복합성 피부에 좋은 크림 없을까요?,4
format×attr,선크림 × 제형(스틱/쿠션/젤/밤/스프레이),13,64,4.9,4,2024-08,2026-08,12,6,41,thin,바디 선크림도 만들어주세요 ~~,"요즘 선크림 류에 화장하기 전에 바르기 쉬운 선에센스 제형이 많이 출시되었는데, 선에센스들도 자외선 차단 효과가 괜찮은건지 궁금합니다.",6
format×attr,크림,13,24,1.8,6,2023-08,2026-06,12,7,8,thin,판테놀 크림 미국에도 하루빨리 출시 부탁드립니다.,그러면 두피에 바르는 두피장벽 크림 같은거는 없나요?,5
format×attr,소용량/미니/휴대,12,357,29.8,4,2023-08,2026-08,10,6,176,narrow-strong,ㄹㅇ 화장품 브랜드들 여행용 사이즈를 돈주고 팔았으면 좋겠음..,더 소용량을 만들어내야 함 리필용도 따로 내고,58
format×attr,파운데이션,12,53,4.4,5,2019-08,2026-05,9,7,39,thin,아멜리 제발 쿨쓰루쓰루 파데 좀 다시 만들어주세요..,테스트 해볼 겸 하나만 샀는데 제발 파운데이션 용량으로 출시해주세요,4
format×attr,무기자차/유기자차,12,6,0.5,4,2024-08,2026-08,10,7,3,thin,"역시디파님 순정무기자차 유기자차 다쓰고있는데 이번에 또 출시해주시다니,,, 마음급해서 올영에서 오늘드림으로 당장 샀어요",유기자차나  혼합은 사고싶어도 눈시림때문에     늘 고민인데  무기자차 안건조하고 백탁없는  획기적인게  나오면 좋겠어요 ᆢ 샘은 젊은남자분이라  건조에 덜예민해서   무기자차 맞으신듯ᆢ,1
format×attr,샴푸/린스/트리트먼트,11,78,7.1,4,2024-08,2026-06,10,7,39,thin,성분좋은 샴푸 린스 바디워시 요런제품도 만들어주시면   좋을것같아요❤,샴푸도 만들어주세요,13
format×attr,용기/패키지,11,45,4.1,4,2024-08,2026-06,11,10,17,thin,한국도 어마어마한 한국뽕 샤랄라 전통 화려 아름다운 패키징 내주면 좋겟다 ..,기업콜라보말고 제발 자체브랜드로 디파님 제품내주세요 ㅜㅜ,7
format×attr,미스트,11,39,3.5,4,2025-08,2026-08,7,5,10,thin,미스트 빨리 나왔으면 좋겠다,미스트도 만들어주면 좋겟다요,8
format×attr,이너뷰티,11,9,0.8,5,2025-08,2026-08,11,5,5,thin,순수비타민 너무 좋은데 30ml말고 15ml로 나왔으면 좋겠어요 ^^,방광염 환자라서 urex균주 들어간 질영양제를 자기직전에 먹고 자는데 일단 먹는동안 냉같은거 안나오고 나온다고 하더라도 투명함.,2
format×attr,프라이머/베이스,11,3,0.3,4,2025-08,2026-06,7,5,3,thin,어두운 피부톤에도 잘 어울리는 비비크림은 없을까요..?,유분감이 많은 피부인데도 겨울철이 되니 각질부각이 되고 화장이 뜨는 날이 많아서 겨울철 피부에 맞게 다양한 베이스류가 나왔으면 좋겠습니다 !!!!,0
format×attr,에센스/세럼/앰플 × 대용량,10,6,0.6,4,2025-08,2026-08,8,2,2,thin,에센스 대용량 미스트펌프 판매해주세요~~,그래도 리뉴얼 됐으니 또 사놓기😁 판테놀세럼은 진쨔 대용량 리필용 만들어주시기!!!!!!!!😭 스포이드류 대용량에 부어서 쓰기 힘두러요,2
format×attr,바디 × 제형(스틱/쿠션/젤/밤/스프레이),9,14,1.6,3,2025-08,2026-03,8,5,6,thin,바디로션으로도 나왔으면 좋겠어용~,원장님 바디워시 바디로션도 만들어주세용 🐰🐰,5
format×attr,리필,9,3,0.3,4,2024-08,2026-07,9,7,2,thin,리필만 출시 해주시면 안되나요?ㅠ,리필좀 팔아주세요 ㅠ,1
format×attr,바디,8,135,16.9,4,2025-08,2026-08,7,3,106,narrow-strong,혹시 바디 제품도 출시할 계획이 있으신가요?,무조건 믿고 기다립니다!!(바디크림은 꼭 출시 부탁드려요ㅜ),26
format×attr,세트/단품 구성,8,90,11.2,4,2024-08,2026-07,7,7,74,narrow-strong,왕관괄사도 따로팔아주세요!!!!!,뿌리는용은 따로 판매를 하지 않는거 같은데,7
format×attr,프라이머/베이스 × 색상/호수 확장,8,84,10.5,3,2025-08,2026-08,5,5,45,narrow-strong,베이스메이크업 제품 컬러가 다양하게 나와서 피부톤 자체는 밝게화장하는 사람들이 많이 줄었음 그대신 메이크업샵도 쿨병걸려서 다,롬앤 말린 메밀꽃 팔레트에 있는 베이스 섀도우 소프트위트 컬러가 싱글 섀도우로 출시됐으면 좋겠어요!,23
format×attr,쿠션 × 제형(스틱/쿠션/젤/밤/스프레이),8,75,9.4,4,2022-08,2026-05,8,5,68,thin,저때 에뛰드 컨셉 지금 나왔으면 인기몰이 했을듯?지금은 갸루&양산형 인기라서...저때도 디자인 진짜 예쁜거 많이 나왔었고(마카롱같은 쿠션케이스&스윗레시피 라인)이전에 나온 박신혜가 모델이었을때 VIP립스틱이랑 큐피드립스틱 케이스 안나수이랑 비슷해서 진짜 좋아했었는데...왜 이렇게 됐을까,제이나님 비비나 쿠션도 만들어주세요ㅜㅜㅜㅜ,6
format×attr,순함/민감/임산부/아기,8,42,5.2,6,2025-08,2026-08,8,4,16,thin,민감피부에도 너무 잘맞고 그냥 만능라인 절대 단종되면 안되는 평생 무덤템입니다,우리나라는 화장품을 너무 순한 성분들로만 만들려고 함...이게 장점이자 단점...순한 성분들로는 효과를 못보는 피부들도 있는데...이런 점에선 해외 화장품이 나은 거...,15
format×attr,블러셔,8,33,4.1,3,2026-01,2026-08,4,4,27,thin,디어에이 블러셔 브러쉬는 왜 안 팔아주시나요,젤라이너 보고 생각나 말씀드리는건데 10년 이전 정말 예전에 그 소분하던 감성으로 소분된 버전으로 치크나 립 나오면 좋겠어요,2
format×attr,기능(지속/커버/보습/미백 등),8,26,3.2,5,2025-08,2026-06,8,5,11,thin,제발 쪼끔더 지속력있는 피토로 만들어주세요 ㅠㅠㅠ,넘 감사해요 50대후반인데 탄력관리 제품도 만들어주심 어떨까요,11
format×attr,아이섀도우,8,11,1.4,4,2024-08,2026-08,6,5,7,thin,다른 브랜드들도 이런 재밋는 팔레트 많이 내주면 좋겟지만 어디서 들었는데 우리나라는 데일리에서 벗어나면 판매율이 좀 많이 떨어진다고 하더라구요,제발 다시 비레디 아이 팔레트 만들어주세요ㅠㅠㅠㅠ,2
format×attr,무향,8,4,0.5,6,2025-12,2026-08,8,8,3,thin,쌤~~주름보톡스 제오민 맞고나서 얼마 뒤에 온다리프팅 받아야 보톡스에 영향 없을까요??,제발 무향으로 만들어줬으면…,1
format×attr,비건/클린/성분,7,41,5.9,4,2025-08,2026-02,6,5,24,thin,"입슬 너무 건조하게 하는 성분 빼서 재출시했으면,, 그리고 올..",언니 제발 자외선 팔토시 제품 만들어주세요… 햇빛 알러지때문에 괴로운데 제품 너무 안이뻐서 이걸 써야햇나 싶었거든요😢,15
format×attr,아이섀도우 × 색상/호수 확장,6,76,12.7,5,2026-01,2026-07,5,3,47,narrow-strong,올영에도 섀도우 많이 깔려있지만 워낙 종류가 많아서  홀리카 매장에만 있는 컬러들도 많음...,여름뮤트한테 잘 어울리는 뮤트하고 모브한 올매트 아이팔레트 색상 만들어주세요!,24
format×attr,향,6,39,6.5,5,2025-08,2026-08,6,4,34,thin,환경에도 뭔가 좋은영향을 주는 레이어랩만의 아이디어가 나오길 간절히 간절히 기다려봅니다!,향도 같은 제품이면 더 좋겠다,2
format×attr,선쿠션 × 제형(스틱/쿠션/젤/밤/스프레이),6,36,6.0,4,2024-08,2026-05,5,2,15,thin,선쿠션도 만들어줘요 ❤❤,더파이 선쿠션도 만들어주세용!,12
format×attr,남성용,6,29,4.8,2,2024-08,2026-04,5,4,10,thin,남성용 화장품도 출시되면 좋겠습니당 ㅎㅎ,올영직원분도 같은 브랜드 다른 라인으로 남성거 따로나오면 상술이고 그냥 원래 게 더 좋다고 그거쓰라고 남고객들에게 권하는데 남자들이 굳이 남성라인 고른댔음 선택폭 안 좁히셔도 됩니다,9
format×attr,선스틱 × 제형(스틱/쿠션/젤/밤/스프레이),6,23,3.8,2,2025-08,2026-07,5,2,19,thin,파이님 선스틱도 만들어주세요ㅠㅠㅠ제발요오…..,썬스틱도 출시되면 좋겠어요❤,3
format×attr,선크림 × 무기자차/유기자차,6,14,2.3,4,2025-08,2026-07,6,5,12,thin,무기자차 선크림 좀 많이 출시해주면 좋겠어요.,회사들이 피부색에 맞는 틴티드 선크림 무기자차랑 유기자차를 많이 만들어줬으면 좋겠어요,1
format×attr,아이섀도우 × 단종/재출시,5,16,3.2,3,2025-11,2026-06,3,2,7,thin,젠쿨팔레트도 꼭 재출시 해주세요...,페리페라님께서 재출시해주셔야할 항목 : 넘넘체리팔레트 기분이살랑해 힙생힙사 킹뮤트라슈 제발요ㅠ,3
format×attr,툴/소품,5,13,2.6,4,2024-08,2026-06,5,4,4,thin,혹시 딴데서 파는 퍼프 중 비슷한거 없을까요?,요즘 히팅뷰러까지 굴곡도 손잡이도 다양하게나와서요ㅠㅠㅠㅠ,4
format×attr,계절/기후,5,7,1.4,2,2025-08,2026-07,5,5,5,thin,아워글라스 매트밤 출시되면 사려고 대기타고 있어용❤ 여름에는 오히려 매트가 좋더라구요,런칭혜택이 제일 클것같아서 벌써 고민되네여 8월에 여름에 나오면 좋을것같아요❤ 여름에 도움이 많이될것같아서요!!,1
format×attr,세트/기획 × 소용량/미니/휴대,5,6,1.2,3,2025-08,2026-01,5,2,6,thin,너무 기대되네요😊 혹시 기초제품들 트레블키트로 만들어 주시면 너무 좋을꺼 같아요😊,미니어처 판매했으면 좋겠다구 생각했는데 증정이라니 너무 좋은데요💕 두세트 구매합니다!!,0
format×attr,세트/기획 × 용기/패키지,4,2302,575.5,3,2024-08,2026-06,4,4,2300,narrow-strong,아이돌도 이지리스닝이 있으면 하드리스닝이 있듯이 화장품 패키지도 미니멀이 있으면 그반대도 있었으면,가벼운 패키지로 나오면 좋겠어요🙌,1
format×attr,툴/소품 × 용기/패키지,4,561,140.2,2,2023-08,2026-07,4,4,534,narrow-strong,케이스 누가 디자인하셨는지 케이스 바꿔서 다시 나와야돼요,대부분 프랑스 화장품 회사에서 케이스만 만들고 내용물은 한국꺼라고 하더라구요.,14
format×attr,블러셔 × 색상/호수 확장,4,111,27.8,3,2025-11,2026-04,4,3,70,narrow-strong,블러셔 인기 많아지면 제발 <스마일리샌드> 컬러도 부활시켜주세요,제발 맑게물든선샤인치크 7호 요거트얌얌해 재출시해주세요…… 비슷한 색상은 많지만 요거트얌얌해만의 페일한 요거트핑크 색은 없어요😭😭😭,41
format×attr,제형(스틱/쿠션/젤/밤/스프레이),4,16,4.0,4,2025-11,2026-08,4,4,12,thin,와우 방금 받아서 써봤는데 이거 제형 진짜 뭐예요~~?개좋음 화장했는데도 피부가 가벼운느낌 진짜 스며드는 것같아여!!개이뻐서 호들갑 떨어줘야함 촉촉보송이쟈냐~❤같이 손잡고 펌프형으로 출시해주세요❤브레이 보구있나~?😊 잠깐..2일차인데 이제품 쓰면 눈이 쫌 시림...,아침에 얼굴이랑 팔에 바르면 은은하게 시원해서 짱 죠음...❤ 제발 스틱으로 나왔으면.....,4
format×attr,에센스/세럼/앰플 × 제형(스틱/쿠션/젤/밤/스프레이),4,5,1.2,2,2025-08,2026-02,4,2,3,thin,주닥 에센스도나왔으면좋겠어요,레이나님 egf세럼과  egf크림도 만들어 주세요😂😂😂,2
format×attr,크림 × 지성/건성,4,5,1.2,3,2025-08,2026-07,4,2,4,thin,"여드름 지성 피부를 위한 여름, 겨울용 크림이 출시 되었으면 좋겠네요",저는 시어버터가 잘 맞지않는 지성 피부라 레이어랩 크림 너무 써보고싶은데 아쉬워여🥹 혹시 다음에는 시어버터가 없는 보습크림이 나왔으면 좋겠습니다!!,1
format×attr,립틴트/립스틱 × 제형(스틱/쿠션/젤/밤/스프레이),4,4,1.0,2,2023-08,2026-04,4,2,2,thin,미스트 립밤도 만들어주세요 ㅎ 저는 클렌징부터 화장마무리까지 다,국내에도 레이지 립스틱이랑 비슷한 모델 팔아요!,2
format×attr,프라이머/베이스 × 제형(스틱/쿠션/젤/밤/스프레이),4,3,0.8,1,2025-08,2025-09,4,2,3,thin,민감피부가 사용할수있는 비비크림도 만들어주세요~~,비비크림도 꼭 나왔으면 좋겠어요🥺,0
format×attr,톤업,3,96,32.0,1,2025-08,2026-05,2,2,91,narrow-strong,백화점 톤업선도..만들어주세요ㅜㅜ,신기신기 톤업메이크업 치면 파데프리템만 나와서 아쉬웠는데 언니한테 선물받은거가타요..,5
format×attr,아이라이너/마스카라/브로우,3,13,4.3,1,2021-08,2026-01,3,3,9,thin,에뛰드 파워래쉬 속눈썹 세럼 블랙도 나왔으면 좋겠어요!!!,저땐 에뛰드에 마스카라 안 팔았었나?,3
format×attr,올인원,3,7,2.3,3,2025-11,2026-05,3,2,4,thin,제이나님 남자 올인원이나 포맨 라인도 만들어주세요!,올인원 마사지만 숏츠로 만들어주세요🩷,3
format×attr,에센스/세럼/앰플 × 세트/단품 구성,3,6,2.0,1,2025-08,2026-02,3,2,6,thin,가벼운 세럼이 따로 나오지는 않지요??,이번 앰플도 출시되면 꼭 사용해볼 거 같고 쿨링 세트로 사용하면 너무 든든할 거 같아요,0
format×attr,크림 × 대용량,3,5,1.7,1,2025-08,2026-01,3,1,5,thin,레이어랩의 콜세지 크림이 저에겐 1등크림이에요^^ 큰용량으로 출시되면 너무좋겠어요,아 그리고 혹시 크림도 대용량 출시계획 있으신가요?ㅎㅎ,0
format×attr,쿠션 × 리필,3,2,0.7,2,2025-12,2026-06,3,3,2,thin,파인피토뮤신 세럼 쿠션은 본품만 있던데 리필도 출시되면 좋겠습니다!!,근데 쿠션리필 따로팔앗으면좋겟음 ㅠㅠㅠㅠㅠ,0
format×attr,컨실러,3,2,0.7,2,2025-08,2026-01,3,3,2,thin,혹시 쓰신 컨실러와 비슷한 컨실러는 없을까요?ㅠㅠ,롬앤에서 쫀득촉촉한 질감의 컨실러 하나만 내주시면 안 될까요?,0
format×attr,바디 × 부위(목/바디/두피/눈가),3,2,0.7,1,2024-08,2026-08,3,3,2,thin,바디용 있는 거 첨봐용...,바디용이 따로 없어서 얼굴용이나 디바이스 이용해서 마사지 했었는데 획기적인 제품이 나왔네요!,0
format×attr,헤어스타일링,3,2,0.7,1,2024-08,2026-06,2,2,2,thin,디파님은 어떤걸쓰시나요…염색제도 만들어주세요,제일 좋은건 염색을 아예 안하는거지만 저희 엄마는 늙어보이면 밀려서 일자리 잃을까봐 하시는 것도 있다고 하셨고 덜 나이들어보이고 싶으신 맘도 있으실테니 언젠가 더 좋은 제품이 나오길 바라고 있어요.,0
format×attr,파우더,3,1,0.3,3,2026-01,2026-07,3,3,1,thin,바르고 자도되는 파우더 나오면 좋겠다...,젤리와 파우더 블러셔를 함께 사용할 수 있는 팔레트가 나오면 좋울 것 같아요-!,0
format×attr,툴/소품 × 세트/단품 구성,3,1,0.3,2,2026-04,2026-06,2,2,1,thin,ㅈㅣ방시 너무 좋은데 퍼프만 따로 판매를 안해요...,피카소 퍼프 진짜 좋은데 따로 팔거나 하지 않나봐요ㅠㅠㅠ,0
format×attr,에센스/세럼/앰플 × 단종/재출시,3,0,0.0,3,2025-11,2026-08,3,3,0,thin,부엌까지 다시 나와야 한다는게 살짝 불편했답니다😢 그래도 제 가장  큰 피부고민이 잡티 어두운 안색이었기에 불편함을 감수하고 코스알엑스 비타민씨 세럼을 사용했던 것이었거든요😊 미니 냉장고를 받게 된다면 더욱더 편안하게 코스알엑스 비타민씨 세럼을 사용할 수 있을거 같아요❤❤,라네즈 스무디 메이크업 세럼은 절대 단종되면 안 돼요,0
format×attr,쿠션 × 지성/건성,2,251,125.5,2,2026-02,2026-06,2,2,251,narrow-strong,"언니 직장인트루버를 위해서 어느정도 커버력있으면서 아침에 30초만에 바르고 나갈 수 있는 휘뚤마뚤 수부지 쿠션 없을까효,,,,, 잠을 선택하고 화장을 포기하는 트루버는 나밖에 없는것....?",세미매트에 건성이 쓸만한 쿠션은 없을까요?,0
format×attr,토너/스킨 × 가격/가성비,2,108,54.0,1,2025-08,2026-08,2,2,103,narrow-strong,스킨수티컬즈 특허 끝났는데 똑같이 얼른 카피 제품들이 저렴하게 얼른 많이 나왔으면 좋겠네요.,올영에선 스킨들 사기 저한텐 너무 비싸서 고민이 많이 되는데 다이소에서 저렴하게 판매해주니 사보고 싶네요!!,5
format×attr,선스틱 × 무기자차/유기자차,2,108,54.0,0,2025-08,2025-08,1,1,97,narrow-strong,무기자차 선스틱은 없나요ㅠ?,무기자차 선스틱은 없나요?,11
format×attr,토너/스킨 × 제형(스틱/쿠션/젤/밤/스프레이),2,87,43.5,2,2026-02,2026-08,2,2,87,narrow-strong,피지연화제 제품 만드는 회사들은 액체로만 팔지말고 토너패드 제형에 뒷부분은 플라스틱으로 해서 밴드 붙이는 것 처럼 한번에 붙이고 뗄 수 있는 제품 만들면 좋겠네요.,"세트로 쓰게 스킨, 로션도 만들어주세요!",0
format×attr,선크림 × 색상/호수 확장,2,62,31.0,2,2026-03,2026-07,2,2,43,narrow-strong,베이지색 파데프리 선크림도 출시 되었으면 좋겠어요.,LG 생활건강 케어존 닥터솔루션 마일드 핑크 톤업 선크림 다시 출시해라고!!!!!!!!!!!!,19
format×attr,툴/소품 × 리필,2,52,26.0,2,2026-05,2026-08,2,2,52,narrow-strong,퍼프도 개별판매 해주시는 만큼 나중에 리필만 개별판매도 열어주세요,리필 퍼프가 없어서 아쉽고 따로 판매하지도 않는거 같아서 그건 너무 아쉬움요^^,0
format×attr,샴푸/린스/트리트먼트 × 부위(목/바디/두피/눈가),2,33,16.5,2,2026-05,2026-06,2,2,33,narrow-strong,만약에 이거 잘 되면 물 들어올 때 노 젓는 마음으로 두피 토닉도 같이 나오면 좋겠어요.,"안 그래도 친구를 위해 직접 두피 케어 오일도 만들어서 선물하려고 준비 중이었는데, 이 제품까지 같이 선물할 수 있게 된다면 정말 최고일 거예요!",0
format×attr,파우더 × 국내출시/입점/유통,2,18,9.0,1,2026-06,2026-06,2,2,16,thin,레몬 파우더 정식 출시 제발..🙏🏻,근데 한국에도 스킨케어하고 쓸 수 있는 파우더가 나온대!!,2
format×attr,선크림 × 톤업,2,11,5.5,2,2026-03,2026-04,2,2,9,thin,"안답답하고(최고중요) 톤보정되는 선크림, 톤업크림 컨첸츠 만들어 주시면 너무 감사할거 같아여 👉🏻❤👈🏻",다음엔 꼭 성분도 좋고 세정도 잘되면서 피부도 좋아지고 톤도 결도 잡티까지 커버되는 만능 톤업선크림 꼭 만들어주세요,2
format×attr,립틴트/립스틱 × 기능(지속/커버/보습/미백 등),2,11,5.5,1,2026-01,2026-01,1,1,11,thin,"색감 위주도 좋지만, 진짜로 립을 보호해주거나 보습력이 어마어마한 제품도 있었으면 해요.",저는 롬앤은 립맛집이니까 지속력이 강하면서 촉촉하게 광택도 올라오는 틴트타입이 나오면 좋을것같아요~~~,0
format×attr,샴푸/린스/트리트먼트 × 지성/건성,2,8,4.0,2,2025-09,2026-05,2,2,7,thin,지성두피 + 냄새제거 + 탈모예방 샴푸는 없을까요?,지성두피라 스케일러 이것저것 써봤는데 이번 티트리 PDRN 두피 스케일러는 진짜 기대돼요 🌿 앞으로도 이렇게 소비자 입장에서 고민한 제품 많이 만들어주세요!,1
format×attr,향수 × 향,2,5,2.5,1,2025-08,2025-12,2,2,3,thin,언젠가 뵙게되면 천연향으로 자신에게 맞는 룸스프레이도 만들어드리고 오일을 섭취하고 바르고 피부에 좋은 오일들등등 ..,제발 로에베 토마토 향수도 나왔으면 좋겠어요~제이나님과 같은 취향이 많았는데 로에베까지!!,2
format×attr,선크림 × 단종/재출시,2,5,2.5,1,2025-08,2025-11,2,2,5,thin,라운드어라운드 카밍선크림 진짜 제가 사고싶었던 모든 조건을 만족하는 단하나의 유일한 선크림이다!!!!!싶었는데 자사몰(네이버)들어가니 q&a중에 단종이라 재출시 없다는데ㅠㅠㅠㅠㅠ,미샤선크림소프트피니시 : 어떤분이 단종되면 안된다고 난리치며 써보라고 해서 쓰는데 나도 주변에 단종되면 안된다고 난리치고 있음.,0
format×attr,하이라이터/쉐이딩 × 제형(스틱/쿠션/젤/밤/스프레이),2,4,2.0,2,2026-01,2026-05,2,2,3,thin,총알 모양 립스틱으로 SNS에서 잠시 보였었던 k-브랜드인데 하이라이터도 출시했었더라구요!!,롬앤 특유의 맑고 깨끗한 무드를 그대로 살린 하이라이터 스틱이 출시되면 데일리 메이크업에서 정말 자주 손이 갈 것 같아요,1
format×attr,세트/기획 × 무기자차/유기자차,2,2,1.0,1,2026-03,2026-03,1,1,2,thin,또한 무기자차 제품만 1개짜리로 살 수 있는 구성은 없을까요?,무기자차단품구성도 만들어주세요,0
format×attr,프라이머/베이스 × 단종/재출시,2,2,1.0,2,2026-01,2026-06,2,2,2,thin,"화장하고 나서 베이스,생기템으로 사용 얼터너티브- 립 포션(8호 누몬드) 채도 눌러줄 때 사용하거나 단독으로는 눈화장이 진하면 어울림 페리페라- 잉크무드 스틱(12호 힙생힙사) 부활했으니 사지 못한 뮤트러들은 당장 가(킹뮤트라슈도 재출시 했으면..) 뮤드-엔젤 허그 글레이즈(101호 웜",설화수에서 최근에 비비크림에 재출시 되었는데 그 제품들도 성분 궁금해요!!,0
format×attr,선크림 × 대용량,2,1,0.5,2,2026-01,2026-03,2,2,1,thin,평소 선크림만 바르고 다니는데 대용량 선세럼도 출시해주세요,유기자차 선크림 대용량도 만들어 주세용!!❤,0
format×attr,선크림 × 국내출시/입점/유통,2,1,0.5,2,2026-05,2026-08,2,2,1,thin,한국에 있는 선크림으론 기미잡티 해결못함  자외선 파장중 가장긴  uva 막는 선크림없음 표기법pa++++로 표시되지만 수치로는 16 인데  유럽기준 표기법ppd를 적용해도 미달임  30이상값이 나와야 기미에 효과를보는데 그렇지못함 uva가 왜 중요하냐면 이놈은 피부속 진피까지 뚫고 들,선크림 공식몰에는 솔드아웃 올영에도없고 판매하는곳 찾기 힘드네요  ㅠㅠ,0
format×attr,쿠션 × 기능(지속/커버/보습/미백 등),2,1,0.5,2,2025-10,2026-01,2,2,1,thin,평소 프레시안 쿠션은 촉촉한데 밀착력도 좋아서 정말 잘 쓰고 있었는데 이번에 프라이머까지 출시됐다니 너무 설레요🥹✨ 특히 오일리하지 않으면서도 매끄럽게 결을 정돈해준다는거보고 바로 제 고민 해결템이라는 확신이 들었어요!,커버력을 조금만 더 높여서 투명한 느낌의 쿠션 or 파데 만들어주시면 너무 좋을 것 같아요!!,0
format×attr,로션/에멀전,2,1,0.5,0,2025-08,2025-08,2,2,1,thin,아이가 쓸만한 로션 없을까요?,저번에도 말씀드렸는데 바디제품 워시랑 로션 꼭 만들어주세요,0
format×attr,선스틱,2,1,0.5,1,2025-08,2026-04,2,2,1,thin,썬스틱 버젼도 하나 추가해서 만들어주세요,검은 옷에 안 묻는 선스틱 없을까요??,0
format×attr,선쿠션,2,1,0.5,2,2026-01,2026-02,2,2,1,thin,선쿠션을 사려고 하는데 제이나님이 만들어주시면 고민도 안하고 바로 겟할 거 같은데 없어서 아쉬워욧🥺,자외선 차단지수 높은 선쿠션 만들어주시면 좋겠어요!,0
format×attr,프라이머/베이스 × 톤업,2,1,0.5,2,2026-05,2026-07,2,2,1,thin,우와 톤업크림 얼릉 출시해주세여ㅜㅜㅜ!!,저에게서 톤업크림을 떼어내주길........ㅠ,0
format×attr,아이섀도우 × 세트/단품 구성,2,0,0.0,2,2025-09,2026-01,2,2,0,thin,가을인데도 가을딥 팔레트 신상으로 내주는 데가 삐아밖에 없어서 꼭 본품을 내주면 좋겠다는 마음...,쉐딩 스틱->쉐딩 팔레트 요렇게 롬앤 세트로 묶어서 출시해주세용 ㅎㅎ,0
format×attr,파운데이션 × 단종/재출시,2,0,0.0,2,2026-06,2026-08,2,1,0,thin,라네즈는 뭔가 요철부각이 좀 있었던 느낌 왜 라네즈 파데가 단종이 되었는지...에휴 그게 조금 더 화사하게 나왔으면 딱 좋았을 것을,헤라블랙 커버핏 파데 단종 재출시 됬어요,0
format×attr,클렌징 × 소용량/미니/휴대,2,0,0.0,0,2025-08,2025-08,1,1,0,thin,말나온 김에 클렌징오일도 여행용 사이즈로………..만들어주세요.,안 그래도 여행갈 때 레이어랩 클렌징폼 작은 사이즈가 없어서 아쉬웠었거든요.,0
format×attr,이너뷰티 × 세트/단품 구성,2,0,0.0,0,2025-08,2025-08,2,1,0,thin,"다음에는 비타민C,  나이아신아마이드, 레티놀, 판티놀 이렇게 세트로도 나왔으면 좋겠어요!!!",비타민 C 3개 묶음 으로 판매해주세요~,0
format×attr,파우더 × 색상/호수 확장,2,0,0.0,1,2026-01,2026-01,1,1,0,thin,저 바인누드를 정말 오랫동안 잘 사용해왔는데 기존 파우더 치크 색상의 알치크버전도 나오면 좋을것 같아요!,립 에센스인데 MLBB 색이 약간 들어가있는 제품 나왔으면 좋겠어요^^ 그리고 요즘 얼굴 화사하게 해주는 라벤더 파우더에 빠졌고 요즘 유행인데 이것도 롬앤에서 출시됏으면 좋겟어용❤❤,0
format×attr,하이라이터/쉐이딩,2,0,0.0,1,2026-01,2026-01,1,1,0,thin,롬앤만의 맑고 자려한 느낌의 하이라이터 나오면 좋겠어요,"털어유 기다렸는데 롬앤 나오다닝💞 롬앤에서 글로우,하이라이터 밤 라인 출시해주세여~~~",0
format×attr,세트/기획 × 색상/호수 확장,2,0,0.0,1,2025-08,2026-01,2,2,0,thin,구성이 두컬러로 보이던데 웜톤인들을 위해 피그라인도 가능하다면 나오면 좋을거 같아요,라카 요번에 패키지두 더 예뻐지고 컬러두 폭 넓게 다양하게 나오구 특히 !!,0
format×attr,파우더 × 제형(스틱/쿠션/젤/밤/스프레이),2,0,0.0,1,2026-02,2026-02,2,2,0,thin,제형으로 파우더도 나오면 좋겠다🤤,바이유어 파우더도 얼른 출시됐으면 ~~,0
format×attr,뷰티디바이스,2,0,0.0,0,2025-08,2025-08,2,2,0,thin,톰이 그렇게 좋은가했는데 기기도 만들고 찬스님이 광고도 한다고?,색소 디바이스도 후기 만들어주세요 ㅠㅠ,0
format×attr,크림 × 가격/가성비,2,0,0.0,0,2020-08,2025-08,2,2,0,thin,저렴한 수분 크림은 없을까요?,"귀여운 곰돌이 타입의 미남이세요.일본이나 미국은 올인원이 대세라서 올인원 클렌져,자외선 차단 데이크림,나이트크림 이 정도로만 하던데...선생님이 직접 효과와 성분좋고 가격착한 화장품을 만들어 팔아주세요",0
format×attr,아이섀도우 × 가격/가성비,1,3100,3100.0,0,2021-08,2021-08,1,1,3100,narrow-strong,기한 지킬 수 있게 섀도우 이런거 작게 만들고 가격도 낮춰주면 좋겠다ㅠㅠㅠㅠ,기한 지킬 수 있게 섀도우 이런거 작게 만들고 가격도 낮춰주면 좋겠다ㅠㅠㅠㅠ,3100
format×attr,아이크림 × 단종/재출시,1,105,105.0,1,2026-03,2026-03,1,1,105,narrow-strong,확실히 일본은 베스트 제품이 단종되지 않고 오래 나오는거 같아요 ipsa 소피나 두유 이소플라본 아이크림 ...모두 저 대학생때부터 유명했고 제가  25년전 일본 처음 갔을때부터 샀었던 제품들이에요 ^^  그땐 일본화장품이 아주 유명했고  드럭상품이던 백화점 제품이건 한국제품과는 퀄 이,확실히 일본은 베스트 제품이 단종되지 않고 오래 나오는거 같아요 ipsa 소피나 두유 이소플라본 아이크림 ...모두 저 대학생때부터 유명했고 제가  25년전 일본 처음 갔을때부터 샀었던 제품들이에요 ^^  그땐 일본화장품이 아주 유명했고  드럭상품이던 백화점 제품이건 한국제품과는 퀄 이,105
format×attr,아이섀도우 × 국내출시/입점/유통,1,101,101.0,1,2025-12,2025-12,1,1,101,narrow-strong,제발 한국에서도 이런 딥 팔레트 많이 나왔으면 좋겠어요🤎,제발 한국에서도 이런 딥 팔레트 많이 나왔으면 좋겠어요🤎,101
format×attr,헤어스타일링 × 단종/재출시,1,61,61.0,1,2025-11,2025-11,1,1,61,narrow-strong,물론 출시 당시에는 마이너해서 단종 할 수 밖에 없었다지만 요즘같은 대 모카무스 시대에 반드시 다시 출시해야한다고 생각합니다.,물론 출시 당시에는 마이너해서 단종 할 수 밖에 없었다지만 요즘같은 대 모카무스 시대에 반드시 다시 출시해야한다고 생각합니다.,61
format×attr,세트/기획 × 향,1,59,59.0,0,2025-08,2025-08,1,1,59,narrow-strong,3월에 출시하실 레티놀은 혹시 샘플지를 한두개 넣어서 판매해주실 의향은 없을까요ㅠ?,3월에 출시하실 레티놀은 혹시 샘플지를 한두개 넣어서 판매해주실 의향은 없을까요ㅠ?,59
format×attr,뷰티디바이스 × 순함/민감/임산부/아기,1,57,57.0,1,2026-04,2026-04,1,1,57,narrow-strong,아기기니 노마님 진차 귀여우시다•• 롱폼도 많이 만들어주세요🥹👼🏻,아기기니 노마님 진차 귀여우시다•• 롱폼도 많이 만들어주세요🥹👼🏻,57
format×attr,이너뷰티 × 소용량/미니/휴대,1,23,23.0,1,2026-05,2026-05,1,1,23,narrow-strong,비타민C도 작은용량 있으면 좋겠어요.,비타민C도 작은용량 있으면 좋겠어요.,23
format×attr,프라이머/베이스 × 무향,1,22,22.0,1,2026-08,2026-08,1,1,22,narrow-strong,"민감 극건성이라 애기때부터 화장품이나 성분에 관심 많았는데, 90년대부터 아이오페 레티놀 2500 있았던 기억이...무향의 무실리콘 수분베이스 세럼으로 만들어주면 얼마나 좋을까","민감 극건성이라 애기때부터 화장품이나 성분에 관심 많았는데, 90년대부터 아이오페 레티놀 2500 있았던 기억이...무향의 무실리콘 수분베이스 세럼으로 만들어주면 얼마나 좋을까",22
format×attr,선크림 × 향,1,16,16.0,1,2026-06,2026-06,1,1,16,narrow-strong,잠티님 선크림을 퍼프로 발라도 자외선 차단 지수에 영향은 없을까요 ??,잠티님 선크림을 퍼프로 발라도 자외선 차단 지수에 영향은 없을까요 ??,16
format×attr,헤어스타일링 × 기능(지속/커버/보습/미백 등),1,14,14.0,1,2026-06,2026-06,1,1,14,narrow-strong,새치염색도 좀 색 이쁘게 잘나오면 좋겠어요.,새치염색도 좀 색 이쁘게 잘나오면 좋겠어요.,14
format×attr,샴푸/린스/트리트먼트 × 단종/재출시,1,9,9.0,1,2025-09,2025-09,1,1,9,thin,단종 안되게 앞으로 더더 잘됐으면 좋겠어요🎉 이 샴푸로 저는 정착한지 오래거든요!,단종 안되게 앞으로 더더 잘됐으면 좋겠어요🎉 이 샴푸로 저는 정착한지 오래거든요!,9
format×attr,마스크팩 × 제형(스틱/쿠션/젤/밤/스프레이),1,8,8.0,0,2025-08,2025-08,1,1,8,thin,팩클렌저 개인적으로 튜브타입으로 나와줬으면 좋겠음 ㅜㅜㅜ,팩클렌저 개인적으로 튜브타입으로 나와줬으면 좋겠음 ㅜㅜㅜ,8
format×attr,쿠션 × 순함/민감/임산부/아기,1,8,8.0,1,2026-06,2026-06,1,1,8,thin,"저는 수부지에 약간 민감성 피부여서 세미매트 제형의 쿠션을 선호하는데요, 쿠션의 원조라고 할 수 있는 아이오페쿠션부터 시작해서 클리오 킬커버(컨실쿠션, 파운웨어, XP, 파운웨어 올뉴 등등), 라네즈쿠션, 조성아쿠션(대왕쿠션 그외 등등), 에스쁘아, 파넬쿠션, 헤라 블랙쿠션, 지금은 단","저는 수부지에 약간 민감성 피부여서 세미매트 제형의 쿠션을 선호하는데요, 쿠션의 원조라고 할 수 있는 아이오페쿠션부터 시작해서 클리오 킬커버(컨실쿠션, 파운웨어, XP, 파운웨어 올뉴 등등), 라네즈쿠션, 조성아쿠션(대왕쿠션 그외 등등), 에스쁘아, 파넬쿠션, 헤라 블랙쿠션, 지금은 단",8
format×attr,선쿠션 × 톤업,1,7,7.0,1,2026-02,2026-02,1,1,7,thin,톤업 선쿠션도 만들어주세요...ㅠㅠㅠㅠ,톤업 선쿠션도 만들어주세요...ㅠㅠㅠㅠ,7
format×attr,선크림 × 기능(지속/커버/보습/미백 등),1,5,5.0,1,2026-08,2026-08,1,1,5,thin,단이님 ♡~선크림에 비비크림 두개의 효능을 가진  맑은 피부 표현되는  커버력있는 제품 만들어주세요,단이님 ♡~선크림에 비비크림 두개의 효능을 가진  맑은 피부 표현되는  커버력있는 제품 만들어주세요,5
format×attr,토너/스킨 × 지성/건성,1,5,5.0,1,2025-12,2025-12,1,1,5,thin,지성인데 크림이 겉돌고 흡수가 안되더라구요… 예전에 같은 쑥라인에 스킨미스트가 있었는데 그건 수분 충전용으로 정말 잘썼거늘 리뉴얼 되면서 그건 사라지고 미스트가 따로 출시됐는데 오히려 더 건조해지더라구요… 아쉬운 라인😢,지성인데 크림이 겉돌고 흡수가 안되더라구요… 예전에 같은 쑥라인에 스킨미스트가 있었는데 그건 수분 충전용으로 정말 잘썼거늘 리뉴얼 되면서 그건 사라지고 미스트가 따로 출시됐는데 오히려 더 건조해지더라구요… 아쉬운 라인😢,5
format×attr,블러셔 × 세트/단품 구성,1,5,5.0,1,2026-04,2026-04,1,1,5,thin,쉬어 멀티 팔레트에 있는 치크밤만 따로 팔았으면 정말 좋겠다ㅠㅠㅠ,쉬어 멀티 팔레트에 있는 치크밤만 따로 팔았으면 정말 좋겠다ㅠㅠㅠ,5
format×attr,세트/기획 × 국내출시/입점/유통,1,4,4.0,1,2025-11,2025-11,1,1,4,thin,생각했는데 미국은 더 미쳤네요🥹 한국에도 제발 본품 내주세요.....ㅠㅠㅠㅠㅠ,생각했는데 미국은 더 미쳤네요🥹 한국에도 제발 본품 내주세요.....ㅠㅠㅠㅠㅠ,4
format×attr,크림 × 국내출시/입점/유통,1,4,4.0,1,2026-07,2026-07,1,1,4,thin,라로는 화학필터 녹이기 위해서 변성알코올이 들어가있지만  세라마이드 판테놀성분 장벽크림 바르면 알코올로 인한 수분을 어느정돈 방어할수 있고  이제품이 해외직구로 사던걸 올영에 입점해서 살수있는건 큰행운임,라로는 화학필터 녹이기 위해서 변성알코올이 들어가있지만  세라마이드 판테놀성분 장벽크림 바르면 알코올로 인한 수분을 어느정돈 방어할수 있고  이제품이 해외직구로 사던걸 올영에 입점해서 살수있는건 큰행운임,4
format×attr,데오,1,4,4.0,1,2026-04,2026-04,1,1,4,thin,언니 데오드란트 가렵거나 그런거 없나요?,언니 데오드란트 가렵거나 그런거 없나요?,4
format×attr,이너뷰티 × 대용량,1,4,4.0,1,2026-01,2026-01,1,1,4,thin,열씨미 바르고 먹는영양제 비타민c도  용량 늘려서 잘 챙겨먹어 봐야 겠네요,열씨미 바르고 먹는영양제 비타민c도  용량 늘려서 잘 챙겨먹어 봐야 겠네요,4
format×attr,선크림 × 세트/단품 구성,1,3,3.0,0,2025-08,2025-08,1,1,3,thin,다음에는 선세럼+스킨핏 구성도 만들어주세용 ㅠ,다음에는 선세럼+스킨핏 구성도 만들어주세용 ㅠ,3
format×attr,샴푸/린스/트리트먼트 × 대용량,1,3,3.0,1,2026-05,2026-05,1,1,3,thin,아무래도 두피에 직접 도포하기 위해 적게 나온거같은데..대용량도 나중에 있으면 좋겠어요...🫶🏻🥹,아무래도 두피에 직접 도포하기 위해 적게 나온거같은데..대용량도 나중에 있으면 좋겠어요...🫶🏻🥹,3
format×attr,토너/스킨 × 계절/기후,1,2,2.0,1,2025-12,2025-12,1,1,2,thin,혹시 여름에 사용하면 좋을 끈적임없는 토너 없을까요?,혹시 여름에 사용하면 좋을 끈적임없는 토너 없을까요?,2
format×attr,선크림 × 부위(목/바디/두피/눈가),1,2,2.0,1,2026-07,2026-07,1,1,2,thin,바디용으로 나온 선크림은 따로 없나요?,바디용으로 나온 선크림은 따로 없나요?,2
format×attr,쿠션 × 계절/기후,1,2,2.0,1,2026-06,2026-06,1,1,2,thin,여름용 대체 쿠션 없을까요??,여름용 대체 쿠션 없을까요??,2
format×attr,필링/스크럽 × 지성/건성,1,2,2.0,0,2025-08,2025-08,1,1,2,thin,헐 건성인데 맨날 각질나오길래 각질제거템만 썼었는데 그게 건조해서 그런거라니....,헐 건성인데 맨날 각질나오길래 각질제거템만 썼었는데 그게 건조해서 그런거라니....,2
format×attr,클렌징 × 단종/재출시,1,2,2.0,1,2026-07,2026-07,1,1,2,thin,어쩐즤… 안그래도 사볼려고 민트리 리무버 검색해도 구매를 할 수 없어서 이상했는데 단종템이었다가 다시 부활하군요!,어쩐즤… 안그래도 사볼려고 민트리 리무버 검색해도 구매를 할 수 없어서 이상했는데 단종템이었다가 다시 부활하군요!,2
format×attr,파운데이션 × 향,1,2,2.0,1,2025-11,2025-11,1,1,2,thin,개인적으로 재구매 앞으로도 계속 해야겠다싶은 제품은 클렌징오일(고급스러운 향이랑 사용감 세정력 전부 좋아요) 파데바를 때만 클오쓰고 보통 클밀 쓰는데 클렌징밀크도 나오면 좋겠어요!,개인적으로 재구매 앞으로도 계속 해야겠다싶은 제품은 클렌징오일(고급스러운 향이랑 사용감 세정력 전부 좋아요) 파데바를 때만 클오쓰고 보통 클밀 쓰는데 클렌징밀크도 나오면 좋겠어요!,2
format×attr,쿠션 × 무기자차/유기자차,1,2,2.0,0,2025-08,2025-08,1,1,2,thin,쿠션 무기자차도 나왔으면ㅋ,쿠션 무기자차도 나왔으면ㅋ,2
format×attr,세트/기획 × 단종/재출시,1,1,1.0,1,2026-06,2026-06,1,1,1,thin,세트로 산 나 자신 엄청 칭찬해요~😂 단종 안 되고 계속 나왔으면 좋겠어요~!!,세트로 산 나 자신 엄청 칭찬해요~😂 단종 안 되고 계속 나왔으면 좋겠어요~!!,1
format×attr,에센스/세럼/앰플 × 용기/패키지,1,1,1.0,1,2026-01,2026-01,1,1,1,thin,순스비타민씨 17% + 기미색소 침착 세럼 + 트리플레티놀 세럼 패키지도 17%출시때 꼭 패키지 만들어주세여!!!❤,순스비타민씨 17% + 기미색소 침착 세럼 + 트리플레티놀 세럼 패키지도 17%출시때 꼭 패키지 만들어주세여!!!❤,1
format×attr,파운데이션 × 지성/건성,1,1,1.0,1,2026-03,2026-03,1,1,1,thin,건성이 겨울에 사용해도 좋은 글로우 파데 없을까요?,건성이 겨울에 사용해도 좋은 글로우 파데 없을까요?,1
format×attr,하이라이터/쉐이딩 × 색상/호수 확장,1,1,1.0,1,2026-01,2026-01,1,1,1,thin,5구 쉐딩 하이라이터 색상 단독출시 원해요,5구 쉐딩 하이라이터 색상 단독출시 원해요,1
format×attr,크림 × 색상/호수 확장,1,1,1.0,1,2026-01,2026-01,1,1,1,thin,크림컵 플래쉬팟 같은 찐 라이트 컬러도 나왔으면 좋겠어요ㅠㅠ,크림컵 플래쉬팟 같은 찐 라이트 컬러도 나왔으면 좋겠어요ㅠㅠ,1
format×attr,미스트 × 국내출시/입점/유통,1,1,1.0,1,2026-02,2026-02,1,1,1,thin,@daasoo-r5m 더블유 드레스룸 바디미스트도 다이소에 입점해있음,@daasoo-r5m 더블유 드레스룸 바디미스트도 다이소에 입점해있음,1
format×attr,마스크팩 × 리필,1,1,1.0,1,2026-04,2026-04,1,1,1,thin,형닙 비구룸에서 제품 판매하실때나 막안ㄴ남 하실때 리필팩으로 팔아주실수 있나요,형닙 비구룸에서 제품 판매하실때나 막안ㄴ남 하실때 리필팩으로 팔아주실수 있나요,1
format×attr,클렌징 × 대용량,1,1,1.0,0,2025-08,2025-08,1,1,1,thin,레이어랩에서도 랑벨처럼 클렌징 잘되는 클렌징 오일 대용량으로 만들어 주세요!!!!,레이어랩에서도 랑벨처럼 클렌징 잘되는 클렌징 오일 대용량으로 만들어 주세요!!!!,1
format×attr,컨실러 × 색상/호수 확장,1,1,1.0,1,2026-03,2026-03,1,1,1,thin,전21호 옐로톤 여뮤인데 브랜컬러도 좀 밝아서 한 단계 어두운 컬러 만들어주심 좋을 것 같아요🥹 커버력은 중하라 두번 스파출라로 얇게 덧발라서 퍼프로 두들기면 꽤나 괜찮고 나머지는 컨실러로 스팟커버해주면 좋아요.,전21호 옐로톤 여뮤인데 브랜컬러도 좀 밝아서 한 단계 어두운 컬러 만들어주심 좋을 것 같아요🥹 커버력은 중하라 두번 스파출라로 얇게 덧발라서 퍼프로 두들기면 꽤나 괜찮고 나머지는 컨실러로 스팟커버해주면 좋아요.,1
format×attr,이너뷰티 × 기능(지속/커버/보습/미백 등),1,1,1.0,0,2025-08,2025-08,1,1,1,thin,베리홉 순수비타민C 라인도 미백 효과 좋은데 나중에 가능하시면 후기 부탁드립니다~!,베리홉 순수비타민C 라인도 미백 효과 좋은데 나중에 가능하시면 후기 부탁드립니다~!,1
format×attr,선크림 × 지성/건성,1,1,1.0,0,2025-08,2025-08,1,1,1,thin,수부지 썬크림 세정잘되는 제품없나요!???,수부지 썬크림 세정잘되는 제품없나요!???,1
format×attr,쿠션 × 세트/단품 구성,1,1,1.0,1,2026-06,2026-06,1,1,1,thin,오에라쿠션 단품 없나보당?,오에라쿠션 단품 없나보당?,1
format×attr,미스트 × 소용량/미니/휴대,1,1,1.0,1,2026-08,2026-08,1,1,1,thin,요즘 쓰다보니 드는 생각인데 미스트 휴대용 사이즈 한 30ml 짜리도 나오면 파우치 넣고 다니면서 밖에서 쓰기도 좋을 것 같아요~!!,요즘 쓰다보니 드는 생각인데 미스트 휴대용 사이즈 한 30ml 짜리도 나오면 파우치 넣고 다니면서 밖에서 쓰기도 좋을 것 같아요~!!,1
format×attr,립틴트/립스틱 × 소용량/미니/휴대,1,1,1.0,1,2026-05,2026-05,1,1,1,thin,립스틱 이 느낌으로 나오면 좋겠다했는데 포켓몬…??,립스틱 이 느낌으로 나오면 좋겠다했는데 포켓몬…??,1
format×attr,쿠션 × 향,1,1,1.0,1,2026-08,2026-08,1,1,1,thin,"21호와 23호 사이의 22호, 그 중에서도 [22M] 호수를 내주시면 좋겠어요 💞💞💚💚💚 M = Muted로 밝기는 22호인데 채도가 낮은 베이지로 만들어주세요 >_< 보통 쿠션들 보면 핑크/옐로우 베이스, 혹은 웜/쿨로 색의 방향을 많이 나누시는데 실제로 저나 제 주변을 보면 색이 ","21호와 23호 사이의 22호, 그 중에서도 [22M] 호수를 내주시면 좋겠어요 💞💞💚💚💚 M = Muted로 밝기는 22호인데 채도가 낮은 베이지로 만들어주세요 >_< 보통 쿠션들 보면 핑크/옐로우 베이스, 혹은 웜/쿨로 색의 방향을 많이 나누시는데 실제로 저나 제 주변을 보면 색이 ",1
format×attr,크림 × 세트/단품 구성,1,1,1.0,1,2025-11,2025-11,1,1,1,thin,콜세지크림1 + 판테놀크림1  구성도 만들어주시면 좋겠어용 🩷🩷,콜세지크림1 + 판테놀크림1  구성도 만들어주시면 좋겠어용 🩷🩷,1
format×attr,토너/스킨 × 기능(지속/커버/보습/미백 등),1,1,1.0,0,2025-08,2025-08,1,1,1,thin,여드름용 토너나 앰플도 만들어주세요~,여드름용 토너나 앰플도 만들어주세요~,1
format×attr,필링/스크럽,1,0,0.0,1,2026-02,2026-02,1,1,0,thin,근데 건조 각질이 많아서  그거  보안해서 나오면 좋겠네요,근데 건조 각질이 많아서  그거  보안해서 나오면 좋겠네요,0
format×attr,로션/에멀전 × 계절/기후,1,0,0.0,1,2026-08,2026-08,1,1,0,thin,워낙에 다르긴 하지만 모낭염은 습한 환경을 만들어주지 않는 게 되게 중요하다고 의사 쌤이 모낭염 심할 때 연고랑 로션 하나 정도만 바르라고 했었어요,워낙에 다르긴 하지만 모낭염은 습한 환경을 만들어주지 않는 게 되게 중요하다고 의사 쌤이 모낭염 심할 때 연고랑 로션 하나 정도만 바르라고 했었어요,0
format×attr,토너/스킨 × 색상/호수 확장,1,0,0.0,1,2026-03,2026-03,1,1,0,thin,셀퓨전씨 스킨 블레미쉬 밤 인텐시브도 옛날부터 유명했는데 컬러도 다양해지고 패키지도 깔끔해져서 기대돼요,셀퓨전씨 스킨 블레미쉬 밤 인텐시브도 옛날부터 유명했는데 컬러도 다양해지고 패키지도 깔끔해져서 기대돼요,0
format×attr,세트/기획 × 가격/가성비,1,0,0.0,1,2025-09,2025-09,1,1,0,thin,미니 제품이나 미니하지 않은 가격… 본품 출시되면 바로 구매할거에요,미니 제품이나 미니하지 않은 가격… 본품 출시되면 바로 구매할거에요,0
format×attr,클렌징 × 기능(지속/커버/보습/미백 등),1,0,0.0,1,2026-03,2026-03,1,1,0,thin,"저는 클렌징만 하고 피지나 블랙헤드 관리는 귀찮아서..ㅎ 따로 해주지 않았는데 클렌징 하나만으로 피지, 블랙헤드를 관리할 수 있다니 너무 궁금하네요","저는 클렌징만 하고 피지나 블랙헤드 관리는 귀찮아서..ㅎ 따로 해주지 않았는데 클렌징 하나만으로 피지, 블랙헤드를 관리할 수 있다니 너무 궁금하네요",0
format×attr,바디 × 소용량/미니/휴대,1,0,0.0,1,2026-07,2026-07,1,1,0,thin,"벌써 구매 완,, (46cm 바디워시 다이소에서 작은용량 팔아요!","벌써 구매 완,, (46cm 바디워시 다이소에서 작은용량 팔아요!",0
format×attr,세트/기획 × 리필,1,0,0.0,1,2026-07,2026-07,1,1,0,thin,나중에 리필기획 잘 나왔으면 좋겠슴다 ❤,나중에 리필기획 잘 나왔으면 좋겠슴다 ❤,0
format×attr,아이라이너/마스카라/브로우 × 단종/재출시,1,0,0.0,1,2026-02,2026-02,1,1,0,thin,언니 다이소 노글루 속눈썹 재출시됐다는데 리뷰해주세요!,언니 다이소 노글루 속눈썹 재출시됐다는데 리뷰해주세요!,0
format×attr,향수,1,0,0.0,1,2026-06,2026-06,1,1,0,thin,많이 압축풀기가 알려져서 여러향수 브랜드들이 나왔으면 좋겠어요,많이 압축풀기가 알려져서 여러향수 브랜드들이 나왔으면 좋겠어요,0
format×attr,마스크팩 × 기능(지속/커버/보습/미백 등),1,0,0.0,1,2026-06,2026-06,1,1,0,thin,바디트러블 케어 명가 낫포유에서 바디 팩 스크럽이 출시됐다니 너무 기대돼요!!😮 묽고 부드러운 타입의 솔트 스크럽이라니 데일리로 사용하기 너무 좋을것같아요!,바디트러블 케어 명가 낫포유에서 바디 팩 스크럽이 출시됐다니 너무 기대돼요!!😮 묽고 부드러운 타입의 솔트 스크럽이라니 데일리로 사용하기 너무 좋을것같아요!,0
format×attr,에센스/세럼/앰플 × 기능(지속/커버/보습/미백 등),1,0,0.0,1,2026-04,2026-04,1,1,0,thin,저는 원래 탄력과 미백에 관심이 많았는데 프리메라 비타 세럼 제품 많이 나오길래 구매해 봤었는데 바르고 나면 피부가 쫀쫀해지면서 피부 톤이 화사해지는 느낌이 들더라구요,저는 원래 탄력과 미백에 관심이 많았는데 프리메라 비타 세럼 제품 많이 나오길래 구매해 봤었는데 바르고 나면 피부가 쫀쫀해지면서 피부 톤이 화사해지는 느낌이 들더라구요,0
format×attr,필링/스크럽 × 색상/호수 확장,1,0,0.0,1,2026-04,2026-04,1,1,0,thin,건조해서 각질 부각되기 쉬운 입술에도 편안하게 사용할 수 있을 것 같아요🌷 바르면 자연스럽게 볼륨감이 살아나서 도톰하고 탱글한 입술 표현이 가능할 것 같고 컬러도 로지 모카 베리 레드 베어로 다양하게 나와서 데일리부터 메이크업 후 단독으로 발라도 예쁘고 파데프리 메이크업 할 때 활용도가,건조해서 각질 부각되기 쉬운 입술에도 편안하게 사용할 수 있을 것 같아요🌷 바르면 자연스럽게 볼륨감이 살아나서 도톰하고 탱글한 입술 표현이 가능할 것 같고 컬러도 로지 모카 베리 레드 베어로 다양하게 나와서 데일리부터 메이크업 후 단독으로 발라도 예쁘고 파데프리 메이크업 할 때 활용도가,0
format×attr,툴/소품 × 소용량/미니/휴대,1,0,0.0,0,2025-08,2025-08,1,1,0,thin,레이어랩 전용으로 여행용 파우치나 여행용 패키지도 나오면 좋을것 같아요~,레이어랩 전용으로 여행용 파우치나 여행용 패키지도 나오면 좋을것 같아요~,0
format×attr,선크림 × 워터프루프,1,0,0.0,0,2025-08,2025-08,1,1,0,thin,그리고 워터프루프 선크림도 출시할 계획이 있나요?,그리고 워터프루프 선크림도 출시할 계획이 있나요?,0
format×attr,립틴트/립스틱 × 톤업,1,0,0.0,0,2025-08,2025-08,1,1,0,thin,그리고 😅립스틱이랑 얼굴안색도 가꾸해야해서(풀화장없이) 샹테카이나 톤업도 있으면 좋겠어요,그리고 😅립스틱이랑 얼굴안색도 가꾸해야해서(풀화장없이) 샹테카이나 톤업도 있으면 좋겠어요,0
format×attr,네일,1,0,0.0,1,2026-01,2026-01,1,1,0,thin,롬앤에서 립색이랑 똑같이 해서 네일도 나오면 재밌으면서 너무 좋을것 같아요❤ 부탁드립니다❤,롬앤에서 립색이랑 똑같이 해서 네일도 나오면 재밌으면서 너무 좋을것 같아요❤ 부탁드립니다❤,0
format×attr,아이라이너/마스카라/브로우 × 색상/호수 확장,1,0,0.0,1,2026-01,2026-01,1,1,0,thin,붓펜라이너인데 엄청 옅은 뮤트톤들 라이트톤들 쓰기좋은 라이너 나오면 좋을거같아요ㅠㅠ,붓펜라이너인데 엄청 옅은 뮤트톤들 라이트톤들 쓰기좋은 라이너 나오면 좋을거같아요ㅠㅠ,0
format×attr,프라이머/베이스 × 계절/기후,1,0,0.0,1,2026-01,2026-01,1,1,0,thin,겨울에 맞춰서 건조함을 잡아줄 수 있는 촉촉하면서 피부결 좋아보이는 베이스 제품이 나오길 바랍니다😊,겨울에 맞춰서 건조함을 잡아줄 수 있는 촉촉하면서 피부결 좋아보이는 베이스 제품이 나오길 바랍니다😊,0
format×attr,아이라이너/마스카라/브로우 × 기능(지속/커버/보습/미백 등),1,0,0.0,1,2026-01,2026-01,1,1,0,thin,색조 맛집 롬앤이 각잡고 번짐없고 지속 짱짱한데 자연스러운 트임라이너펜 만들어주시면 너무 좋을 것 같네욯ㅎㅎㅎ,색조 맛집 롬앤이 각잡고 번짐없고 지속 짱짱한데 자연스러운 트임라이너펜 만들어주시면 너무 좋을 것 같네욯ㅎㅎㅎ,0
format×attr,블러셔 × 가격/가성비,1,0,0.0,1,2026-01,2026-01,1,1,0,thin,롬앤에서 기름지지 않은 얇은 광을 내주는 크림블러셔 출시해주시면 너무 좋을 것 같아요!!❤️ 항상 합리적인 가격으로 코덕들 심장 뛰게 만드는 제품들 많이 만들어주셔서 감사합니다🤍🤍,롬앤에서 기름지지 않은 얇은 광을 내주는 크림블러셔 출시해주시면 너무 좋을 것 같아요!!❤️ 항상 합리적인 가격으로 코덕들 심장 뛰게 만드는 제품들 많이 만들어주셔서 감사합니다🤍🤍,0
format×attr,쿠션 × 용기/패키지,1,0,0.0,1,2025-11,2025-11,1,1,0,thin,수정화장용으로는 용기가 좀 미스인듯 차라리 같은제형에 용기만 쿠션케이스로 출시했으면 어땠을까싶음,수정화장용으로는 용기가 좀 미스인듯 차라리 같은제형에 용기만 쿠션케이스로 출시했으면 어땠을까싶음,0
format×attr,블러셔 × 용기/패키지,1,0,0.0,1,2025-11,2025-11,1,1,0,thin,시럽피톡치크 처음 출시 됐을때부터 궁금했던 제품인데..🤍 페리페라 털어유 콜라보 너무 재밌게 잘 봤습니당!!👍🏻,시럽피톡치크 처음 출시 됐을때부터 궁금했던 제품인데..🤍 페리페라 털어유 콜라보 너무 재밌게 잘 봤습니당!!👍🏻,0
format×attr,토너/스킨 × 용기/패키지,1,0,0.0,1,2025-10,2025-10,1,1,0,thin,젤크림스킨도 미스트용기 추가해서 팔아주세요,젤크림스킨도 미스트용기 추가해서 팔아주세요,0
format×attr,에센스/세럼/앰플 × 색상/호수 확장,1,0,0.0,1,2026-08,2026-08,1,1,0,thin,스완형 다크서클 개선되는 앰플 좀 만들어주세요 ㅠㅠㅠㅠ,스완형 다크서클 개선되는 앰플 좀 만들어주세요 ㅠㅠㅠㅠ,0
format×attr,향수 × 국내출시/입점/유통,1,0,0.0,1,2026-07,2026-07,1,1,0,thin,"올영에도 물론 버버리나 몽블랑, 베르사체, 돌체 같은 좋은 향수들 많은거 아는데, 그냥 돈 좀 보태서 전문적으로 향수 만드는 백화점 니치향수 브랜드사셈.","올영에도 물론 버버리나 몽블랑, 베르사체, 돌체 같은 좋은 향수들 많은거 아는데, 그냥 돈 좀 보태서 전문적으로 향수 만드는 백화점 니치향수 브랜드사셈.",0
format×attr,파우더 × 세트/단품 구성,1,0,0.0,1,2025-12,2025-12,1,1,0,thin,바닐라코 붓만 따로 판매가 아니였네요^^:: 그럼 안나수이  로즈프레스드 파우더 와 차이점 뭔지 궁금해요^^::,바닐라코 붓만 따로 판매가 아니였네요^^:: 그럼 안나수이  로즈프레스드 파우더 와 차이점 뭔지 궁금해요^^::,0
format×attr,워터프루프,1,0,0.0,0,2025-08,2025-08,1,1,0,thin,워터프루프도 만들어주세용,워터프루프도 만들어주세용,0
format×attr,파운데이션 × 색상/호수 확장,1,0,0.0,1,2026-02,2026-02,1,1,0,thin,"보통 17·21·23까지만 나와서 아쉬웠는데, 올리브영 선런칭 보고 13호가 유독 눈에 확 들어오더라고요 🥹 17호 피부이지만 광경 슈화피부 추구미라 국내 13호부터 꾸셀 파데까지 다","보통 17·21·23까지만 나와서 아쉬웠는데, 올리브영 선런칭 보고 13호가 유독 눈에 확 들어오더라고요 🥹 17호 피부이지만 광경 슈화피부 추구미라 국내 13호부터 꾸셀 파데까지 다",0
format×attr,메이크업픽서,1,0,0.0,1,2026-02,2026-02,1,1,0,thin,"듀이핏이랑 픽서 너무너무 사고싶은데,, 맨날 품절중이긔,, 정샘물님 힘내셔서 재고내주세요😂","듀이핏이랑 픽서 너무너무 사고싶은데,, 맨날 품절중이긔,, 정샘물님 힘내셔서 재고내주세요😂",0
format×attr,클렌징 × 순함/민감/임산부/아기,1,0,0.0,0,2025-08,2025-08,1,1,0,thin,이니스프리 화산송이 잘쓰다가 임신해서 바하성분 때문에 못쓰고있는데 임산부가 사용할만한 피지제거용 폼클렌징없을까요?에스네이처는 별로였어요ㅠ,이니스프리 화산송이 잘쓰다가 임신해서 바하성분 때문에 못쓰고있는데 임산부가 사용할만한 피지제거용 폼클렌징없을까요?에스네이처는 별로였어요ㅠ,0
format×attr,하이라이터/쉐이딩 × 국내출시/입점/유통,1,0,0.0,1,2026-08,2026-08,1,1,0,thin,진주알 느낌 하이라이터는 올영에도 그렇게 많지 않아서 찾고있었는데 마침 다이소가 말아주다니 이 기회에 사봐야겠습니다!,진주알 느낌 하이라이터는 올영에도 그렇게 많지 않아서 찾고있었는데 마침 다이소가 말아주다니 이 기회에 사봐야겠습니다!,0
format×attr,파운데이션 × 국내출시/입점/유통,1,0,0.0,1,2026-04,2026-04,1,1,0,thin,다음파데는 저걸 사는걸로 올영이나 시코르에도 입점되면 좋겠어요😊,다음파데는 저걸 사는걸로 올영이나 시코르에도 입점되면 좋겠어요😊,0
format×attr,핸드크림 × 제형(스틱/쿠션/젤/밤/스프레이),1,0,0.0,0,2025-08,2025-08,1,1,0,thin,핸드크림도 부탁드려요❤ 지성이 쓸 수있는 핸드크림 없을까요ㅜㅠ,핸드크림도 부탁드려요❤ 지성이 쓸 수있는 핸드크림 없을까요ㅜㅠ,0
format×attr,선스틱 × 남성용,1,0,0.0,0,2024-08,2024-08,1,1,0,thin,남자 선스틱도 만들어주세요,남자 선스틱도 만들어주세요,0
format×attr,파우더 × 지성/건성,1,0,0.0,1,2026-08,2026-08,1,1,0,thin,"지성용은 너무 갈라지고 건성용은 지속력 꽝인 느낌인, 여름에 기름 뿜는 수부지한텐 바이유어 루스파우더 추천요,, 단종되지 않게 도 와 줘 …","지성용은 너무 갈라지고 건성용은 지속력 꽝인 느낌인, 여름에 기름 뿜는 수부지한텐 바이유어 루스파우더 추천요,, 단종되지 않게 도 와 줘 …",0
format×attr,클렌징 × 용기/패키지,1,0,0.0,0,2025-08,2025-08,1,1,0,thin,폼클렌저 펌프 버전으로도 출시해주시면 좋을 것 같아요!♡,폼클렌저 펌프 버전으로도 출시해주시면 좋을 것 같아요!♡,0
format×attr,뷰티디바이스 × 용기/패키지,1,0,0.0,0,2025-08,2025-08,1,1,0,thin,제이나님 미용기기도 기가맥히는걸로 만들어주세요!!!!!!!!!!!!!!!!!!!!,제이나님 미용기기도 기가맥히는걸로 만들어주세요!!!!!!!!!!!!!!!!!!!!,0
format×attr,마스크팩 × 세트/단품 구성,1,0,0.0,1,2026-01,2026-01,1,1,0,thin,온리 황치즈 묶음팩도 만들어주세요ㅠㅠㅠㅠㅠ,온리 황치즈 묶음팩도 만들어주세요ㅠㅠㅠㅠㅠ,0
format,쿠션,62,458,7.4,12,2022-08,2026-08,42,16,251,broad,"언니 직장인트루버를 위해서 어느정도 커버력있으면서 아침에 30초만에 바르고 나갈 수 있는 휘뚤마뚤 수부지 쿠션 없을까효,,,,, 잠을 선택하고 화장을 포기하는 트루버는 나밖에 없는것....?",저때 에뛰드 컨셉 지금 나왔으면 인기몰이 했을듯?지금은 갸루&양산형 인기라서...저때도 디자인 진짜 예쁜거 많이 나왔었고(마카롱같은 쿠션케이스&스윗레시피 라인)이전에 나온 박신혜가 모델이었을때 VIP립스틱이랑 큐피드립스틱 케이스 안나수이랑 비슷해서 진짜 좋아했었는데...왜 이렇게 됐을까,68
format,선크림,57,205,3.6,10,2024-08,2026-08,45,18,43,broad,베이지색 파데프리 선크림도 출시 되었으면 좋겠어요.,바디 선크림도 만들어주세요 ~~,41
format,립틴트/립스틱,53,311,5.9,8,2021-08,2026-08,25,13,58,broad,올해는 블러틴트 마니 나왔으면 좋겠어요,매트립도 다양하게 나왔으면 좋겠어요 ㅠㅠㅠ,52
format,에센스/세럼/앰플,51,71,1.4,10,2025-08,2026-08,41,13,28,broad,레이어랩 기미색소 세럼 아침저녁으로 쓰는데요 50ml도 있으면 좋을거같아요,가벼운 세럼이 따로 나오지는 않지요??,6
format,세트/기획,48,2576,53.7,12,2024-08,2026-08,39,19,2300,broad,아이돌도 이지리스닝이 있으면 하드리스닝이 있듯이 화장품 패키지도 미니멀이 있으면 그반대도 있었으면,3월에 출시하실 레티놀은 혹시 샘플지를 한두개 넣어서 판매해주실 의향은 없을까요ㅠ?,59
format,크림,39,64,1.6,12,2020-08,2026-08,32,14,11,broad,트루션 크림도 잘 쓰고 있는데 이번거도 빨리 나오면 좋겠습니다,판테놀 크림 미국에도 하루빨리 출시 부탁드립니다.,8
format,프라이머/베이스,29,115,4.0,8,2025-08,2026-08,19,12,45,thin,베이스메이크업 제품 컬러가 다양하게 나와서 피부톤 자체는 밝게화장하는 사람들이 많이 줄었음 그대신 메이크업샵도 쿨병걸려서 다,롬앤 말린 메밀꽃 팔레트에 있는 베이스 섀도우 소프트위트 컬러가 싱글 섀도우로 출시됐으면 좋겠어요!,23
format,토너/스킨,28,397,14.2,10,2025-08,2026-08,27,16,140,persistent,버블토너가 그렇게 좋으면 아모레 lg생건 로레알도 만들지..,스킨수티컬즈 특허 끝났는데 똑같이 얼른 카피 제품들이 저렴하게 얼른 많이 나왔으면 좋겠네요.,103
format,마스크팩,25,27,1.1,9,2025-08,2026-08,22,11,8,persistent,팩클렌저 개인적으로 튜브타입으로 나와줬으면 좋겠음 ㅜㅜㅜ,잘 쓰고 있어어요🤍 레이어랩 팩도 출시해주시면 너무 좋을 것 같아용:),5
format,아이섀도우,23,3304,143.7,10,2021-08,2026-08,13,7,3100,persistent,기한 지킬 수 있게 섀도우 이런거 작게 만들고 가격도 낮춰주면 좋겠다ㅠㅠㅠㅠ,제발 한국에서도 이런 딥 팔레트 많이 나왔으면 좋겠어요🤎,101
format,클렌징,23,94,4.1,6,2025-08,2026-07,18,8,32,thin,덕분에 피부 좋아졌단 이야길 들어요ㅎㅎ클렌징 제품도 좀 만들어주세요,"제이나님,, 클렌징 밀크랑 클렌징 오일두 출시해주세요~!!",23
format,바디,21,151,7.2,7,2024-08,2026-08,17,9,106,thin,혹시 바디 제품도 출시할 계획이 있으신가요?,무조건 믿고 기다립니다!!(바디크림은 꼭 출시 부탁드려요ㅜ),26
format,파운데이션,18,56,3.1,9,2019-08,2026-08,15,11,39,persistent,아멜리 제발 쿨쓰루쓰루 파데 좀 다시 만들어주세요..,테스트 해볼 겸 하나만 샀는데 제발 파운데이션 용량으로 출시해주세요,4
format,샴푸/린스/트리트먼트,17,131,7.7,5,2024-08,2026-06,11,7,39,thin,성분좋은 샴푸 린스 바디워시 요런제품도 만들어주시면   좋을것같아요❤,만약에 이거 잘 되면 물 들어올 때 노 젓는 마음으로 두피 토닉도 같이 나오면 좋겠어요.,33
format,이너뷰티,16,37,2.3,6,2025-08,2026-08,16,6,23,thin,비타민C도 작은용량 있으면 좋겠어요.,순수비타민 너무 좋은데 30ml말고 15ml로 나왔으면 좋겠어요 ^^,5
format,툴/소품,15,627,41.8,9,2023-08,2026-08,14,9,534,narrow-strong,케이스 누가 디자인하셨는지 케이스 바꿔서 다시 나와야돼요,퍼프도 개별판매 해주시는 만큼 나중에 리필만 개별판매도 열어주세요,52
format,블러셔,15,149,9.9,6,2025-11,2026-08,8,5,70,thin,블러셔 인기 많아지면 제발 <스마일리샌드> 컬러도 부활시켜주세요,제발 맑게물든선샤인치크 7호 요거트얌얌해 재출시해주세요…… 비슷한 색상은 많지만 요거트얌얌해만의 페일한 요거트핑크 색은 없어요😭😭😭,41
format,미스트,13,41,3.2,5,2025-08,2026-08,9,6,10,thin,미스트 빨리 나왔으면 좋겠다,미스트도 만들어주면 좋겟다요,8
format,선스틱,11,132,12.0,2,2024-08,2026-07,7,3,97,narrow-strong,무기자차 선스틱은 없나요ㅠ?,파이님 선스틱도 만들어주세요ㅠㅠㅠ제발요오…..,19
format,파우더,11,19,1.7,6,2025-12,2026-08,7,5,16,thin,레몬 파우더 정식 출시 제발..🙏🏻,근데 한국에도 스킨케어하고 쓸 수 있는 파우더가 나온대!!,2
format,선쿠션,9,44,4.9,6,2024-08,2026-05,7,3,15,thin,선쿠션도 만들어줘요 ❤❤,더파이 선쿠션도 만들어주세용!,12
format,아이라이너/마스카라/브로우,6,13,2.2,2,2021-08,2026-02,4,4,9,thin,에뛰드 파워래쉬 속눈썹 세럼 블랙도 나왔으면 좋겠어요!!!,저땐 에뛰드에 마스카라 안 팔았었나?,3
format,하이라이터/쉐이딩,6,5,0.8,3,2026-01,2026-08,3,3,3,thin,총알 모양 립스틱으로 SNS에서 잠시 보였었던 k-브랜드인데 하이라이터도 출시했었더라구요!!,5구 쉐딩 하이라이터 색상 단독출시 원해요,1
format,헤어스타일링,5,77,15.4,2,2024-08,2026-06,3,3,61,narrow-strong,물론 출시 당시에는 마이너해서 단종 할 수 밖에 없었다지만 요즘같은 대 모카무스 시대에 반드시 다시 출시해야한다고 생각합니다.,새치염색도 좀 색 이쁘게 잘나오면 좋겠어요.,14
format,뷰티디바이스,4,57,14.2,1,2025-08,2026-04,4,4,57,narrow-strong,아기기니 노마님 진차 귀여우시다•• 롱폼도 많이 만들어주세요🥹👼🏻,톰이 그렇게 좋은가했는데 기기도 만들고 찬스님이 광고도 한다고?,0
format,향수,4,5,1.2,3,2025-08,2026-07,4,4,3,thin,언젠가 뵙게되면 천연향으로 자신에게 맞는 룸스프레이도 만들어드리고 오일을 섭취하고 바르고 피부에 좋은 오일들등등 ..,제발 로에베 토마토 향수도 나왔으면 좋겠어요~제이나님과 같은 취향이 많았는데 로에베까지!!,2
format,컨실러,4,3,0.8,3,2025-08,2026-03,4,4,2,thin,혹시 쓰신 컨실러와 비슷한 컨실러는 없을까요?ㅠㅠ,전21호 옐로톤 여뮤인데 브랜컬러도 좀 밝아서 한 단계 어두운 컬러 만들어주심 좋을 것 같아요🥹 커버력은 중하라 두번 스파출라로 얇게 덧발라서 퍼프로 두들기면 꽤나 괜찮고 나머지는 컨실러로 스팟커버해주면 좋아요.,1
format,올인원,3,7,2.3,3,2025-11,2026-05,3,2,4,thin,제이나님 남자 올인원이나 포맨 라인도 만들어주세요!,올인원 마사지만 숏츠로 만들어주세요🩷,3
format,필링/스크럽,3,2,0.7,2,2025-08,2026-04,3,3,2,thin,헐 건성인데 맨날 각질나오길래 각질제거템만 썼었는데 그게 건조해서 그런거라니....,근데 건조 각질이 많아서  그거  보안해서 나오면 좋겠네요,0
format,로션/에멀전,3,1,0.3,1,2025-08,2026-08,3,3,1,thin,아이가 쓸만한 로션 없을까요?,워낙에 다르긴 하지만 모낭염은 습한 환경을 만들어주지 않는 게 되게 중요하다고 의사 쌤이 모낭염 심할 때 연고랑 로션 하나 정도만 바르라고 했었어요,0
format,아이크림,1,105,105.0,1,2026-03,2026-03,1,1,105,narrow-strong,확실히 일본은 베스트 제품이 단종되지 않고 오래 나오는거 같아요 ipsa 소피나 두유 이소플라본 아이크림 ...모두 저 대학생때부터 유명했고 제가  25년전 일본 처음 갔을때부터 샀었던 제품들이에요 ^^  그땐 일본화장품이 아주 유명했고  드럭상품이던 백화점 제품이건 한국제품과는 퀄 이,확실히 일본은 베스트 제품이 단종되지 않고 오래 나오는거 같아요 ipsa 소피나 두유 이소플라본 아이크림 ...모두 저 대학생때부터 유명했고 제가  25년전 일본 처음 갔을때부터 샀었던 제품들이에요 ^^  그땐 일본화장품이 아주 유명했고  드럭상품이던 백화점 제품이건 한국제품과는 퀄 이,105
format,데오,1,4,4.0,1,2026-04,2026-04,1,1,4,thin,언니 데오드란트 가렵거나 그런거 없나요?,언니 데오드란트 가렵거나 그런거 없나요?,4
format,네일,1,0,0.0,1,2026-01,2026-01,1,1,0,thin,롬앤에서 립색이랑 똑같이 해서 네일도 나오면 재밌으면서 너무 좋을것 같아요❤ 부탁드립니다❤,롬앤에서 립색이랑 똑같이 해서 네일도 나오면 재밌으면서 너무 좋을것 같아요❤ 부탁드립니다❤,0
format,메이크업픽서,1,0,0.0,1,2026-02,2026-02,1,1,0,thin,"듀이핏이랑 픽서 너무너무 사고싶은데,, 맨날 품절중이긔,, 정샘물님 힘내셔서 재고내주세요😂","듀이핏이랑 픽서 너무너무 사고싶은데,, 맨날 품절중이긔,, 정샘물님 힘내셔서 재고내주세요😂",0
format,핸드크림,1,0,0.0,0,2025-08,2025-08,1,1,0,thin,핸드크림도 부탁드려요❤ 지성이 쓸 수있는 핸드크림 없을까요ㅜㅠ,핸드크림도 부탁드려요❤ 지성이 쓸 수있는 핸드크림 없을까요ㅜㅠ,0
attribute,색상/호수 확장,165,1392,8.4,12,2024-08,2026-08,80,23,138,broad,페리페라의 역작 앳지누드… 재출시해주세요ㅠㅠ,전 다써봤는데 이번에 헤라cc바르고 감격했어여 제가찾던 발림성 커버력 색상ㅎㅎ나스는 너무 매트하고 안가려지고 디어달리아는 왜케 빨리 무너지던지..헤라 진짜 열일했더라구여 단종되면 안되여!!!ㅜㅜ진짜 널리널리 알려야해영ㅋㅋ❤,128
attribute,단종/재출시,102,1973,19.3,12,2016-08,2026-08,71,35,494,broad,제발 단종시키지마세요....,달방아 콩콩해 단종 절대 안됩니다...,245
attribute,제형(스틱/쿠션/젤/밤/스프레이),80,363,4.5,12,2022-08,2026-08,62,22,87,broad,피지연화제 제품 만드는 회사들은 액체로만 팔지말고 토너패드 제형에 뒷부분은 플라스틱으로 해서 밴드 붙이는 것 처럼 한번에 붙이고 뗄 수 있는 제품 만들면 좋겠네요.,저때 에뛰드 컨셉 지금 나왔으면 인기몰이 했을듯?지금은 갸루&양산형 인기라서...저때도 디자인 진짜 예쁜거 많이 나왔었고(마카롱같은 쿠션케이스&스윗레시피 라인)이전에 나온 박신혜가 모델이었을때 VIP립스틱이랑 큐피드립스틱 케이스 안나수이랑 비슷해서 진짜 좋아했었는데...왜 이렇게 됐을까,68
attribute,국내출시/입점/유통,75,442,5.9,10,2023-08,2026-08,66,34,112,broad,이니스프리랑 에뛰드는 한국에서도 줄줄 폐업 중이죠 ㅎ...,제발 한국에서도 이런 딥 팔레트 많이 나왔으면 좋겠어요🤎,101
attribute,대용량,41,879,21.4,10,2024-08,2026-08,31,13,731,broad,그럼 작은 용량 좀 만들어라!!!!ㅜㅠㅠㅠㅠㅠ,대량으로 만드셔서 단가좀 낮춰주시고 용량좀 넉넉하게 출시해주세용ㅜㅜㅜ,55
attribute,가격/가성비,39,4012,102.9,12,2020-08,2026-08,39,21,3100,broad,기한 지킬 수 있게 섀도우 이런거 작게 만들고 가격도 낮춰주면 좋겠다ㅠㅠㅠㅠ,피몽쉐 가격만 개비싸지 별거없네 가격 내려라,281
attribute,세트/단품 구성,39,178,4.6,11,2024-08,2026-08,35,19,74,broad,왕관괄사도 따로팔아주세요!!!!!,단품 옵션 없어서 아쉬워요 ㅠㅠ,34
attribute,지성/건성,31,321,10.4,11,2025-08,2026-08,28,12,251,broad,"언니 직장인트루버를 위해서 어느정도 커버력있으면서 아침에 30초만에 바르고 나갈 수 있는 휘뚤마뚤 수부지 쿠션 없을까효,,,,, 잠을 선택하고 화장을 포기하는 트루버는 나밖에 없는것....?",레이어랩 지성용 라인은 안나오겟죠?….,14
attribute,용기/패키지,25,2909,116.4,10,2023-08,2026-07,23,16,2300,persistent,아이돌도 이지리스닝이 있으면 하드리스닝이 있듯이 화장품 패키지도 미니멀이 있으면 그반대도 있었으면,케이스 누가 디자인하셨는지 케이스 바꿔서 다시 나와야돼요,534
attribute,소용량/미니/휴대,24,388,16.2,9,2023-08,2026-08,19,9,176,persistent,ㄹㅇ 화장품 브랜드들 여행용 사이즈를 돈주고 팔았으면 좋겠음..,더 소용량을 만들어내야 함 리필용도 따로 내고,58
attribute,무기자차/유기자차,23,132,5.7,7,2024-08,2026-08,17,10,97,thin,무기자차 선스틱은 없나요ㅠ?,무기자차 선크림 좀 많이 출시해주면 좋겠어요.,12
attribute,기능(지속/커버/보습/미백 등),20,59,3.0,7,2025-08,2026-08,17,9,14,thin,새치염색도 좀 색 이쁘게 잘나오면 좋겠어요.,제발 쪼끔더 지속력있는 피토로 만들어주세요 ㅠㅠㅠ,11
attribute,리필,16,58,3.6,7,2024-08,2026-08,16,10,52,thin,퍼프도 개별판매 해주시는 만큼 나중에 리필만 개별판매도 열어주세요,파인피토뮤신 세럼 쿠션은 본품만 있던데 리필도 출시되면 좋겠습니다!!,2
attribute,향,12,122,10.2,5,2025-08,2026-08,11,6,59,narrow-strong,3월에 출시하실 레티놀은 혹시 샘플지를 한두개 넣어서 판매해주실 의향은 없을까요ㅠ?,환경에도 뭔가 좋은영향을 주는 레이어랩만의 아이디어가 나오길 간절히 간절히 기다려봅니다!,34
attribute,순함/민감/임산부/아기,11,107,9.7,7,2025-08,2026-08,11,6,57,thin,아기기니 노마님 진차 귀여우시다•• 롱폼도 많이 만들어주세요🥹👼🏻,민감피부에도 너무 잘맞고 그냥 만능라인 절대 단종되면 안되는 평생 무덤템입니다,16
attribute,톤업,9,115,12.8,5,2025-08,2026-07,8,7,91,narrow-strong,백화점 톤업선도..만들어주세요ㅜㅜ,"안답답하고(최고중요) 톤보정되는 선크림, 톤업크림 컨첸츠 만들어 주시면 너무 감사할거 같아여 👉🏻❤👈🏻",9
attribute,무향,9,26,2.9,6,2025-12,2026-08,9,9,22,thin,"민감 극건성이라 애기때부터 화장품이나 성분에 관심 많았는데, 90년대부터 아이오페 레티놀 2500 있았던 기억이...무향의 무실리콘 수분베이스 세럼으로 만들어주면 얼마나 좋을까",쌤~~주름보톡스 제오민 맞고나서 얼마 뒤에 온다리프팅 받아야 보톡스에 영향 없을까요??,3
attribute,계절/기후,9,11,1.2,6,2025-08,2026-08,9,8,5,thin,아워글라스 매트밤 출시되면 사려고 대기타고 있어용❤ 여름에는 오히려 매트가 좋더라구요,혹시 여름에 사용하면 좋을 끈적임없는 토너 없을까요?,2
attribute,비건/클린/성분,7,41,5.9,4,2025-08,2026-02,6,5,24,thin,"입슬 너무 건조하게 하는 성분 빼서 재출시했으면,, 그리고 올..",언니 제발 자외선 팔토시 제품 만들어주세요… 햇빛 알러지때문에 괴로운데 제품 너무 안이뻐서 이걸 써야햇나 싶었거든요😢,15
attribute,남성용,7,29,4.1,2,2024-08,2026-04,6,4,10,thin,남성용 화장품도 출시되면 좋겠습니당 ㅎㅎ,올영직원분도 같은 브랜드 다른 라인으로 남성거 따로나오면 상술이고 그냥 원래 게 더 좋다고 그거쓰라고 남고객들에게 권하는데 남자들이 굳이 남성라인 고른댔음 선택폭 안 좁히셔도 됩니다,9
attribute,부위(목/바디/두피/눈가),6,37,6.2,4,2024-08,2026-08,6,6,33,thin,만약에 이거 잘 되면 물 들어올 때 노 젓는 마음으로 두피 토닉도 같이 나오면 좋겠어요.,바디용으로 나온 선크림은 따로 없나요?,2
attribute,워터프루프,2,0,0.0,0,2025-08,2025-08,2,1,0,thin,그리고 워터프루프 선크림도 출시할 계획이 있나요?,워터프루프도 만들어주세용,0
brand,레이어랩,43,158,3.7,8,2025-08,2026-07,30,1,34,thin,환경에도 뭔가 좋은영향을 주는 레이어랩만의 아이디어가 나오길 간절히 간절히 기다려봅니다!,레이어랩 기미색소 세럼 아침저녁으로 쓰는데요 50ml도 있으면 좋을거같아요,28
brand,롬앤,40,71,1.8,3,2026-01,2026-07,4,4,23,thin,롬앤 말린 메밀꽃 팔레트에 있는 베이스 섀도우 소프트위트 컬러가 싱글 섀도우로 출시됐으면 좋겠어요!,비비 요새 유행인데 롬앤 버전의 비비도 나오면 좋겠어요~,15
brand,다이소,13,144,11.1,6,2025-10,2026-08,12,10,129,narrow-strong,다이소 빨리 집이랑 차도 내주세요,전 다이소 떡솝 되게 잘 맞아서 쟁여놨어용 잘맞는 사람 있는데 만들지 말라하시면...😢😢😢 전 잘써서 단종되면 안됩니다,6
brand,올리브영,10,7,0.7,6,2025-08,2026-07,10,9,3,thin,올리브영에도 나왔음 좋겠다,올리브영에 출시되면 좋겠어요❤❤,2
brand,페리페라,9,206,22.9,5,2025-10,2026-06,4,3,138,narrow-strong,페리페라의 역작 앳지누드… 재출시해주세요ㅠㅠ,페리페라는 당장 엣지누드 힙생힙사를 재출시 하라,27
brand,디파,8,21,2.6,5,2024-08,2026-06,8,1,7,thin,기업콜라보말고 제발 자체브랜드로 디파님 제품내주세요 ㅜㅜ,디파님이 다시 만들어 주시면 좋겠네요ㅠㅠ,6
brand,헤라,7,144,20.6,4,2025-10,2026-08,6,5,128,narrow-strong,전 다써봤는데 이번에 헤라cc바르고 감격했어여 제가찾던 발림성 커버력 색상ㅎㅎ나스는 너무 매트하고 안가려지고 디어달리아는 왜케 빨리 무너지던지..헤라 진짜 열일했더라구여 단종되면 안되여!!!ㅜㅜ진짜 널리널리 알려야해영ㅋㅋ❤,헤라 cc 단종된거 몇통을 썼는데 다시 나왔다뇨 !!!,9
brand,에뛰드,6,156,26.0,0,2016-08,2025-08,3,2,68,narrow-strong,저때 에뛰드 컨셉 지금 나왔으면 인기몰이 했을듯?지금은 갸루&양산형 인기라서...저때도 디자인 진짜 예쁜거 많이 나왔었고(마카롱같은 쿠션케이스&스윗레시피 라인)이전에 나온 박신혜가 모델이었을때 VIP립스틱이랑 큐피드립스틱 케이스 안나수이랑 비슷해서 진짜 좋아했었는데...왜 이렇게 됐을까,에뛰드 저 제품들 다시 출시됬으면 좋겠다ㅠㅠㅠ,64
brand,이니스프리,5,116,23.2,2,2024-08,2026-07,5,4,112,narrow-strong,이니스프리랑 에뛰드는 한국에서도 줄줄 폐업 중이죠 ㅎ...,이니스프리 그린티도 며칠전에 리뉴얼 출시됐습니다ㅠ,3
brand,쿠팡,5,31,6.2,5,2025-10,2026-07,5,5,22,thin,쿠팡입점해있는 중국업체 엄청많다고 들었음,쿠팡ㆍ네이버모두 살펴보았어요ᆢ그런 제품이 안나오네요,5
brand,홀리카,4,49,12.2,3,2026-06,2026-08,3,2,47,narrow-strong,올영에도 섀도우 많이 깔려있지만 워낙 종류가 많아서  홀리카 매장에만 있는 컬러들도 많음...,홀리카 더 작게 반쪽으로 나왔으면 좋겠어요 ㅠㅠ,1
brand,네이밍,4,9,2.2,3,2026-04,2026-08,4,4,7,thin,여름이 오기전에 22p 제발 내줘~~~~네이밍!!!,블러셔들이 진짜 킥이다… 네이밍은 기획 많이 내줘서 좋은데 진짜 좀 다양한 제품으로 내줬으면 합니다ㅠㅠㅠ엉엉😂,1
brand,데이지크,4,8,2.0,2,2025-10,2025-11,2,1,4,thin,데이지크랑 후니언님이 공동개발하신 틴트 원래도 몇개씩 사고 그랬는데 이번에도 나오면 바로 또 쟁일거에요!!💓제가 친구한테도 나눠주고 영업했어요 ㅎㅎ,"브라운 가디건이 어쩜 이렇게 찰떡이냐며…🍂가을의 권위자 멀멀의 권위자…😽 데이지크 틴트 제형이 너무 좋아서 평소에도 잘 쓰는데 갠적으로 더 제대로 된 멀멀한 컬러가 나왔으면 했거든요!!립 펜슬 크림토프도 제가 찾던 컬러 .,, 정식출시까지 존버합니다 ..피치 스킨은 걍 후니언님이 잘하시",3
brand,비레디,4,7,1.8,2,2026-03,2026-08,1,1,3,thin,비레디 아이팔레트 재출시 안될까요,제발 다시 비레디 아이 팔레트 만들어주세요ㅠㅠㅠㅠ,2
brand,퓌,4,0,0.0,4,2025-11,2026-06,4,2,0,thin,아니면 공홈에 따로 퓌 글로스 창 들어가서 옵션 선택하거나 콜라들만 모아서 따로 팔까요??,퓌 쿠션 궁금했는데…스코님 믿고🩵🩵🩵 출시되면 쿠션 사야겟슨….,0
brand,클리오,3,132,44.0,2,2025-08,2026-05,3,3,125,narrow-strong,클리오 낮잠자는치즈 재출시해주세요ㅠㅠ,"저번부터 클리오는 사용하기 전부터  호감을 가지고 시작하시는듯, 근데 제일 세정력 좋은 클렌징오일은 왜 없나요?",5
brand,에스쁘아,3,52,17.3,2,2026-02,2026-05,3,3,52,narrow-strong,에스쁘아 제발 작게 내줘...😢 하라랑 같은 몰드인 거 같은데 너무 두툼하고 커서 수납도 힘들어요ㅠㅠ,에스쁘아 비벨벳 라인부터 베이스 맛집이란걸 느끼면서 애용중이였는게 비비가 출시되면 안 살수가 없잖아요..,0
brand,미샤,3,4,1.3,3,2025-11,2026-04,3,3,3,thin,미샤 초보양 제발 더 밝은 호수 나오길 ㅠㅠㅠ,미샤도 그렇구 데이지크 틴트도 그렇구 색감 개발천재❤ 쿨링이는 앰플도 출시된다니 기대만땅입니다😊 이렇게 늘 감동주시는데!!,1
brand,리쥬란,3,1,0.3,1,2025-08,2026-05,2,2,1,thin,리쥬란 제품이 출시 됐을때부터 꾸준히  사용하고 있어요.,"올영에도 리쥬란이 들어와 있지만, 롯데 오프라인 매장과는 차이가 확실히 있네요!",0
brand,나노레시피,3,0,0.0,3,2026-01,2026-08,3,1,0,thin,일단 남자들은 뭐 바르는거 귀찮아 하기도 하고 관리에 관심 없던 사람들도 좋다고 또 만들어 달라고 하는거 보면 제가 만든(난 나노레시피가 아닌데..)거처럼 뿌듯하고 그래요 ㅋㅋ,0584 구매완료❤ 나노레시피 물광토너 온가족 다만들어주고 다시만들어달라 칭찬받고있는 또봄입니다ㅎㅎ,0
brand,일리윤,3,0,0.0,2,2025-09,2026-06,3,3,0,thin,"일리윤 혼합자차 이지워시랑 무기자차 쓰는데, 이 제품이 없어서 아쉬워요~~",일리윤 크림이랑 선크림이 안맞는데 대체템이 없을까용..ㅠㅠㅠ,0
brand,아멜리,2,151,75.5,2,2025-10,2026-04,2,2,112,narrow-strong,추억의 아멜리 재출시를 캘린더에 표시까지 해놓고 기다렸었는데!!!,아멜리 제발 쿨쓰루쓰루 파데 좀 다시 만들어주세요..,39
brand,투쿨포스쿨,2,104,52.0,2,2025-09,2026-07,2,2,104,narrow-strong,비슷한 제품 투쿨포스쿨에서도 출시했던데 어떤 제품이 더 발림성 부드러운지 궁금해요🙌🏻,난감한 적이 많았는데 ( ˃̣̣̥ω˂̣̣̥ ) 저도 프리따님처럼 쿠션 볼 때 컬러가 예쁜지 엄청 따지는 편인데 투쿨포스쿨 픽싱 커버 핏 쿠션은 위위 아뜰리에 메이크업 샵 선생님들께 컬러 자문까지 받아서 컬러도 너무 예쁘게 잘 뽑혔고 컬러가 5가지로 다양하게 나왔다는 점도 너무 맘에 들어,0
brand,아이오페,2,30,15.0,2,2026-06,2026-08,2,2,22,narrow-strong,"민감 극건성이라 애기때부터 화장품이나 성분에 관심 많았는데, 90년대부터 아이오페 레티놀 2500 있았던 기억이...무향의 무실리콘 수분베이스 세럼으로 만들어주면 얼마나 좋을까","저는 수부지에 약간 민감성 피부여서 세미매트 제형의 쿠션을 선호하는데요, 쿠션의 원조라고 할 수 있는 아이오페쿠션부터 시작해서 클리오 킬커버(컨실쿠션, 파운웨어, XP, 파운웨어 올뉴 등등), 라네즈쿠션, 조성아쿠션(대왕쿠션 그외 등등), 에스쁘아, 파넬쿠션, 헤라 블랙쿠션, 지금은 단",8
brand,유이크,2,26,13.0,2,2026-03,2026-07,2,1,26,narrow-strong,유이크 바이옴 용량 늘릴 생각은 없으신가여 너무 작아요….,다음에도 유이크와 좋은 제품으로 또 만들어주세요 ㅎㅎㅎ,0
brand,맥,2,7,3.5,2,2026-03,2026-04,2,2,5,thin,맥 라이트풀 톤업밤 저도 4통 비우고 사용중인데 절대 단종되면 안되오ㅠㅠㅠㅠㅠ,맥 제품은 안나오네용~,2
brand,라로슈포제,2,4,2.0,2,2026-02,2026-08,2,2,4,thin,라로슈포제 밤도 답답할거 같은데 복합성 피부에 좋은 크림 없을까요?,라로슈포제 보습크림 쓰는데요..밀려요..오후되먼 속건조가심해서..안밀리고 속건조에 좋은 크림없나요?,0
brand,러쉬,2,4,2.0,2,2026-01,2026-06,2,2,3,thin,"섀도우 팔레트 ,마스카라 ,브러쉬 아이라인 브라운 제발 단종하지 말아주세요 ㅠㅠ인생템 무쌍이라 젤 테일 라인도 너무 좋구요...실리콘 립브러쉬도 너무 잘쓰고있어요",투쿨이랑 협업하셔서 브러쉬 출시해주세요 ㅎㅎㅎ,1
brand,바닐라코,2,0,0.0,1,2025-08,2025-12,2,2,0,thin,혹시 바닐라코 화이트 모이스처 쿠션 19라이트 색상이랑 비슷한 쿠션 없을까요ㅜㅜ,바닐라코 붓만 따로 판매가 아니였네요^^:: 그럼 안나수이  로즈프레스드 파우더 와 차이점 뭔지 궁금해요^^::,0
brand,라네즈,2,0,0.0,2,2026-06,2026-08,2,2,0,thin,라네즈는 뭔가 요철부각이 좀 있었던 느낌 왜 라네즈 파데가 단종이 되었는지...에휴 그게 조금 더 화사하게 나왔으면 딱 좋았을 것을,라네즈 스무디 메이크업 세럼은 절대 단종되면 안 돼요,0
brand,프리메라,2,0,0.0,1,2025-08,2026-04,2,2,0,thin,저는 원래 탄력과 미백에 관심이 많았는데 프리메라 비타 세럼 제품 많이 나오길래 구매해 봤었는데 바르고 나면 피부가 쫀쫀해지면서 피부 톤이 화사해지는 느낌이 들더라구요,그래서 촉촉하면서도 가벼운 쿠션 없을까 찾다가 프리메라 나이아시카 워터리 크림 쿠션이 눈에 띄었어요!,0
brand,넘버즈인,2,0,0.0,1,2025-08,2026-05,2,2,0,thin,넘버즈인 5번 흔적 앰플 잘 쓰고 있지만 뭔가 부족한 느낌...세럼 넘넘 기대됩니다^^ 근데 전 비타민c 20%도 잘 맞아서😅 다음제품엔 고용량 쓰는 40대 후반들을 위한 제품도 출시되길 바래봅니다😊.,혹시 땀과 유분에도 강한 선크림과 넘버즈인3번 제품 바르면 좋은 제품 없을까요😢??,0
brand,정샘물,2,0,0.0,2,2026-02,2026-04,2,2,0,thin,"듀이핏이랑 픽서 너무너무 사고싶은데,, 맨날 품절중이긔,, 정샘물님 힘내셔서 재고내주세요😂",정샘물 쿠션 넘 궁금한데 어두운톤 핑크베이스 나오면 좋겠어용😢😢,0
brand,무신사,2,0,0.0,1,2025-08,2026-06,2,2,0,thin,어디서 구매하시나요 ?올영에도 무신사에도 없던데요 ㅜ,개인적인 바램으로는 무신사에 입점 해주셨으면..ㅜㅜ,0
brand,아모레,1,140,140.0,1,2026-07,2026-07,1,1,140,narrow-strong,버블토너가 그렇게 좋으면 아모레 lg생건 로레알도 만들지..,버블토너가 그렇게 좋으면 아모레 lg생건 로레알도 만들지..,140
brand,디오디너리,1,109,109.0,1,2026-01,2026-01,1,1,109,narrow-strong,디오디너리 제품들 어떻게 생각하시는지 궁금해요(올리브영에도 입점됨) 저는 가격 착하고 성분 퓨어해서 좋다고 생각하거든요?,디오디너리 제품들 어떻게 생각하시는지 궁금해요(올리브영에도 입점됨) 저는 가격 착하고 성분 퓨어해서 좋다고 생각하거든요?,109
brand,디어에이,1,27,27.0,1,2026-05,2026-05,1,1,27,narrow-strong,디어에이 블러셔 브러쉬는 왜 안 팔아주시나요,디어에이 블러셔 브러쉬는 왜 안 팔아주시나요,27
brand,아렌시아,1,19,19.0,0,2025-08,2025-08,1,1,19,narrow-strong,아렌시아랑 휩드는 여러가지가 있어서 헐레벌떡 뛰어 왔는데 한가지만 나와서 아쉬웠고...,아렌시아랑 휩드는 여러가지가 있어서 헐레벌떡 뛰어 왔는데 한가지만 나와서 아쉬웠고...,19
brand,얼터너티브스테레오,1,14,14.0,1,2026-08,2026-08,1,1,14,narrow-strong,그리고 진짜 이 순간만을 기다린 팀겨울다크💜 에이치 블러 틴트 06 칠링 (단종 절대X😢) 이글립스 듀 글레이즈 틴트 13 멀롯 얼터너티브스테레오 립 포션 카라멜 글레이즈 07 블랙체리 하트퍼센트 도트 온 무드 오버 멜팅 글로스 06플럼누아르 토니모리 겟잇 틴트 워터풀 버터 11 윈터뱅,그리고 진짜 이 순간만을 기다린 팀겨울다크💜 에이치 블러 틴트 06 칠링 (단종 절대X😢) 이글립스 듀 글레이즈 틴트 13 멀롯 얼터너티브스테레오 립 포션 카라멜 글레이즈 07 블랙체리 하트퍼센트 도트 온 무드 오버 멜팅 글로스 06플럼누아르 토니모리 겟잇 틴트 워터풀 버터 11 윈터뱅,14
brand,브레이,1,12,12.0,1,2025-11,2025-11,1,1,12,narrow-strong,와우 방금 받아서 써봤는데 이거 제형 진짜 뭐예요~~?개좋음 화장했는데도 피부가 가벼운느낌 진짜 스며드는 것같아여!!개이뻐서 호들갑 떨어줘야함 촉촉보송이쟈냐~❤같이 손잡고 펌프형으로 출시해주세요❤브레이 보구있나~?😊 잠깐..2일차인데 이제품 쓰면 눈이 쫌 시림...,와우 방금 받아서 써봤는데 이거 제형 진짜 뭐예요~~?개좋음 화장했는데도 피부가 가벼운느낌 진짜 스며드는 것같아여!!개이뻐서 호들갑 떨어줘야함 촉촉보송이쟈냐~❤같이 손잡고 펌프형으로 출시해주세요❤브레이 보구있나~?😊 잠깐..2일차인데 이제품 쓰면 눈이 쫌 시림...,12
brand,아누아,1,9,9.0,1,2026-05,2026-05,1,1,9,thin,아누아 아젤라익애시드 한국제품이고 한국에서도 파는데요.,아누아 아젤라익애시드 한국제품이고 한국에서도 파는데요.,9
brand,포인트,1,6,6.0,1,2026-07,2026-07,1,1,6,thin,"꼬질한 얼굴, 양치거부, 케익 폭풍흡입 진짜 너무 귀여운 포인트들이 많았다❤ 아 그리고 루아 늦었지만 생일 축하해🎉 아프지 말고 지금처럼 똥꼬발랄하게 지내줘ㅎㅎㅎ","꼬질한 얼굴, 양치거부, 케익 폭풍흡입 진짜 너무 귀여운 포인트들이 많았다❤ 아 그리고 루아 늦었지만 생일 축하해🎉 아프지 말고 지금처럼 똥꼬발랄하게 지내줘ㅎㅎㅎ",6
brand,프란츠,1,5,5.0,1,2026-04,2026-04,1,1,5,thin,프란츠 버블 토너를 정말 잘 썼는데 여기서 트러블 패치도 만들고 있는 줄 몰랐어요!!,프란츠 버블 토너를 정말 잘 썼는데 여기서 트러블 패치도 만들고 있는 줄 몰랐어요!!,5
brand,라운드어라운드,1,5,5.0,0,2025-08,2025-08,1,1,5,thin,라운드어라운드 카밍선크림 진짜 제가 사고싶었던 모든 조건을 만족하는 단하나의 유일한 선크림이다!!!!!싶었는데 자사몰(네이버)들어가니 q&a중에 단종이라 재출시 없다는데ㅠㅠㅠㅠㅠ,라운드어라운드 카밍선크림 진짜 제가 사고싶었던 모든 조건을 만족하는 단하나의 유일한 선크림이다!!!!!싶었는데 자사몰(네이버)들어가니 q&a중에 단종이라 재출시 없다는데ㅠㅠㅠㅠㅠ,5
brand,마데카,1,4,4.0,1,2026-02,2026-02,1,1,4,thin,마데카는 단종되면 안돼요.,마데카는 단종되면 안돼요.,4
brand,바이오던스,1,3,3.0,0,2025-08,2025-08,1,1,3,thin,요즘 3시간 붙여야한다는 아마존1위 바이오던스 콜라겐팩이 안나오다니요.,요즘 3시간 붙여야한다는 아마존1위 바이오던스 콜라겐팩이 안나오다니요.,3
brand,하트퍼센트,1,3,3.0,1,2026-01,2026-01,1,1,3,thin,"가끔 립펜슬 바르고 글로우한 틴트 올리면 제형이 따로 놀아서 안예쁘게 발리고,요플레현상 생겨서 곤란한적이 많았는데 하트퍼센트는 예쁘게 발려서 넘 좋았거든요!!기존 글로이 틴트1호 정말 잘 사용했었는데 이번 신상 밀키살몬 컬러 너무너무 궁금합니다!하트퍼센트 더 더 승승장구해서 더 많은 색","가끔 립펜슬 바르고 글로우한 틴트 올리면 제형이 따로 놀아서 안예쁘게 발리고,요플레현상 생겨서 곤란한적이 많았는데 하트퍼센트는 예쁘게 발려서 넘 좋았거든요!!기존 글로이 틴트1호 정말 잘 사용했었는데 이번 신상 밀키살몬 컬러 너무너무 궁금합니다!하트퍼센트 더 더 승승장구해서 더 많은 색",3
brand,닥터지,1,2,2.0,1,2026-04,2026-04,1,1,2,thin,닥터지는 특이하게 리뉴얼하고 바로 단종시키지 않고 피엑스나 공식몰에서 계속 판매하더라구요.,닥터지는 특이하게 리뉴얼하고 바로 단종시키지 않고 피엑스나 공식몰에서 계속 판매하더라구요.,2
brand,닥터자르트,1,1,1.0,1,2026-05,2026-05,1,1,1,thin,닥터자르트……..괄사를 출시해줘라 ㅠㅠㅠㅠㅠ,닥터자르트……..괄사를 출시해줘라 ㅠㅠㅠㅠㅠ,1
brand,루미르,1,1,1.0,1,2025-12,2025-12,1,1,1,thin,루미르는 컬러를 계절별로 다양하게 내줘서 소장욕구를 불러 일으키는 것 같아요ㅠㅠ,루미르는 컬러를 계절별로 다양하게 내줘서 소장욕구를 불러 일으키는 것 같아요ㅠㅠ,1
brand,폴라초이스,1,1,1.0,1,2026-01,2026-01,1,1,1,thin,폴라초이스 저렴이 버전은 없나유..,폴라초이스 저렴이 버전은 없나유..,1
brand,에스트라,1,1,1.0,1,2026-07,2026-07,1,1,1,thin,밝은 톤으로도 나왔으면 하는 바람..+ 에스트라처럼 쪼오금 더 촉촉한 버전도 있으면 좋을 거 같네요 ㅎㅎ~~,밝은 톤으로도 나왔으면 하는 바람..+ 에스트라처럼 쪼오금 더 촉촉한 버전도 있으면 좋을 거 같네요 ㅎㅎ~~,1
brand,달바,1,1,1.0,1,2026-04,2026-04,1,1,1,thin,마지막ㅋㅋㅋ💜 달바 시그니처 스토어 따로 만들었던데 제품들 궁금해용!,마지막ㅋㅋㅋ💜 달바 시그니처 스토어 따로 만들었던데 제품들 궁금해용!,1
brand,프레시안,1,1,1.0,1,2025-10,2025-10,1,1,1,thin,평소 프레시안 쿠션은 촉촉한데 밀착력도 좋아서 정말 잘 쓰고 있었는데 이번에 프라이머까지 출시됐다니 너무 설레요🥹✨ 특히 오일리하지 않으면서도 매끄럽게 결을 정돈해준다는거보고 바로 제 고민 해결템이라는 확신이 들었어요!,평소 프레시안 쿠션은 촉촉한데 밀착력도 좋아서 정말 잘 쓰고 있었는데 이번에 프라이머까지 출시됐다니 너무 설레요🥹✨ 특히 오일리하지 않으면서도 매끄럽게 결을 정돈해준다는거보고 바로 제 고민 해결템이라는 확신이 들었어요!,1
brand,컬러그램,1,1,1.0,1,2026-06,2026-06,1,1,1,thin,이번에 재출시 했어용..🫶  -컬러그램 힙초콜릿: 언제 발라도 완전 찰떡으로 어울리는 메이크업 만들 수 있음..!,이번에 재출시 했어용..🫶  -컬러그램 힙초콜릿: 언제 발라도 완전 찰떡으로 어울리는 메이크업 만들 수 있음..!,1
brand,라운드랩,1,1,1.0,1,2026-01,2026-01,1,1,1,thin,"이러고 들어왔어요 ㅋㅋㅋㅋㅋㅋ팔아주라줘 ㅠㅠㅠ🤯 옛날 잇츠스킨 감초줄렌 때부터 입덕해서 라운드랩 소나무, 셀퓨전씨 포스트 알파 쿨링 라인, 에스네이처 미스트, 미샤 비비, 데이지크 틴트, 아누아 PDRN 등등 하나부터 다","이러고 들어왔어요 ㅋㅋㅋㅋㅋㅋ팔아주라줘 ㅠㅠㅠ🤯 옛날 잇츠스킨 감초줄렌 때부터 입덕해서 라운드랩 소나무, 셀퓨전씨 포스트 알파 쿨링 라인, 에스네이처 미스트, 미샤 비비, 데이지크 틴트, 아누아 PDRN 등등 하나부터 다",1
brand,레이비,1,1,1.0,1,2025-10,2025-10,1,1,1,thin,제가 쓰는 레이비 퍼품 바디로션이나 일리윤 바디로션도 있으면 좋겠어요🥺🙏🏻,제가 쓰는 레이비 퍼품 바디로션이나 일리윤 바디로션도 있으면 좋겠어요🥺🙏🏻,1
brand,밀크터치,1,1,1.0,1,2026-06,2026-06,1,1,1,thin,"10호도 진짜 너무이쁜것같아요,, 완전 귤🍊 지금 있는 컬러도 ㄴㅁ 제 취저인데 나중에 밀크터치에서 초코느낌이나 좀 딥한 느낌에 컬러도 내줬으면 좋겠네용 잘 말아줄것같아용","10호도 진짜 너무이쁜것같아요,, 완전 귤🍊 지금 있는 컬러도 ㄴㅁ 제 취저인데 나중에 밀크터치에서 초코느낌이나 좀 딥한 느낌에 컬러도 내줬으면 좋겠네용 잘 말아줄것같아용",1
brand,도브,1,0,0.0,1,2026-04,2026-04,1,1,0,thin,제가 2년 전에 한국에서도 파는 걸 봤었는데 이번에 가족들을 만나러 한국에 들어와서 마트에 가봤더니 일반 도브 비누는 있는데 센스티브 비누는 없더라고요… 너무 많은 사람들이 구매해서 품절인건지 아예 안 파는 건지 물어보지를 못했어요.,제가 2년 전에 한국에서도 파는 걸 봤었는데 이번에 가족들을 만나러 한국에 들어와서 마트에 가봤더니 일반 도브 비누는 있는데 센스티브 비누는 없더라고요… 너무 많은 사람들이 구매해서 품절인건지 아예 안 파는 건지 물어보지를 못했어요.,0
brand,코스알엑스,1,0,0.0,1,2025-11,2025-11,1,1,0,thin,부엌까지 다시 나와야 한다는게 살짝 불편했답니다😢 그래도 제 가장  큰 피부고민이 잡티 어두운 안색이었기에 불편함을 감수하고 코스알엑스 비타민씨 세럼을 사용했던 것이었거든요😊 미니 냉장고를 받게 된다면 더욱더 편안하게 코스알엑스 비타민씨 세럼을 사용할 수 있을거 같아요❤❤,부엌까지 다시 나와야 한다는게 살짝 불편했답니다😢 그래도 제 가장  큰 피부고민이 잡티 어두운 안색이었기에 불편함을 감수하고 코스알엑스 비타민씨 세럼을 사용했던 것이었거든요😊 미니 냉장고를 받게 된다면 더욱더 편안하게 코스알엑스 비타민씨 세럼을 사용할 수 있을거 같아요❤❤,0
brand,라보에이치,1,0,0.0,1,2026-06,2026-06,1,1,0,thin,라보에이치에 들어가도 올영에도 없네요,라보에이치에 들어가도 올영에도 없네요,0
brand,셀퓨전씨,1,0,0.0,1,2026-03,2026-03,1,1,0,thin,셀퓨전씨 스킨 블레미쉬 밤 인텐시브도 옛날부터 유명했는데 컬러도 다양해지고 패키지도 깔끔해져서 기대돼요,셀퓨전씨 스킨 블레미쉬 밤 인텐시브도 옛날부터 유명했는데 컬러도 다양해지고 패키지도 깔끔해져서 기대돼요,0
brand,웰라쥬,1,0,0.0,1,2026-08,2026-08,1,1,0,thin,웰라쥬선크림 때같은거 안 나오죠?,웰라쥬선크림 때같은거 안 나오죠?,0
brand,삐아,1,0,0.0,1,2025-09,2025-09,1,1,0,thin,가을인데도 가을딥 팔레트 신상으로 내주는 데가 삐아밖에 없어서 꼭 본품을 내주면 좋겠다는 마음...,가을인데도 가을딥 팔레트 신상으로 내주는 데가 삐아밖에 없어서 꼭 본품을 내주면 좋겠다는 마음...,0
brand,46cm,1,0,0.0,1,2026-07,2026-07,1,1,0,thin,"벌써 구매 완,, (46cm 바디워시 다이소에서 작은용량 팔아요!","벌써 구매 완,, (46cm 바디워시 다이소에서 작은용량 팔아요!",0
brand,디올,1,0,0.0,1,2026-02,2026-02,1,1,0,thin,디올 핑크 글로우....대체템 없을까요??,디올 핑크 글로우....대체템 없을까요??,0
brand,설화수,1,0,0.0,1,2026-01,2026-01,1,1,0,thin,설화수에서 최근에 비비크림에 재출시 되었는데 그 제품들도 성분 궁금해요!!,설화수에서 최근에 비비크림에 재출시 되었는데 그 제품들도 성분 궁금해요!!,0
brand,낫포유,1,0,0.0,1,2026-06,2026-06,1,1,0,thin,바디트러블 케어 명가 낫포유에서 바디 팩 스크럽이 출시됐다니 너무 기대돼요!!😮 묽고 부드러운 타입의 솔트 스크럽이라니 데일리로 사용하기 너무 좋을것같아요!,바디트러블 케어 명가 낫포유에서 바디 팩 스크럽이 출시됐다니 너무 기대돼요!!😮 묽고 부드러운 타입의 솔트 스크럽이라니 데일리로 사용하기 너무 좋을것같아요!,0
brand,케라시스,1,0,0.0,1,2025-09,2025-09,1,1,0,thin,케라시스 클린노트 라인도 연구해주세요,케라시스 클린노트 라인도 연구해주세요,0
brand,샤넬,1,0,0.0,1,2026-07,2026-07,1,1,0,thin,샤넬 스킨케어 라인도 해주세요.,샤넬 스킨케어 라인도 해주세요.,0
brand,리스키,1,0,0.0,1,2026-07,2026-07,1,1,0,thin,리스키 담당자님 이거 보신다면 제에발  머스 재출시해주세요,리스키 담당자님 이거 보신다면 제에발  머스 재출시해주세요,0
brand,버버리,1,0,0.0,1,2026-07,2026-07,1,1,0,thin,"올영에도 물론 버버리나 몽블랑, 베르사체, 돌체 같은 좋은 향수들 많은거 아는데, 그냥 돈 좀 보태서 전문적으로 향수 만드는 백화점 니치향수 브랜드사셈.","올영에도 물론 버버리나 몽블랑, 베르사체, 돌체 같은 좋은 향수들 많은거 아는데, 그냥 돈 좀 보태서 전문적으로 향수 만드는 백화점 니치향수 브랜드사셈.",0
brand,토리든,1,0,0.0,1,2026-07,2026-07,1,1,0,thin,물 제형 말고 토리든.웰라쥬도 무거움 안끈적거리도 괜찮은거 없나요,물 제형 말고 토리든.웰라쥬도 무거움 안끈적거리도 괜찮은거 없나요,0
brand,그라펜,1,0,0.0,1,2026-07,2026-07,1,1,0,thin,그라펜 샴푸 신제품이라 괜찮아 보이네 루트 부스터 샴푸랑 트리트먼트도 상당히 만족스러웠는데 샴푸랑 세트인 트리트먼트도 나오면 좋겠다!!,그라펜 샴푸 신제품이라 괜찮아 보이네 루트 부스터 샴푸랑 트리트먼트도 상당히 만족스러웠는데 샴푸랑 세트인 트리트먼트도 나오면 좋겠다!!,0
brand,나스,1,0,0.0,1,2026-02,2026-02,1,1,0,thin,나스 블러셔도 새로운 컬러 출시됬던데 궁금해요 ..!🤍,나스 블러셔도 새로운 컬러 출시됬던데 궁금해요 ..!🤍,0
brand,그로우어스,1,0,0.0,1,2026-05,2026-05,1,1,0,thin,그로우어스는 단품 없나요??,그로우어스는 단품 없나요??,0
brand,체이싱래빗,1,0,0.0,1,2026-08,2026-08,1,1,0,thin,체이싱래빗 쿠션 진짜 제품력은 너무 좋은데 호수 선택지가 딱 2개라 아쉬웠던 분들 많았을 것 같아요🥹 저는 특히 쿨라이트와 웜내추럴 사이의 뉴트럴톤 컬러가 하나 꼭 나왔으면 좋겠어요!,체이싱래빗 쿠션 진짜 제품력은 너무 좋은데 호수 선택지가 딱 2개라 아쉬웠던 분들 많았을 것 같아요🥹 저는 특히 쿨라이트와 웜내추럴 사이의 뉴트럴톤 컬러가 하나 꼭 나왔으면 좋겠어요!,0
brand,닥터디퍼런트,1,0,0.0,0,2025-08,2025-08,1,1,0,thin,"인터넷을 보고 있다가 닥터디퍼런트가 화장품들을 띄우길래 뭔가 했는데 닥터디퍼런트 에서 (세콜지--3:1:1),(1:3:1)를 출시 되었습니다.","인터넷을 보고 있다가 닥터디퍼런트가 화장품들을 띄우길래 뭔가 했는데 닥터디퍼런트 에서 (세콜지--3:1:1),(1:3:1)를 출시 되었습니다.",0
brand,리필드,1,0,0.0,1,2026-04,2026-04,1,1,0,thin,믿고쓰는 리필드😢 단종 절대 안돼!!,믿고쓰는 리필드😢 단종 절대 안돼!!,0
brand,3CE,1,0,0.0,1,2026-06,2026-06,1,1,0,thin,역시 베이스 제품 잘 만드는 3CE라 이번 신상도 출시 전부터 무척 기대하고 있어요.,역시 베이스 제품 잘 만드는 3CE라 이번 신상도 출시 전부터 무척 기대하고 있어요.,0
brand,피카소,1,0,0.0,1,2026-06,2026-06,1,1,0,thin,피카소 퍼프 진짜 좋은데 따로 팔거나 하지 않나봐요ㅠㅠㅠ,피카소 퍼프 진짜 좋은데 따로 팔거나 하지 않나봐요ㅠㅠㅠ,0
b:format,선크림,583,2168,3.7,12,2019-08,2026-08,310,44,245,broad,선크림 세안도 알려주세요ㅠㅠㅠ,다음에는 이지워시 테스트받은 선크림으로 테스트 부탁드랴용,186
b:format,쿠션,505,1942,3.8,12,2019-08,2026-08,288,46,194,broad,"비디비치 블랙, 헤라 블랙쿠션이랑 비교해주세요오오",객관적으로 매트쿠션 리뷰하실 분의 시선이 궁금해요💓,109
b:format,에센스/세럼/앰플,400,1931,4.8,12,2019-08,2026-08,297,41,261,broad,요즘은 내돈내산같은 광고들이 점점 많아져서 꼼꼼히 알아봐고 나도 모르게 속아서 산 화장품들이 산더미...그 와중에 노스카나 버리라는 화가잔뜩난 남성의 썸네일에 홀려 잠티님을 알게되었어요..이 영상 하나보고 바로 구독하고 영상들 열심히 챙겨보고있슴니다..솔직히 첫 광고는 여드름 크림이나 ,"확실히 밀크로 바꾸니까 자극도 덜하고 촉촉한 느낌임 세안하고 레드지움 재생앰플이랑 제로이드 크림 발라주고 여드름 올라오면 아젤리아 크림 발라주면 여드름이나 속건조, 여드름에 좋은 루틴인듯함",159
b:format,크림,393,2401,6.1,12,2019-08,2026-08,274,38,497,broad,"요즘 유쎄라블 크림 잘 쓰고 있는데, 2026년에 아이크림 영상도 업데이트 해주세요~",아젤리아 크림 효과 제대로 볼 수 있는 방법도 찍어서 올려주세요,366
b:format,립틴트/립스틱,319,828,2.6,12,2019-08,2026-08,235,51,114,broad,립 정보 알고계시면 알려주실수있을까요 ㅠㅠㅠㅠㅜ,4:18 비레디랑 협업?해서 우리도 굿즈로 싸인 립밤…원해요☺️🥰,67
b:format,클렌징,304,700,2.3,12,2022-08,2026-08,182,37,165,broad,가루형 효소 세안제도 요즘 제품이 많이 보이던데 이것도 리뷰해주세요!!ㅎㅎ,2025년 버전 클렌징폼 영상 부탁드려요~,86
b:format,토너/스킨,256,628,2.5,12,2019-08,2026-08,195,44,147,broad,속건조도 잡히고 이즈앤트리 밀크랑 메이크업진하면 투데이 위드 약산성폼이랑 써주고 독도토너 픽스베리어 크림으로 마무리 해주면 트러블 안올라오도 속당김 없이 진짜 피부 유지 잘되용,스킨수티컬즈랑 다른점도 알려주시면 좋을거같아요~~,115
b:format,마스크팩,249,5719,23.0,12,2019-08,2026-08,179,38,1900,broad,더마팩토리 추천템들도 한번 해주세요,광고랑 바이럴이 판을 치는 뷰티유튜브계에 한줄기 빛임 변하지말고 솔직팩폭리뷰해줘요,1700
b:format,샴푸/린스/트리트먼트,188,569,3.0,12,2019-08,2026-08,110,28,96,broad,다음에는   탈모와 가늘어지는 모발에 도움이 되는 샴푸도 올려주세요.,두피에 안전한 염색약 다뤄주세요.,91
b:format,파운데이션,183,1152,6.3,12,2019-08,2026-08,135,34,252,broad,다이소 줌 바이 정샘물 스파츌러 파운데이션 리뷰 해주세요.....많은 영상이 있지만 그래도 언니의 의견이 듣고싶어요🙏🙏 요즘 다이소 퀄리티가 좋아졌으니 리뷰 한번 더 낋여주심 좋겠어요...,다음에 기회가 된다면 남자 메이크업 특히 파운데이션 컬러 고르는 방법도 부탁드리고싶어요~~아마 파데 구매 처음 해본 여성분도 도움이 될꺼같아요,218
b:format,뷰티디바이스,182,983,5.4,11,2024-08,2026-08,110,32,384,broad,뷰티디바이스 비교도 해주실수 있나요?,뷰티 디바이스 좋은거 추천해주세요 ㅋㅋ,107
b:format,프라이머/베이스,177,549,3.1,12,2024-08,2026-08,152,36,68,broad,최근 비비크림(재생비비)에 관심이 생겼는데 제이나님이 다뤄주시면 믿고볼수 있을 것 같아요ㅎㅎ,프라이머 추천영상 만들어주세요,48
b:format,블러셔,148,319,2.2,12,2019-08,2026-08,115,32,57,broad,저는 블러셔 ㅈㄴ이쁘다고 생각해 언니 블라셔 마음에 안드시는분들은 풀영상 봐주세요,스코님 블러셔 꿀팁 영상 함 낄여주십쇼..,31
b:format,이너뷰티,143,951,6.7,12,2024-08,2026-08,100,25,428,broad,"먹는 알부민, 먹는 콜라겐, 효소 이런것들도 한번 다뤄주세요!","그냥 수많은 과학자분들이 열심히 연구해서 효과 있다고 입증한 성분만 쓰면 됨(레티노이드,순수비타민C,나이아신아마이드 판테놀 등) 성분같은거 아예 모르면 ai한테 효과가 확실히 입증된 성분 알려달라고 하셈",183
b:format,툴/소품,143,935,6.5,12,2024-08,2026-08,112,39,343,broad,솔직히 옛날 에뛰드 핑크핑크 케이스 좀 돌려줬으면ㅜㅜㅜ,"언니이거 제품이랑 브러쉬 정보좀 주세여,,,",244
b:format,아이라이너/마스카라/브로우,116,661,5.7,12,2019-08,2026-08,88,26,417,broad,이 메이크업은 속눈썹 안 붙이는 버전으로도 하나 더 찍어주시면 안될까용?🥺 너무너무 이쁜 메이크업인데 데일리로 하기에는 속눈썹 잘 못붙이는 사람한테는 속눈썹 붙이는게 살짝 불편할꺼같아요😂❤,"올려주시면 백만 쌉가능 ㄹㅇ 점막채우기, 앞트임, 뒷트임, 마스카라까지 이보다",42
b:format,아이섀도우,112,363,3.2,12,2024-08,2026-08,87,29,166,broad,엉니 섀도우가 안 어울리는 얼굴들을 위한 섀도우 생략하고도 나름 이뻐보일수있는 그런 메이크업 영상 원해용 ….,사기에는 넘 힘들어요..ㅠ🥲 돈 없는 학생 자냥이들을 위한 최소한의 팔레트를 사용해 화장하는 영상도 찍어주실수 있나요..?,62
b:format,파우더,111,402,3.6,9,2024-08,2026-08,100,28,122,broad,언니언니 파우더 초대형 리뷰 보고 싶어용...,그리고 너무 지금 튀어나올것 같이 생겨서 옆머리좀 만글었으면 좋겠음 +파우더는 원래 가루가 날리는거고… 브랜드 이름좀 알아봐줘 ㅈㅂ,53
b:format,세트/기획,104,371,3.6,12,2024-08,2026-08,78,28,247,broad,제대로된 기획으로 제조가 되고 그것을 배경으로 마케팅으로 설명을 제대로 해줘야하는데 제품 상세설명은 예쁘게만 밑도끝도 없이 마케팅언어로 가득찬 복붙형 설명이 너무 싫었는데 이렇게나 과학적인 배경이..,사고 싶은데 세트 기획도 만들어 주시면 안되나요 😂😂,27
b:format,향수,76,443,5.8,11,2025-08,2026-08,42,15,365,broad,가리걸 혹시 친구걸들 향수도 뿌리면 향수 컨텐츠도 한번 해주면 안대영?,말씀하시는 향수 명을 상단 표기해주실 수 있나요??,28
b:format,바디,74,234,3.2,11,2019-08,2026-08,57,22,124,broad,바디로션편 2016이후로 따로 다뤄진 건 없었던 거 같은데 2018ver 부탁드려도 될까요?,저는 제발 바디로션 ㅠㅠ꼭 영상 한번 만들어 주시면 좋겠어요,17
b:format,컨실러,70,196,2.8,11,2019-08,2026-08,52,21,86,broad,컨실러로 코 옆쪽 깔끔하게 밝히는 법도 알려주세요…!!,해니님 홀리카 피스컨실러 활용 영상도 보고싶어요,11
b:format,필링/스크럽,52,187,3.6,11,2024-08,2026-08,49,20,109,broad,없어졌고 미세한 가루가 각질 제거도 해줘서 그런지 피부결도 부드러워지고 화장도 잘먹음 개꿀임..,"혹시 가능하시다면 가드름, 등드름, 바디케어 영상 부탁드려요😢 요즘 스크럽이랑 보습 관리 아무리 잘해줘도 호전이 없어서 제품군좀 바꿔보려는데 막연해서요.",48
b:format,미스트,52,87,1.7,10,2024-08,2026-08,47,20,40,broad,자외선미스트 어떤거쓰시나요?알려주세용 😊,언니 선미스트 추천해줘요ㅠㅠ,9
b:format,선스틱,42,156,3.7,5,2024-08,2026-08,27,15,42,broad,요새 선스틱도 좋은 제품이 많이 나왔던데 한번 다뤄주시면 바디에도 사용하고 많은 도움 될거 같아요!,선스틱도 추천해주세요~!ㅜㅜ,39
b:format,헤어스타일링,40,421,10.5,11,2021-08,2026-08,36,21,280,broad,염색약제품도 다뤄주세요 30대부터 새치염색한지 15년째입니다 3주에한번씩 미용실에가는데 경제적부담도 크고 머리손상도 많이되네요,너무 예쁜데 엄청부지런해야겠네요ㅎㅎ탈색까지 하셨던머린데 머리결이 엄청 윤기나고 찰랑찰랑해보여요!!따로 헤어케어 하시는거 있으시면 담에 소개해주세요❤,31
b:format,선쿠션,39,81,2.1,7,2024-08,2026-08,31,11,35,broad,선스틱 선쿠션 같은 것도 해주시면 안될까요?,혹시 다음에 썬쿠션 좋은 거 알려주실 수 있나요??,14
b:format,하이라이터/쉐이딩,38,67,1.8,12,2024-08,2026-08,35,20,13,broad,같은 이유 쉐딩/하이라이터 버전으로도 알려주세요!!!,오빠 하이라이터 리뷰도 해주세요!!,12
b:format,면도/제모,35,104,3.0,8,2024-08,2026-08,28,13,67,broad,오 레이저 제모기 가정용이 있었네 ㄷㄷ 제모기 리뷰 한번만 부탁드릴게요,여름이니까 제모에 대해서도 다뤄주세요.,6
b:format,로션/에멀전,34,29,0.9,11,2025-08,2026-08,33,15,3,broad,그리고 여름에 쓰기 좋은 그리고 향기가 너무~~좋은 보습도 있고 한  바디 워시 바디 로션 아이템을 컨텐츠도 기획 해주세용,"사춘기 그 나이때 관리 잘 해줘야 하는데 “살리실산이 함유된 로션” 을 발라주면 블랙헤드, 유분기 조절되서 모공 관리 피지 관리 됩니다.“  클렌징은 자외선 차단제를 어떤 종류를 사용하느냐?에 따라 달라지는데 대체적으로 클렌징 오일 사용하면 강력한 자외선 차단제도 잘 지을 수 있습니다.",3
b:format,핸드크림,26,58,2.2,8,2019-08,2026-07,23,9,32,thin,핸드크림도 해주세요~~!!,핸드워시 추천해주세요😊😊😊 너무 잘생겼네요,4
b:format,네일,24,397,16.5,9,2023-08,2026-08,24,13,260,persistent,저스트메이크업 쌤들이 나온다는거 제목이나 썸네일에서 보여주시면 넘 좋을거같아요,"나중에 웨딩네일하시면 월간네일 그 호는 결혼식영상 깜짝 공개로 해주면 좋을거같다ㅠㅠㅠㅠㅠㅠㅠㅠ아님 자냥들 온라인 청첩장 느낌으로,,,",80
b:format,메이크업픽서,23,52,2.3,6,2019-08,2026-08,22,9,34,thin,혹시 담에 픽서 리뷰 부탁드려도 될까요 ?,진짜 해니님 방법대로 하고 픽서까지 써주면 걍 어떤 상황에서도 수정할 필요가 없긴 해요!!,3
b:format,아이크림,19,72,3.8,7,2019-08,2026-07,18,7,34,thin,"누룩밤으로 전체적인 기미/톤 잡아주고 아이크림으로 눈가 주름, 멜라논으로 국소 부위 찍어주면 피부가 진짜 쫀쫀해지고 깨끗해져요.","누룩밤으로 전체적인 기미/톤 잡아주고 아이크림으로 눈가 주름, 멜라논으로  국소 부위 찍어주면 피부가 진짜 쫀쫀해지고 깨끗해져요.",10
b:format,데오,9,68,7.6,4,2024-08,2026-07,8,6,67,thin,데오스틱 공구해주세요...,데오드란트 도 추천부탁드려요^^,1
b:format,올인원,9,13,1.4,5,2024-08,2026-08,9,5,11,thin,군인들을 위한 올인원도 해주세요!,여름철 올인원 아이템 추천해주세요!!,2
b:brand,다이소,182,2786,15.3,12,2024-08,2026-08,129,38,1200,broad,날잡고 다이소 추천템도 해주세요~,다이소 줌 바이 정샘물 스파츌러 파운데이션 리뷰 해주세요.....많은 영상이 있지만 그래도 언니의 의견이 듣고싶어요🙏🙏 요즘 다이소 퀄리티가 좋아졌으니 리뷰 한번 더 낋여주심 좋겠어요...,252
b:brand,디파,87,352,4.0,9,2022-08,2026-05,53,1,84,persistent,디파님 아누아 사기 업체인데 실제 제품 성분 분석영상 만들어주시면 안되나요?,한평생 선크림도 안 바르던 제가 디파님 추천템&추천성분 덕분에 처음으로 선크림 다쓰고 빈 통을 n개째 만들다못해 선스틱/선쿠션까지 관심을 갖게되었어요 ❤ 앞으로도 유용한 영상 부탁드립니다,68
b:brand,러쉬,79,440,5.6,12,2024-08,2026-08,56,22,244,broad,"언니이거 제품이랑 브러쉬 정보좀 주세여,,,",진짜 브러쉬 기획 할꺼면 신컬러 하나라도 만들어 달라ㅠ,64
b:brand,올리브영,50,196,3.9,11,2023-08,2026-08,47,28,65,broad,이렇게된이상 책임감을 가지고 올리브영 털기도찍어주세요!!!!!,올리브영 구경하다가 후니언 화장품 추천 리뷰 영상 2500개(개오바) 에서 쿠션 부분만 보고 있는데 수부지 여드름자국 커버력 어느정도 있으면서 여름에 개기름 처럼 보이지 않으며 또 미친 매트가 아니라 살짝 세미 매트 이고 속건조가 느껴지지 않으며 지속력이 좋고 다크닝 없는 쿠션 딱 한개,28
b:brand,레이어랩,48,342,7.1,11,2025-08,2026-07,36,3,221,persistent,기존에 샀던 레이어랩제품들과의 루틴 꼭 짚어주세요.,기존 모든 레이어랩제품  사용중인데  요번 제품과 루틴 알려주세요,24
b:brand,에스쁘아,37,346,9.4,9,2025-09,2026-08,32,17,319,broad,요번에 나온 에스쁘아&에스트라 비비도 알려주세요!!,에스쁘아는 흐린눈 할테니까 코스알엑스 마켓 또 해주세요!,9
b:brand,더마팩토리,33,2839,86.0,9,2025-08,2026-08,20,8,1900,persistent,더마팩토리 추천템들도 한번 해주세요,이분 컨셉 확실한게 더마팩토리 매번 좋은 쪽으로 언급해서 시청자들이 제발 제품추천해달라하는데도 추천은 안 하고 타브랜드 패러다님 ㅜ,249
b:brand,헤라,33,75,2.3,11,2025-08,2026-08,30,13,17,broad,"헤라, 설화수, 시세이도 파란자차, 데코르테, 아떼 무기자차도 부탁드려요 😂😂",헤라 선크림 리뷰도 부탁드립니다~,12
b:brand,나노레시피,30,262,8.7,9,2025-08,2026-08,22,3,234,persistent,담에는 나노레시피랑 디오디너리도 부탁드려욥!,나노레시피 공구 언제쯤 할까요?공구 부탁드려용^^,13
b:brand,네이밍,25,158,6.3,7,2024-08,2026-07,23,13,81,thin,네이밍에서 나온 신상 쿠션리뷰해주세요 ㅠ,"영상에 등장한 화장품 브랜드 모아봄  구달, 네이밍, 에뛰드 9회, 디어달리아, 다이소 3회, 라네즈, 이니스프리, 웨이크메이크 2회, 페리페라 10회, 키스미, 홀리카홀리카, 바닐라코 2회, 컬러그램 7회, 티르티르 2회, 롬앤 3회, 클리오 2회, 데이지크, 설화수, 구찌, 크리니크",35
b:brand,쿼드쎄라,25,23,0.9,6,2025-08,2026-05,20,8,6,thin,LDM기기들 쿼드쎄라랑 비교영상 기다리고있겠습니다!!!!!!,쿼드쎄라 펄샷 공구 언제 하나요??구매하고 싶어요,4
b:brand,비디비치,24,375,15.6,9,2025-08,2026-08,24,12,194,persistent,"비디비치 블랙, 헤라 블랙쿠션이랑 비교해주세요오오",다음엔 3탄으로 쿼치 하밍 비디비치 투크아비브등도 꼭 다뤄주세요~~,89
b:brand,정샘물,23,131,5.7,9,2025-08,2026-08,18,14,59,persistent,딘토 파데랑 정샘물파데랑 비교해주세요,언니가 정샘물 리뷰해주기 기다렸엉!😁,51
b:brand,셀퓨전씨,23,63,2.7,9,2025-08,2026-07,18,12,42,persistent,셀퓨전씨 스킨 블레미쉬 밤 <<< 이번에 리뉴얼되면서 색상도 여러개로 나왔던데 리뷰 해주시면 좋을 것 같아요!!,언니 셀퓨전씨에서 새로나온 워터핏 리커버 비비크림이랑 원래거랑 비교해주세요,10
b:brand,어바웃톤,22,47,2.1,9,2025-08,2026-07,21,10,12,persistent,나중에 어바웃톤 관련 마켓도 꼭 해주세용,이렇게 영상에서 언급하면서 차분하게 자기 입장 얘기해줘서 고맙고 돈 받으면 힘들면 안되냐는 말부터 나오면서 저는 화날 것 같은데 역시 더 으른스러운 후니언..♡에 또 반했어요😍🤩 더샘 쿠션 샀는데 어바웃톤 선세럼이 여기저기 다,9
b:brand,에뛰드,21,360,17.1,9,2019-08,2026-08,21,11,343,persistent,솔직히 옛날 에뛰드 핑크핑크 케이스 좀 돌려줬으면ㅜㅜㅜ,그리고 베이스 테스트는 전부 X받은 에뛰드러 하셔서 아수ㅏ워요😢 프라이머밤이나 썬앰플 이런건 바르고 위에 잘쓰는 쿠선을 써서 리뷰하신 걸 보고싶어요.,3
b:brand,샤넬,21,87,4.1,9,2025-08,2026-08,19,9,34,persistent,샤넬 시계도 이렇게 리뷰해주심 좋겠어요ㅠㅠㅠ진짜 시계 전문 유튜버보다 100배 재밌음ㅋㅋㅋ,샤넬 정보 좀 알려주세요!,13
b:brand,토리든,21,31,1.5,8,2024-08,2026-08,17,10,14,thin,토리든이랑 리얼베리어도 리뷰해주시면 감사하겠습니다~,토리든 수분크림도 리뷰해주세요!,5
b:brand,롬앤,21,22,1.0,7,2026-01,2026-08,17,9,8,thin,누제로쿠션 잘썼어서 롬앤쿠션 구매해보고 싶은데 요것도 리뷰해주실수잇나요??🥹🥹,롬앤도 해주세요ㅜㅠ❤,4
b:brand,제로이드,20,465,23.2,5,2025-08,2026-08,17,8,231,thin,제로이드 왜이렇게 비싼건지도 영상다뤄주세요 ㅠㅠ,"확실히 밀크로 바꾸니까 자극도 덜하고 촉촉한 느낌임 세안하고 레드지움 재생앰플이랑 제로이드 크림 발라주고 여드름 올라오면 아젤리아 크림 발라주면 여드름이나 속건조, 여드름에 좋은 루틴인듯함",159
b:brand,라네즈,20,209,10.4,5,2025-08,2026-08,14,6,98,thin,라네즈 네오 쿠션 더매트랑 비교 원해요!!,라네즈 네오 쿠션 더 매트랑 네이밍 올데이 마스터 쿠션도 출시되면 리뷰해주세요..!!,61
b:brand,디올,20,60,3.0,11,2025-08,2026-08,18,12,32,persistent,언니 디올 매트 파데도 해주시면 안 될까요 🥹🥹🥹,신상 나스.디올 비교분석해주세요,6
b:brand,블랑네이처,18,13,0.7,7,2026-01,2026-08,16,5,4,thin,언니 블랑네이처 쿠션이랑 파넬 쿠션 비교 궁금해요,블랑네이처 또 마켓안하실까요?,2
b:brand,퓌,17,95,5.6,6,2025-10,2026-08,15,8,35,thin,제발제발 퓌 올데이 쿠션 리뷰 좀 부탁드립니다.,곧 출시되는 퓌 매트쿠션이랑 비교보고싶어요!!!,29
b:brand,아누아,16,668,41.8,8,2025-08,2026-08,14,8,583,thin,제발 아누아 파헤쳐주세요!!,아누아는 사기광고 이후 제 맘에서 퇴출돼서 다른 추천 제품 없을까요...?,71
b:brand,에스네이처,16,7,0.4,7,2025-11,2026-07,15,7,2,thin,아니 에스네이처 수분크림도 잘 쓰구 에스네이처 미스트도 추천해주구 이제 마스크팩까지 추천해주면 마켓 해야하는고 아닌가욧!!🤍 미스트 살까 장바구니 담아뒀는데 마스크팩까지 좋아버리면 후니언 마켓 넘 필요하자나!,에스네이처 저 마스크팩은 진짜 제발 마켓 해 주세요 ㅠㅠㅠㅠ,2
b:brand,클리오,15,31,2.1,9,2025-08,2026-08,14,11,19,persistent,스코님!!클리오 아몬드로즈 바르신 라카 브러쉬가 지금 단종된 것 같아용🥹🥹🥹 클리오 블러셔랑 궁합 잘 맞는 다른 브러쉬 추천해주실수있나용💓💓,언니 클리오 에이블리 콜라보(?) 신상 쿠션 리뷰해주세요!!,3
b:brand,힌스,15,25,1.7,5,2026-02,2026-07,13,6,13,thin,"쿠션 추천해주긴 했는데 언니는 힌스 좋다고 해서,,, 혹시 어떤 게 더 좋아요,,,?ㅠㅠ","말랭 님 오늘도 지성 피부들의 구원 같은 영상을 말아주셨군요 .....🥹💕💕 혹시 6월 말에 베트남 여행 가는데 힌스 핑크, 에스쁘아 실크 스킨 레이어, 라네즈 더 매트 중에서 뭐가 제일 좋을지 추천해주실 수 있나요??!!",3
b:brand,폴라초이스,15,14,0.9,7,2025-08,2026-08,13,7,5,thin,저는 알로에 냉장고에 넣어놓고 알로에팩 열 오를때 해주고 폴라초이스 나이아신아마이드랑 픽스베리어 재생크림 발라주면 요즘같은 날씨에 피지조절도 되서 모공도 쫀쫀해지는거같더라구요,레티놀 제품 폴라초이스껄로 계속썼는데  이건 어떤지  뒷북친다고 대노하지 마시고 혹 혹시 댓글보시면 알려주시면 감사하겠습니다😅😅,4
b:brand,에스티로더,15,12,0.8,6,2025-08,2026-08,13,8,3,thin,아르마니 파워패브릭 리뷰해주세용 에스티로더만큼 커버력이 좋다는데 비교해주세용,에스티로더 파데 색상고르는팁 알려주세요!!!!,3
b:brand,포인트,13,203,15.6,4,2025-08,2026-06,12,10,59,narrow-strong,중간중간 띠용때용 귀여운 포인트도 더 많아서 괜히 더 친해진 느낌 🐱  이런 컨셉으로도 자주 찍어주세요!!!,포인트 메이크업 안하고 오로지 썬크림만 바르는 사람들의 세안 정리도 부탁드립니다,58
b:brand,리스키,13,20,1.5,7,2025-09,2026-08,11,4,5,thin,제발 리스키뷰티 펄 팔레트로도 홀리데이 메이크업 낋여주세요………,리스키 글로스랑 페리페라 신상 글로스랑 로지킴 글로스 리뷰도 해주세용🥹 늦어도 되니깐 꼭 해주시먄 감사할꺼같아요 💕,4
b:brand,비플레인,13,18,1.4,4,2025-08,2026-07,12,6,12,thin,비플레인 녹두 선크림이 없다니😢 시원함 오래 가고 눈에 띄는 나쁜 성분 없길래 파이님께서 A이상 주시면 바로 구매하려고 했었는데,비플레인말고도 클렌징밤 추천해주세요!!,4
b:brand,바닐라코,13,10,0.8,8,2025-09,2026-08,13,8,3,thin,스코언니 바닐라코 소봉님이랑 공동개발하신 블러셔 그것도 리뷰해주세요ㅠㅠ,지성인은 언니가 그저 빛… 언니 말 듣구 바닐라코 파우더 사고 일주일정도 됐는데 극강의 구워짐에 감격받았지모야🥺🥺💕💕 언니 계속해줘요잉..,3
b:brand,홀리카,12,51,4.2,5,2025-10,2026-07,11,8,22,thin,언니홀리카신상나온다는데리뷰해주세요!!!💕💕,해니님 홀리카 피스컨실러 활용 영상도 보고싶어요,11
b:brand,메디큐브,12,48,4.0,4,2025-08,2026-06,9,7,21,thin,메디큐브 하이포커스샷이랑 비교해서 궁금해요 ..!!,3월에 메디큐브 부스터프로 2버전 나온다는데 구버전 신버전 비교해주세요!!!머사야할가요ㅜ,17
b:brand,이니스프리,12,40,3.3,6,2025-08,2026-08,11,9,26,thin,웅니 요즘 이니스프리 포어블러 파우더 트위터 코덕들 사이에서 지속력 미쳣다구 난리던데 리뷰해주세용,진짜 극지성인데 이거 바른다음에 이니스프리 루스 파우더 해주면 오래감유,5
b:brand,브레이,12,39,3.2,7,2025-10,2026-04,10,2,29,thin,브레이 마켓 또해주세요,"후니언님 이벤트 당첨으로 브레이 쭉 쓰고있는데,, 진짜 너무 좋아서 마켓때 코렉터 전컬러 살 예정이라 혜택들만 좋게 가져와주세요~~🤍",4
b:brand,웨이크메이크,12,19,1.6,7,2025-09,2026-08,9,5,5,thin,"웨이크메이크 뮤트로즈블러링 활용한 영상도 올려주실 수 있읆가욤,,,,,,,,,,,,ㅇ","이벤트로 궁금했던 웨이크메이크 쿨톤 립스틱 써보고 싶은데, 몽몽님이 골라주시면 정말 행복할 것 같습니다.",4
b:brand,시세이도,12,16,1.3,8,2025-08,2026-08,10,7,10,thin,디올은 매트로 구매하실 것 같았는데 글로우를....!🥲 나중에 매트도 리뷰 부탁드려요🥺 와 시세이도는 바르는 순간부터 완전 피부를 무광코팅 시켜버리네요,"퓨처리스트와 시세이도 석발,  퓨처리스트 베이스로 바르고 볼에만 시세이도 추가 이렇게 비교도 해주세요",2
b:brand,파티온,12,13,1.1,5,2025-11,2026-07,12,3,4,thin,전에 선세럼 추천으로 보고 파티온꺼만 써왔는데 이번 선크림 추천에서도 가볍다고 하셔서 걔랑 비교했을때 어떤지 궁금해요,파티온 마켓 언제 하나요 ㅠㅠㅠㅠㅠ,3
b:brand,에스트라,12,12,1.0,7,2024-08,2026-08,11,7,3,thin,언니제발제발요 ㅜㅜㅠ너무 잘보고있는데 에스트라 버블클렌저에 말라세지아 유발성분잇는지 봐주실수있나요 ㅠㅠㅠㅠㅠ하려고하는데 자꾸 안되서,혹시 에스트라 아토배리어 365 크림은 목록엔 있는데 영상엔 왜 없을까요?,2
b:brand,미샤,12,10,0.8,8,2025-08,2026-08,10,7,4,thin,언니 미샤 빨간 뚜껑 ...3탄하시면....부탁드립니당 아니면 댓글 달아주신다고 하셨는데여..답변부탁드립니다!,비비크림도 예정이시라면 비교군에 미샤초보양비비랑 셀퓨전씨 인텐시브비비랑 에끌라두 레제네도  부탁드려용❤ 혹시 에끌라두 레제네 비비는 성분적으로 어떨까요????,3
b:brand,닥터지,12,9,0.8,7,2024-08,2026-07,12,9,4,thin,좀더 겨울에 쓸만한거 추천해주실수 있으신가요?????영상에 나온 닥터지 베리어d 크림은 너무 짱짱한걱 같아서 혹시 그 사이로다가 ??,앞으로도 많은 정보 부탁드려요 ^^ 닥터지 화이팅입니다!,2
b:brand,페리페라,11,170,15.5,6,2019-08,2026-08,10,5,148,narrow-strong,페리페라는 지금당장 라떼달달해 품절을 풀어주시기 바랍니다,페리페라랑 힌스 궁금 했는데 감사해용❤❤ 스코님 혹시 다음 겟레디때 퓌쿠션+에스쁘아 블러셔 조합으로 보여주실수 있으실까요오?,18
b:brand,아벤느,11,133,12.1,6,2025-08,2026-07,9,4,113,narrow-strong,아벤느 미스트 뿌리고 토리든 세럼이랑 픽스베리어 재생크림에 디페린겔 섞섞해서 발라주면 여드름 싹가라앉고 쨩죠아요!!,비타민은 순수비타민 가루로 바르는게 효과가 진짜 좋음 아벤느 미스트 뿌리고 브링그린 세럼바르고 레드지움 재생크림에 순수비타민 가루 같이 섞어서 발라주면 흡수도 잘 되고 효과도 좋습니댜!!,10
b:brand,팁토우,11,49,4.5,2,2026-07,2026-08,4,3,22,thin,팁토우 메이크업 튜토리얼 올려주세요ㅜㅜ,팁토우 2호 튜토리얼 올려주실 수 있으까요..,17
b:brand,주미소,11,24,2.2,5,2025-08,2026-08,9,5,18,thin,주미소 장벽크림 보습감 알려주세요,"주미소 기초케어 맛집인데 다들 알아줘요,,, 수부지에게 최고예요!!",3
b:brand,유이크,11,24,2.2,6,2026-02,2026-08,9,4,21,thin,언니… 유이크 마켓 끝나셨을수도 있지만… 다좋은데 냄새만 어떻게 해주시면 좋겠어요..😢 세수할때마다,유이크 클렌징밤은 이제 마켓 안하나요?ㅠ,3
b:brand,마데카,11,13,1.2,5,2022-08,2026-06,11,8,4,thin,화장품 흡수도와주는 기능만 봤을때 이로셀과 마데카 프라임 비교하여 어떤게 더 좋은지 궁금해요😊 항상 영상으로 도움 많이 받고있습니다.,마데카크림좋아요 ㅋ 등드름관리법알려주세요 ㅠㅠ,4
b:brand,넘버즈인,11,8,0.7,5,2025-08,2026-08,11,7,3,thin,온니...혹시 넘버즈인 1번라인 마켓 또 안 하나요...ㅠㅠ,민스코님 올해는 넘버즈인마켓안하나요ㅠㅠㅠ😢,1
b:brand,쿠팡,10,121,12.1,7,2025-09,2026-08,10,9,86,narrow-strong,비하인드로 다른 제품들도 많이 샤라웃 해주시면 좋겠고 쿠팡 이틈을 타서 할인해주면 좋을 것 같아요 ㅋㅋㅋㅋㅋㅋㅋ,옛날엔 쿠팡에서 광고없이 여러제품 추천해주샸는데 요새는 올 광고제품인가 보네요 😂,31
b:brand,바이오더마,10,114,11.4,3,2025-08,2026-06,10,8,76,narrow-strong,그그 바이오더마 로션 두세번 레이어링 해주고 비타치올 앰플바르고 브링그린 크림 발라주면 진짜 촵촵 화잘먹 피부 쌉가넝이에요,바이오더마 피지오겔 라로슈포제 에스트라 등등 얘네들도 한번 다뤄주실수있나요?,19
b:brand,코스알엑스,10,38,3.8,6,2025-11,2026-06,8,3,30,thin,비타치올 재생앰플이랑 코스알엑스 크림발라주고 디판테놀까지 발라주면 장벽관리되면서 잘 안뒤집어지는 피부 가넝합니다,와 첫번째부터 궁금한거 다있어서 좋아요 ㅠㅠ❤❤❤ 코스알엑스 비타민세럼도 리뷰 해주실수있을까요?!,7
b:brand,일리윤,10,18,1.8,4,2022-08,2026-08,10,8,15,thin,일리윤도 해주세요!!,일리윤 세라마이드 아토 수딩젤 말라세지아 성분 확인 좀 부탁드려요..,1
b:brand,리필드,10,3,0.3,6,2025-08,2026-08,7,2,2,thin,다음에는 리필드 사이토카인 아이래쉬 앰플도 테스트해 주세요!,혹시 리필드마켓은 언제하나요,1
b:brand,라로슈포제,9,150,16.7,5,2025-08,2026-08,9,7,136,narrow-strong,이걸로 세안 해주고 비타치올 재생앰플이랑 라로슈포제 바르고 아젤리아 크림 발라주면 여드름 피부 진짜 서서히 가라앉음!,라로슈포제 유명한 크림도 분석 부탁드려요!!,5
b:brand,디오디너리,9,123,13.7,5,2025-08,2026-07,8,6,69,narrow-strong,"디오디너리, 미닉도 해주세요 !",제발 디오디너리 특집 추천템 찍어주세요,43
b:brand,에이프릴스킨,9,17,1.9,6,2026-02,2026-08,9,4,16,thin,에이프릴스킨 매직스노우 리뉴얼된거 리뷰해주세요..!!!,혹시 에이프릴스킨 앰플이랑 블랑네이처 토너 둘 중 하나만 고른다고 하면 무엇을 추천해주실까요?!💖,1
b:brand,아멜리,9,11,1.2,6,2025-10,2026-07,6,5,7,thin,아멜리도 해주세여!!!!,"해니님 영상에서 얼굴 작아보이게 하는 메이크업 꿀팁 보고 완전 감동했어요✨ 그중에서도 아멜리 여백카롱 섀딩은 꼭 써보고 싶은 제품이에요🤎자연스럽게 그림자 지듯 얼굴선을 정리해줘서 진짜 얼굴소멸 메이크업의 핵심템 같아요!컬러가 너무 진하지도 않고, 여백 메이크업처럼 자연스럽게 음영을 주는",2
b:brand,홀리카홀리카,9,9,1.0,3,2025-08,2026-08,8,6,3,thin,홀리카홀리카 에뛰드 풀리 같은 브랜드들에서 젤리파우더 형태의 제품들이 많이 나왔는데 노세범 파우더류 제품들이랑 비교해보고 추천해주시는 영상 만들어주실 수 있을까요?,"홀리카홀리카 레프스, 시나몬롤 써주세요!!",2
b:brand,맥,8,182,22.8,6,2026-02,2026-07,8,7,171,narrow-strong,"우리나라 코스메틱 대기업 두 양대산맥 아모레퍼시픽과 LG생건이 있는데요, 좋은 제품 소개 많이 부탁드립니다.",줴발 맥 러스티글래스 제형도 리뷰해주세요 ㅜㅜ,3
b:brand,메디힐,8,28,3.5,3,2026-04,2026-07,8,5,23,thin,메디힐 선세럼 리뷰좀 해주실수 있을까요?,메디힐 선세럼 진짜좋아요 ㄱ걍 생얼에 발라주면 그냥 삭슥 바르기만해도 너무잘발리고 24시간 유지된다해서 한번만 바르고 나가면되고 특히 이런거 귀찮아하는 남친남편에게 사주시면 너무좋아하고 잘쓸거에요,2
b:brand,투슬래시포,8,21,2.6,5,2024-08,2026-06,8,5,7,thin,언니 투슬래시포 리뷰 부탁드려요!,언니 투슬래시포 립칠러 리뷰해주세욤……🥹,4
b:brand,루미르,8,14,1.8,4,2025-11,2026-08,8,3,5,thin,"루미르 섀도우 팔레트, 크리니크 치크팝 제품정보 부탁드립니다 🙏 제발요 ❤",메이크업보니까 루미르 팔레트 8호  문릿모브도 생각나는데 언니랑 같은 여름뮤트로써 그 팔레트로 데일리메이크업하는 것도 보고싶어요!❤,4
b:brand,힐링버드,8,8,1.0,5,2026-02,2026-08,5,2,5,thin,"힐링버드 비듬 지인 사주고, 정말 너무 좋아하고, 제품력에 으뜸 백만개 주고 고맙다고 얼마나 이야기를 들었는지 몰라요…❤또 마켓 해주세요",저도 빗질을 자주자주 해줘야겠어요 :) 특히 힐링버드 에센스 - 🤍 꺄 넘 기대되네요 !,1
b:brand,어뮤즈,8,7,0.9,6,2025-08,2026-07,8,5,4,thin,어뮤즈 젤핏 글로스 리뷰해주세요 !,어뮤즈 에어리 포어 커버 쿠션 리뷰해주세요ㅠㅠ,1
b:brand,나스,8,5,0.6,5,2025-08,2026-08,7,7,2,thin,찬스님 나스 리플렉팅 파운데이션 리뷰해주시면 안될까요 ㅠㅠ,나스 컨실러 주근깨와 기미 커버용 색 추천해 주실 수 있으실까요?,2
b:brand,데이지크,8,3,0.4,5,2025-10,2026-08,6,4,1,thin,푸른기 스윽 없애지고 데이지크 립 발라주면 끝판왕일듯...,👑✨ 아니 베르사유 정원에서 장미 따고 오신 공주님 같아요🌹🤍 궁전에서 휴가 보내시던 공주님이 잠깐 한국 오신 줄…👑🌸 지냐님 너무 핑잘봄 찰떡이시구 이렇게 아리따운 모습으로 담아주셔서 감사합니다🎀💗 지냐님 그리구 자냥님들 앞으로도 데이지크 많은 관심 부탁드립니다🌷,1
b:brand,마몽드,8,1,0.1,2,2025-08,2026-07,7,5,1,thin,언니 화잘먹 마몽드 세럼 지성버전 나온것도 써주세요 ㅠㅠㅠ,먼저 오일제품으로 기름제거 후 워시오브세럼으로 해주고 턱은 디오너리로 하고 이마코옆좁쌀은 마몽드데이지리퀴드해주고 알로에젤 올려주고 약흡수시킨뒤 더여백푸딩마스크 올려주면될까요?헉헉,0
b:brand,웰라쥬,7,94,13.4,4,2025-12,2026-08,7,7,91,narrow-strong,"이런 정성과 열정이 있어야 뷰티유튜버 하는군용 요즘 유튜버 진입장벽 너무 높아진거 아니냐며,, 전 쿠션도 쿠션인데 기초를 튼튼하게 안채우면 쿠션의 수분감이 날아가면서 더 건조해지더라구요 ,, 그래서 꼭 수분감 가득한 토너패드로 피부열감 낮춰주고 웰라쥬 히알루론 앰플 3번 발라준 뒤 픽스",웰라쥬 시카크림도 해주세요,2
b:brand,아모레,7,34,4.9,4,2025-08,2026-08,7,6,19,thin,아모레 시카 콜라겐 슈퍼레티놀 영양제도 리뷰해주세요,아모레 LED제품 마켓해주세요🙏🙏,8
b:brand,그로우어스,7,14,2.0,4,2026-02,2026-08,6,3,13,thin,이런거 너무 좋아용 그로우어스꺼 알려주신 것도 잘 쓰고있어여 지성두피 추천템 더더더 낋여와주세요🙏😍😍,"언니 저 그로우어스 미역샴푸 처순이 됐어욬ㅋㅋㅋㅋㅋㅋ지금 한 4병째 쓰는즁ㅋㅋㅋㅋ언니한케 영업당해서 헤어나오질 못해,,,저 지성인데 이거 진짜 떡 덜져서 너무 좋아용~~헤어밀크는 첨 들어보는데,,,신기하네용,,,헤어템에 진심인 언니 추천템이라서 써보고 싶어용~머리 상한 부분은 푸석해져서",1
b:brand,브링그린,7,13,1.9,5,2025-08,2026-07,7,5,6,thin,혹시 브링그린도 리뷰 해주실 수 있으실까요?,브링그린 징크테카 리페어 흔적 크림 신상으로 나왔는데 어떤지 리뷰 해주실 수 있으신지ㅠ.ㅠ,4
b:brand,구달,7,13,1.9,5,2025-11,2026-06,7,7,11,thin,올영에서 선크림 추천해달라고 하면 무조건 구달 어성초 선크림이라고,혹시 구달 브랜드 중 다른 제품 말라세지아 모낭염 악화 성분 있는지 알려주실 수 있나요?,1
b:brand,유세린,7,8,1.1,2,2026-04,2026-05,3,3,5,thin,"착하고, 순한 유세린😂 미백의 끝판왕👑 지성피부라 이븐래디언스 듀오 앰플 넘 잘 쓰고 있어서, 이번에 티아미돌 부스터 세럼 올영에 선런칭 된다고 해서 살까말까 고민중이었는데, 오늘 유세린 방송에 디파님 출연하신다는 소식에 바로 구매갈기려고 마음 먹었습니다❤ 디파님 라방 출연 잘 안하시는",칙칙해 보이는 피부 톤이 점점 맑고 균일하게 정돈되길 기대하면서 유세린 이븐래디언스 브라이트닝 티아미돌 부스터 세럼이 매일의 스킨케어 루틴 속에서 피부 자신감을 자연스럽게 끌어올려주는 변화의 시작이 되어주길 기대합니다,2
b:brand,프레시안,7,6,0.9,2,2025-08,2026-02,3,3,3,thin,언니 프레시안 펩타세럼 쿠션 설명만 보면 뭔가 유트루 스타일일 것 같은데 리뷰해주세요!,저도 건성이라 환절기만 되면 피부가 너무 건조해져서 화장하기가 싫은데 바쁜 아침에 프레시안 펩타세럼 쿠션 사용해서 오늘 해니님처럼 메이크업해보고 싶어요!,2
b:brand,투쿨포스쿨,7,5,0.7,4,2025-08,2026-07,7,6,3,thin,투쿨포스쿨 베일스킨틴트 리뷰해주세여,"후니언님 오늘 영상도 넘 재밌게봤어요!❤ 투쿨포스쿨 애교살라이너,딘토 구미호 컬렉션등 나올 예정인 신상템들 리뷰도 보고싶어요!",1
b:brand,프리메라,7,4,0.6,3,2025-08,2026-08,6,6,3,thin,프리메라 나이아시카 분석해주실까 기대했는데 오늘 마지막에 딱!,"프리메라 시카수딩크림, 쿠션, 파데도 리뷰 부탁드려요.",1
b:brand,닥터자르트,7,2,0.3,3,2025-08,2026-06,5,5,1,thin,@에즈윤Asyun-w7d  닥터자르트 실버라벨도 부탁드립니닷🥲,파워더마💙 후니언님의 추천템인 닥터자르트에 파워 더마 베리어 크림이라니 사실 크림유목민이라서 계속 사고 써보고 하는데 한번 쓰면 또 오래써야하니까 너무 뭐랄까 돈도 아깝고 슬프더라구요..후니언님과 피부타입이 비슷해서 그런지 후니언님의 크림추천이라니 이거 꼭 써보고 싶자냐자냐요~~🌟이 크,1
b:brand,이즈앤트리,6,153,25.5,3,2025-08,2026-07,6,5,147,narrow-strong,속건조도 잡히고 이즈앤트리 밀크랑 메이크업진하면 투데이 위드 약산성폼이랑 써주고 독도토너 픽스베리어 크림으로 마무리 해주면 트러블 안올라오도 속당김 없이 진짜 피부 유지 잘되용,이즈앤트리 스킨푸드 제로이드 수분크림도 궁금해요❤ 수분 앰플 비교 영상도 부탁드려도될까요?,2
b:brand,아이오페,6,57,9.5,3,2025-08,2026-08,5,4,34,thin,아이오페 레티놀 바르고 픽스베리어 재생크림 발라주면 다음날 피부결 매끈하고 꾸준히 바르면 잔주름에도 효과짱짱쓰,믿고쓰는 글리님😳💫 아이오페 앰플도 진작 따라 사서 쓰는데 저희 엄마도 하나 써보시더니 사달라고 하셔서 엄마것까지 사고요😂 저희 집 화장대 글리님 추천템   한가득 이예요!,15
b:brand,도브,6,42,7.0,2,2026-04,2026-06,3,3,32,thin,도브로 머리감고 코코넛오일로 헤어에센스처럼 발라주면 머리 엉키는거 없어요.,"그래도 도브비누 시도해보는건 강추, 맞는다면 득일것임 이상욱 의사님 담번엔 유기농 비누에 관해서 영상 만들어주세요🙆‍♂️🙏💗",9
b:brand,하트퍼센트,6,33,5.5,2,2026-01,2026-07,3,2,23,thin,하 ㅠㅠ하트퍼센트 라인프 루프 신 컬러 나와가지고 사려고 작년부터 계속 그러고 있는데 진짜 신 컬러 리뷰 해주는 사람이 없어가지고 결국 버티다가 지금 샀는데 이제 영상이 올라오네 ㅜㅠ,여쿨라 제발 하트퍼센트 도트 온 무드 원 웨이 글로이 틴트 핑크 베이브를 써주세요..,6
b:brand,설화수,6,7,1.2,4,2019-08,2026-08,6,5,5,thin,랑콤이나 설화수 상백같이 명품화장품들도 좀 다뤄주시면 좋을텐데…,요즘 유행하는 공쥬 브랜드들도 넘 조은데 설화수 헤라 오휘 더후 같은 브랜드도 부탁드려도 될까요??❤ 저희 아빠도 지금 아모레에서 설화수.헤라 담당팀이셔서 궁금하거든요!,1
b:brand,라운드랩,6,6,1.0,4,2024-08,2026-08,6,5,2,thin,여드름피부인데 라운드랩 소나무 클폼 좋아여 세정력 좋아서 잘쓰는중 살짝 속당김 생기는데 이건 세수하고 바로 기초케어 잘해주면 ㄱㅊ 저는 샤블 디플러스 크림으로 속건조 잡으니까 괜찮았어요,라운드랩 선세럼 리뷰해주세요!!+왜 요즘엔 쇼츠로 티어 안해주시나요?,2
b:brand,토르홉,6,5,0.8,2,2024-08,2026-05,4,4,2,thin,"토르홉 단백질 밀크 오일 클렌저 너무 궁금했는데 영상 보고 더 써보고 싶어졌어요 🥹🤍 평소에 클렌징하고 나면 피부가 너무 당기거나, 그렇다고 촉촉한 제품 쓰면 잔여감 남는 느낌 때문에 늘 애매했거든요!",요즘 클레이 마스크 궁금했는데 감사해요ㅎㅎ토르홉 다른 제품도 궁금한데 리뷰해주세요ㅎㅎ,2
b:brand,리얼베리어,6,5,0.8,4,2025-08,2026-05,6,4,3,thin,리얼베리어 제품들도 리뷰 부탁드려요!,개인적으로는 리얼베리어가 궁금한데 요청하는 사람들이 많이 생기면 티트리 라인 포함해서 부탁드립니다~,2
b:brand,비레디,5,100,20.0,3,2026-03,2026-08,5,4,67,narrow-strong,4:18 비레디랑 협업?해서 우리도 굿즈로 싸인 립밤…원해요☺️🥰,남자 비탐찌들을 위해서 비레디 쿠션도 발라주세요 ㅜㅜ,32
b:brand,삐아,5,44,8.8,3,2025-08,2026-08,5,3,44,thin,삐아도 신상 애교살스틱 나오던데..리뷰 해주심 안될까요?,삐아 럭키샤인틴트도 다뤄주세요 😘,0
b:brand,쥬베룩,5,20,4.0,4,2025-10,2026-07,5,4,12,thin,눈두덩이에 필러나 쥬베룩이나 리쥬란 중 어떤걸 추천해주실까요오??,언니~~코옆꺼짐?팔자 시술도 추천해주세요 ㅠㅠㅠㅠ쥬베룩은 결절 확률 너무 높다해서요 ㅠㅠ,7
b:brand,아로셀,5,13,2.6,4,2026-02,2026-08,5,4,13,thin,감사합니다😊 나중에 아로셀 겔마스크 신상도 찍어주세요,아로셀 썬크림도 해주세요,0
b:brand,셀라딕스,5,12,2.4,3,2025-12,2026-07,5,1,7,thin,마일드랩 토너랑 셀라딕스 토너랑 비교해주세요,셀라딕스 담당자님 보고 계시나요!!!제발 제발 마켓 해주세요ㅠㅠ,3
b:brand,아이소이,5,3,0.6,3,2025-08,2026-08,5,4,1,thin,아이소이 장수지 수분크림 저도 사용해보고 싶어요 ❤❤ 복합성 피부에 저도 속건조 심하게 느껴져서   수분크림 발라주면 피부가 촉촉하면서 부드러운 피부로 만들 수 있을 거 같아요!!,몇년간 성분좋은 립으로 아이소이 추천해주고 계신데 이번에 광고관련 논란이 있어서 다른 제품을 쓰려고합니다.,1
b:brand,에르보리앙,5,2,0.4,1,2026-08,2026-08,1,1,1,thin,에르보리앙 cc영상보고 정말 써보고 싶은 욕구가 뿜뿜입니다.,에르보리앙 CC 레드 코렉트는 홍이모님 추천으로 꼭 한번 써보고 싶었던 제품이에요~♥ 홍조와 붉은기를 자연스럽게 정돈해주면서 피부톤을 균일하게 보정해준다는 점이 특히 기대돼요!,1
b:brand,조선미녀,4,14,3.5,2,2026-02,2026-08,4,3,9,thin,요즘 조선미녀 틴티드 썬크림도 파데프리 지성템으로 유명하던데 조말랭님 리뷰도 궁금해요!!!!🥹,조선미녀 틴티드 선세럼도 리뷰해주세요!!,3
b:brand,마녀공장,4,10,2.5,0,2025-08,2025-08,1,1,10,thin,오늘도 꿀팁영상 너무 감사해용 올영라이브 나온다고해서 헐레벌떡 기대햇는데 마녀공장 제품을  평소에 너무 좋아하는 브랜드라 라이브 넘나 재밌게봤어용 다음에도 또 나와주세용 😊💛🧡,영상 기다리고 있었어요💕💕 평소에 마녀공장 제품으로 클렌징하는데 사배님과 마녀공장의 만남이라니!,0
b:brand,무신사,4,9,2.2,4,2025-12,2026-07,4,4,8,thin,온니 보니까 무뷰페 무신사가 훨씬 저렴하고 좋은 상품도 많더라구여 무뷰페 콘텐츠도 만들어주세요!!!,형 처음 나온 나시 무신사에서 봤었는데 사이즈 알려주시면 감사하겠습니다,1
b:brand,아워글래스,4,9,2.2,3,2025-11,2026-08,4,4,6,thin,언니 아워글래스 컨실러 대체 저렴이 추천해주세요오!!!,❤수부지 모공 많은 피부라 메포가  좀 건조한데 모공 커버 되고 덜 건조한 파우더 추천 부탁드려요😢 엘리님 예전 파우더 영상 보고 일단 아워글래스 파우더 주문은 했어요,2
b:brand,바이오힐보,4,8,2.0,2,2025-08,2026-08,4,3,6,thin,제이나님이 콜라겐 립밤 비교하는 영상 보고싶어요!🙏💛💛💛 -토보코 콜라겐 부스팅 립마스크 -투크/스파 립밤 -소울/에버 모이스트 볼륨 립밤  -바이오힐보/프로바이오덤 콜라겐 볼륨 립밤 (콜라겐 립밤이 입술주름 없애주는 효과도 있는지 궁금해요‼️),바이오힐보 판테셀 리페어시카 크림 미스트 말레세지아 유발 성분 몇 개 들어있는지 알려주실 수 있을까요???,1
b:brand,파파레서피,4,5,1.2,2,2025-08,2026-08,3,2,4,thin,그래서 파파레서피 블레미쉬 버블 머드 마스크 소개해주실 때 엄청 집중해서 봤어요!!,인씨님 혹시 파파레서피 효소파우더는 이제 마켓 안하시나요🥹?!?,1
b:brand,세타필,4,3,0.8,3,2025-08,2026-06,4,4,2,thin,저도 민감성피부라 헤어로션대신 피부에 바르는 세타필이나 피지오겔 헤어에 살짝 발라주면(물기살짝있을때) 하나도 안부시시해요,세타필 크림  정확한 이름을 알려주세요,1
b:brand,피지오겔,4,3,0.8,1,2019-08,2025-11,2,2,2,thin,피지오겔프로도 알려주세요❤😂🎉,피지오겔 로션도 말라세지아 유발성분있는지 알려주세요 ~~,1
b:brand,니들리,4,2,0.5,3,2025-12,2026-08,4,2,1,thin,니들리 마일드 효소 클렌징 파우더 리뉴얼 중이라는데 리뉴얼후에도 성분 분석 다시 해주실 수 있나요??,니들리 토너패드 제발 모두가 써주세요 ㅠㅠ,1
b:brand,이지듀,4,2,0.5,2,2020-08,2026-04,4,4,1,thin,*이지듀 MD 로션 말라세지아 성분 확인 좀 해주셔요..,이지듀 비비도 좋은데  리뉴얼은 안써봤지만 7년전 피부과에서 추천해줘서 썼었는데  촉촉하고 좋았던 기억이..,1
b:brand,오브제,4,1,0.2,2,2026-04,2026-06,4,4,1,thin,민스코님 최근에 뽀용뇽님과 콜라보한 무지개멘션 오브제 스테인 틴트 립스코해주세요!,제가 지금 여드름자국+지성인데 파운데이션을 잘 몰라 오브제 2호를 계속 사용중인데 혹시 남자가 쓰기 커버가 자연스러우면서 지성피부가 쓰기 좋운 파운데이션도 추천해주세요,0
b:brand,에이지투웨니스,4,1,0.2,3,2026-04,2026-06,4,4,1,thin,에이지투웨니스 신상 여름쿠션ㅅ도 리뷰해주세요ㅠㅜ,후니언님 에이지투웨니스 벨벳 래스팅 파운데이션 팩트 리뉴얼 됬는데 리뷰좀 해주세요 😊,0
b:brand,바세린,3,65,21.7,2,2026-02,2026-07,3,3,56,narrow-strong,"저처럼 선천적으로 목주름 심한분들은 약국에서 바세린 사시고, 넥리커버 크림같은거랑 자기전에 섞어발라주시면....",녹차 우린물도 많이 마시고 다크용 보습크림 바르고 다크베러 마사지로 최대한 흡수 시켜주고 바세린같은거로 수분 안날아가게 얇게 펴발라주면서 좀 나아짐요..!,5
b:brand,그래비티,3,42,14.0,2,2026-04,2026-05,3,3,41,narrow-strong,전에 좋다고 했던 제로그래비티 커버업 구매하고 완전 잘 쓰고 있는데 그거 두개 비교도 해주시묜 좋겠어영,웅니 제발 제로그래비티랑 올데이마스터 비교 한번만 해주시면 안댈까요..?!?!,1
b:brand,아비브,3,38,12.7,1,2025-08,2026-07,3,3,38,narrow-strong,아비브 어성초 라인 다뤄주세요..,혹시 아비브 선크림 리뷰는 해주실수없나용!,0
b:brand,프롬리에,3,8,2.7,2,2025-08,2026-06,3,3,7,thin,프롬리에 말고 가성비 더 좋은 선크림 추천도 부탁드립니다 🙏,피부 타입 - 수부지 / 쓰고 있는 제품 : 프롬리에 비건 egf 시카 워터 선앰플(유기자차) /단점 - 눈 시림 / 무기자차 한번 써보려고 하는데 구달 or 아떼 중에 써보려고 하는데 아떼는 보니까 이쁜 상앗빛의 물광 표현이 된다는데 가격 상관없어서 진지하게 훈님 추천받아보고 싶어요!,1
b:brand,쏘내추럴,3,7,2.3,2,2025-08,2026-07,3,2,5,thin,혹시 전 영상에서 추천하신 쏘내추럴 톤업 제품이랑 어떤 점이 다른지 비교해주실 수 있나요?,예전 영상에 나왔던 쏘내추럴 톤업 선크림이랑 조선미녀 선세럼 중에 더 추천하시는 제품은 뭔지 궁금해요❤️,2
b:brand,밀크터치,3,7,2.3,2,2026-03,2026-06,2,2,7,thin,밀크터치 립 정보 너무 궁금해요!!,좋아할1등컬러일거같구요!^^ 저는 봄웜라이트색감좋아해서 9호 소프트에이드 뚫어져라봤어여🥰  11호 로코블렌디드 색감은 저희어머님대분들도 화사한색감에 과하지않는핑크빛이라 넘잘어울릴거같구요❤   저는 피치블라썸에 4호 멜로우앤딩 믹스해서 발라두 넘이쁠거같단생각두했어요!^^  진짜13컬러모두,0
b:brand,아렌시아,3,5,1.7,1,2024-08,2026-08,3,2,3,thin,아렌시아도 부탁드려요.,요즘 자주 봤고 사용하고 있는 원씽 제품 이나 아렌시아 제품도 괜찮은 제품인지 언젠가 리뷰 한번 해주세요…ㅠ,2
b:brand,3CE,3,5,1.7,2,2025-09,2026-06,2,2,4,thin,"해도 한 번도 안 사봤는데, 이번 3CE꺼는 트루님 설명이랑 테스트영상 보니까 진짜 써보고 싶어요!!",3CE 립벨벳 리뉴얼도 리뷰해주세요옹 🤩🥸요즘 유행하는 버터벨벳 질감이라고 해서 넘 궁금해요 !!,1
b:brand,릴리바이레드,3,4,1.3,2,2024-08,2026-05,3,3,2,thin,젭알 젭알 릴리바이레드 두근빔.포도빔 써주세요 ㅠ,릴리바이레드해주실수있나요??진짜 잘쓰는것도있고 진짜 별로인것도 있고 엄청 극과 극이라 비비언니 리뷰 보고싶어요,2
b:brand,싸이닉,3,3,1.0,0,2025-08,2025-08,2,1,1,thin,싸이닉 크림 성분 분석 부탁드려용,그런데 싸이닉 저분자 히알루론산 크림과 슈퍼모이스트 페이셜크림을 섞어발라서 이 두제품으로 성분 분석해주실 수 있을까용?,1
b:brand,유리아쥬,3,3,1.0,2,2025-11,2025-12,3,2,3,thin,"수분크림,더마장벽크림은 다루셧던데 요즘 재생크림이라고 유리아쥬,라로슈포제,바이더오마등 좀 핫하던데 재생크림도 다뤄주세요",유리아쥬 제모스 넘 사고싶은데 집에 스킨케어가 너무 많아버려요 ㅠㅠㅠㅠ호엥 후니언님 혹시 맥 톤업베이스 한번만 써봐주실수있나용?,0
b:brand,닥터디퍼런트,3,2,0.7,1,2025-08,2026-02,3,3,1,thin,메이크업 효과인가 찬스님~코가 달라보이네용😆😆닥터디퍼런트 저도 써봤는데 좋았어용💙,안녕하세용 :) 요즘 너무 잘보고 에즈윤님 덕분에 폼클 광명 찾은 사람임니다🥹 혹시 가능하시다면 닥터디퍼런트 113크림 말라세지아 성분 있는지 부탁 드려두 될까요 ?,1
b:brand,비욘드,3,2,0.7,0,2025-08,2025-08,2,1,2,thin,"다른데서 흔히 추천해주는 아이템들이 아니라서 좋은 거 같아요 >ㅁ< 샤워가운 넘나 예쁨,, 그리고 비욘드 향 너무 좋지요 365일 필수템!!",비욘드 제품 디자인이 굉장히 많이 달라졌네요.,0
b:brand,디어에이,3,1,0.3,3,2025-11,2026-08,3,3,1,thin,컨실러 제발 디어에이 써주세요ㅠ,톤 컨실러 혹시 국내의 디어에이 컨실러와 비교해주실 스 있으신가요??,0
b:brand,메이크프렘,3,1,0.3,3,2025-11,2026-07,3,3,1,thin,잘봤습니당 😊 메이크프렘 수딩 핑크 톤업선크림 성분좀 괜찮은건지좀알려주세요,메이크프렘 유브이 디펜스 미 노세범 선크림 지성이라면 제발 써주세요ㅠㅜ,0
b:brand,김정문알로에,3,1,0.3,1,2025-08,2026-08,3,3,1,thin,김정문알로에 아쿠아마일드그린 선크림 분석 부탁드려도될까용,김정문알로에 설명 해주실 때 알로에베라잎추출물(100ppm) 0.01% 가 맞는 것 같습니다~,0
b:brand,글로웍스,3,1,0.3,2,2026-03,2026-05,3,2,1,thin,저는 솜털피부라 브러쉬로잘못하면 뜰때가 있어서 ㅎㅎ내장용퍼프쓰거나(세척가능) 글로웍스 이지블렌딩 커버업스펀지로 발라주면 좋더라구요!,혹시 fb14랑 글로웍스랑 비교해주실수잇나요 ㅠ,0
b:brand,토니모리,3,1,0.3,1,2026-07,2026-07,3,3,1,thin,그런데 물틴트 특유의 그 얼룩덜룯 착색은 싫어요… 추천 부탁드려용 토니모리 안에서도 어떤걸 써야할지 모르갰어요….,토니모리 스킨톤 커버 쿠션 리뷰해주세여 ❤❤,0
b:brand,리쥬란,3,0,0.0,3,2026-02,2026-08,3,2,0,thin,리쥬란주사 나비존은 효과 있는데 이마는 효과가 상대적으로 적게느껴져서 이부분 다뤄주세요,리쥬란 가격좀알려주세요,0
b:brand,듀이트리,3,0,0.0,2,2026-02,2026-05,2,2,0,thin,인씨님 듀이트리 마켓은 다시 안하시나요!,듀이트리 공구 언제쯤 하시나요??,0
b:brand,후시덤,2,173,86.5,2,2026-05,2026-08,2,2,173,narrow-strong,후시덤도 부탁드립니다!!,후시덤 / 쌩얼로 메이크업 할 때 써보고 싶고 발림성도 너무 좋아보야용!!,0
b:brand,스킨푸드,2,14,7.0,1,2022-08,2025-10,2,2,12,thin,​ @귀찮네-e3w  엄청 잘됐죠 😊 개인적으로 얼마전에 해외유튜버께 스킨푸드 캐롯라인 추천해주기도 했어요.,스킨푸드도 해주세요!!,2
b:brand,무지개맨션,2,12,6.0,2,2026-03,2026-04,2,2,10,thin,"언니 무지개맨션 신상쿠션, 루나 신상쿠션도 리뷰궁금해요!",무지개맨션 오브제 스테인 틴트 리뷰해주세요 ㅠㅠㅠ,2
b:brand,동아제약,2,12,6.0,1,2026-04,2026-04,2,2,12,thin,형님 요즘 동아제약 신제품 말 많던데 리뷰해주실수 있나요,동아제약 색소침착 신제품 리뷰해주세요오!!!!,0
b:brand,낫포유,2,9,4.5,1,2026-06,2026-06,1,1,9,thin,와 저두 등드름때문에 낫포유 진짜 잘쓰는데 인씨님이 추천해줘서 더 신뢰도생겼어요!!!,낫포유 제품들 좋다는 건 알고 있었는데 인씨님이 추천해주니 바로 사야겠어용.,0
b:brand,마데카21,2,6,3.0,2,2026-04,2026-05,2,2,6,thin,지금은 전에 추천해주신 마데카21 테카 토닝 크림 쓰구 있구 이번엔 클리덤 앰플 사야겠네요ㅎㅎ다이소 제품 추천 더 많이 해주시면 좋겠어용!!ㅎㅎ,전에 추천해주신 마데카21 크림 발라도 되나요?,0
b:brand,더페이스샵,2,5,2.5,1,2025-08,2026-01,2,2,4,thin,더페이스샵 매직커버비비도 해주세요 ㅠ,더페이스샵 미감수 클렌징오일도 테스트 해보고 말씀해 주실수 있나요?,1
b:brand,어반트라이브,2,4,2.0,2,2026-05,2026-06,2,1,3,thin,유리하다님 어반트라이브 공구 좀 해주세요,이번 추천템 중에서도 어반트라이브 제품이 저도 3월부터 썼는데 통해서 내심 기쁘게 영상 봤습니다🤍 여름에 선크림 영상 너무 원해요!!,1
b:brand,동국제약,2,4,2.0,2,2026-06,2026-07,2,2,3,thin,동국제약 제품리뷰해주세요~,유리님 동국제약 하루전날 영상 올려주실거에요.,1
b:brand,마데카솔,2,4,2.0,1,2024-08,2026-02,2,2,3,thin,요즘 대세 마데카솔.D판테롤 연고  에 대해서도 부탁드립니다,여태 여드름 압출 후에 첫날은 후시딘 2~3일째는 마데카솔 케어 연고 발라왔는데 이러지말고 압출후에 에스로반 연고만 3일동안 발라주면 되나요?,1
b:brand,케라시스,2,4,2.0,0,2024-08,2025-08,2,1,2,thin,감사히 잘 보고 가겠습니다❤  (+ 다음에는 케라시스의 클린노트 트리트먼트도 다뤄주시면 좋겠어요!,케라시스 마트에파는 샴푸도 추천 해주세요,2
b:brand,라피타,2,4,2.0,1,2025-08,2026-05,2,2,4,thin,10대 딸이 족집개로 겨드랑이털을 뽑아대서 좀 더 좋은 방법이 없을까 생각중이었는데 라피타 제모 기기를 사줘야겠어요!,라피타 멜라클린 재공구 일정이 있을까요?,0
b:brand,어퓨,2,4,2.0,2,2026-03,2026-06,2,2,4,thin,다음에 이거 컨텐츠 또 하실때 어퓨 헤어식초도 해주세요...❤,최근에 올라온 어퓨 쿠션이랑 비교하면 어떤점이 다른지 궁금해요ㅠㅠ,0
b:brand,메노킨,2,3,1.5,2,2026-05,2026-07,2,2,3,thin,언니 메노킨 버블 마스크 리뷰 해주세요!!,에고 이거 먼저 봤어야했는데 메노킨 부터 사버렸네요 ::: 혹시 피지필라멘트 제거방법도 일반 블랙헤드랑 같이 보면 되나요?,0
b:brand,얼터너티브스테레오,2,3,1.5,2,2025-10,2025-11,2,2,3,thin,얼터너티브스테레오 제품 좋아하신다고 하셨는데 카라멜글레이즈 리뷰도 궁금해요…🥰🥰🥰 트루 언니 감기 빨리 낫기를!!!!!!,얼터너티브스테레오 신상 리뷰 기원해요!!!,0
b:brand,자빈드서울,2,3,1.5,1,2026-04,2026-04,2,2,2,thin,요즘 자빈드서울 쿠션 바이럴 되고 있던데 리뷰 해주시면 좋을 거 같아용🙇🏻‍♀️❤ 믿을 사람은 언니밖에 없기 때문..🥹🩷,자빈드서울이랑 비교했을 때 어떨지 너무 궁금해요,1
b:brand,닥터오라클,2,2,1.0,1,2026-07,2026-07,1,1,1,thin,"요즘 점점 더 더워지고 그래서 매일 감아도 머리에 냄새날까봐 두피,모발관리 열심히 하고 있었는더ㅣ 닥터오라클세트의 쿨링스왑으로 두피 시원하게 하고 샴푸로 머리감고 헤어 에센스로 머리정리 해주면 딱좋을거같네요!!",닥터오라클두피케어 원해요!!,1
b:brand,하우스오브비,2,2,1.0,2,2026-02,2026-03,2,1,2,thin,하우스오브비 팩 공구 언제 또 하시나용~?,더현대 넘 재밌어요ㅎㅎ하우스오브비 마켓 또 안하시나용~?ㅎㅎ,0
b:brand,포트레,2,2,1.0,2,2026-02,2026-05,2,2,1,thin,포트레 매트틴트랑도 비교해주세요!,포트레 섀도우도 좋다는데 리뷰해주세요!,1
b:brand,성분에디터,2,2,1.0,1,2026-03,2026-03,2,1,2,thin,스완형 이번 영상이랑 관련 없긴한데 관하살마켓하는 성분에디터 엠플 보습감 아시면 알려주실수있을까요?,성분에디터 그린 토마토 앰플 리뷰 해주실수있나요?,0
b:brand,스킨1004,2,2,1.0,1,2026-03,2026-03,2,2,2,thin,형님 스킨1004 마다가스카라 센텔라 앰플 리뷰해주세요,뭔가 성분은 엄청 순한데 제 피부를 건강하고 탄탄하게 지켜주는 느낌 ..‧⁺◟( ᵒ̴̶̷̥́ ·̫ ᵒ̴̶̷̣̥̀ ) 스킨1004라는 브랜드 이름답게 제 피부를 구원해 준 천사가 되었답니다 ⁽⁽ଘ( ˊᵕˋ )ଓ⁾⁾ㅋㅋ,0
b:brand,스타라이크,2,2,1.0,2,2026-05,2026-06,2,2,2,thin,"스타라이크 바르실때, 퍼프 정보도 알려주세용❤",스타라이크 파데프리 선크림도 2탄에 넣어주세요!!❤,0
b:brand,아리얼,2,2,1.0,1,2026-06,2026-06,2,1,2,thin,소살님 더 에센셜에 바이 아리얼 히알루로닉13 세럼이랑 크림 리뷰해주세요!!,소살님 더 에센셜에 바이 아리얼 히알루로닉13 세럼이랑 크림 리뷰해주세요!!,0
b:brand,컬러그램,2,2,1.0,2,2025-09,2026-01,2,2,2,thin,언니의 컬러그램 누디 블러 틴트 리뷰 궁금해요 !!!,"그리구 립은 컬러그램이나 페리페라가 좋구여 화장하기전에는 토너, 세럼같은거로 스킨케어부터 해주세요",0
b:brand,필리밀리,2,1,0.5,2,2026-07,2026-08,2,2,1,thin,가능하다면 필리밀리 거랑 비교해주심 좋겠어요 💭,필리밀리 스파출라 공용기 세는건 없을까요?시튜에아 글로우틴트 리뷰해주세요 ㅎㅎ,0
b:brand,식물나라,2,1,0.5,0,2024-08,2025-08,2,2,1,thin,요즘 AHC나 식물나라나 선스틱 선스프레이가 유명한데 혹시 다뤄주실 수 있나요...!,식물나라 선쿠션 리뷰해주세요!!ㅠㅡㅠ,0
b:brand,코페르,2,1,0.5,2,2025-11,2026-03,2,2,1,thin,코페르 화장품 리뷰해줘요,코페르 기미크림 한번만 리뷰해주세요ㅜㅜㅜ!!!!!!!,0
b:brand,닥터멜락신,2,1,0.5,0,2025-08,2025-08,2,2,1,thin,닥터멜락신 아쿠아 이온 플라즈마 수분크림이랑 소본 그린시카 더마 리페어 크림 성분도 부탁드리겠습니다~,🌼닥터멜락신 아이팔트 아이백 크림🌼 디파님 연예인 변정수님이 하도 좋다고 하셔서 너무 궁금한데 이것도 한 번 다뤄주실 수 있으실까요?😊❤,0
b:brand,스트라이덱스,2,1,0.5,2,2026-06,2026-08,2,2,1,thin,"예전에 스트라이덱스 토너패드 쓰다가 접촉성피부염 걸려서 장벽 회복 중이라 피부 속당김 겁나 심한 1인 인데,  세수하고 나서 토니모리 모찌토너 3겹 바르고 토리든 앰플 바르고 더하르나이 수분크림 발라주면 진짜 무적..됩니다..",피지 분비 개쩌는 지성들은 스트라이덱스가 초록통 빨간통이 있는데 빨간통은 일주일에 한두번정도 써주고 초록통은 데일리로 써주면 여드름이 진짜 잘 안나요,0
b:brand,크리니크,2,1,0.5,2,2026-02,2026-03,2,2,1,thin,이 와중에 크리니크 블러셔 맥 립스틱 이름 알려주세여!🤣,크리니크 발레리나팝 어떤 브러쉬를 사용하는게 좋은지 알려주실 수 있을까용??🥺🥺,0
b:brand,르네휘테르,2,1,0.5,2,2026-01,2026-03,2,2,1,thin,흐앙 르네휘테르 마켓 빨리주세여 누나 ㅠㅠ,다이어트 때문에 머리가 우수수 심각할 정도로 빠지고 있어요 😢 포티샤랑 sos앰플 사서 써보고 있는데 르네휘테르가 제 머리카락을 잡아주면 좋겠어요 ….😭,0
b:brand,바디바,2,1,0.5,1,2025-08,2025-11,2,1,1,thin,"요즘 샴푸바,바디바와 같은 비누형도 많이 나오는데 이런 것도 리뷰해주세요❤",비누 바디바도 해주세요 !1,0
b:brand,라운드어라운드,2,1,0.5,1,2025-08,2026-05,2,1,1,thin,예전에 추천해주신 단종된 라운드어라운드 선크림 같은 성분도 좋고 가성비 좋은 제품 추천해주세요~,"메이크프랩 수딩 핑크 톤업 선크림, 라운드어라운드 컴포트 그린티 선크림 써보신 분들 눈시림은 어떠셨는지 알려주세요ㅠ",0
b:brand,코스노리,2,0,0.0,2,2025-09,2026-05,2,2,0,thin,혹시 코스노리 플러핏쿠션 리뷰 부탁드려도 될까요~~!!,혹시 코스노리도 해주실수 있나요?,0
b:brand,바이레도,2,0,0.0,2,2025-12,2026-05,2,2,0,thin,저에게 여름 최애향수는 바이레도 라튤립입니다 🌷🌷상큼하고 자연의향~~힐링이 됩니다💙소살님 계절별 최애향수도 알려주세요!,바이레도 틴 티드 립밤 리뷰도 해주세요!,0
b:brand,버버리,2,0,0.0,1,2026-08,2026-08,1,1,0,thin,평소에는 버버리 향수에 대해 잘 몰랐는데 영상을 보고 나니 하나씩 맡아보고 싶어졌어요,근본있는 추억의 패션향수들 컨텐츠도 해주세요😢 버버리 불가리 랑방 샤넬 등등이욤,0
b:brand,블랑디바,2,0,0.0,1,2025-08,2026-06,2,2,0,thin,인씨님 블랑디바 쿠션 리뷰해주세욥,블랑디바 쿠션 유명한데 블디 글쿠 리뷰해주세요,0
b:brand,로라메르시에,2,0,0.0,1,2026-02,2026-02,2,2,0,thin,로라메르시에 파데가 성분이 좋다는데 리뷰해주세용,로라메르시에 제품 웜톤 추천해주신 것처럼 쿨톤도 하나 추천해주세용❤,0
b:brand,라보에이치,2,0,0.0,2,2026-04,2026-07,2,2,0,thin,"저는 지성이라 라보에이치 노세범 샴푸 사려고 하는데, 집에 부모님도 사용하시는 샴푸 마땅한게 없어서 그런데, 따로 탈모 비듬 이런건 없으시고 그냥 데일리용으로 쓰려고 하는데 처음 추천해주신 1번 그라펜이나 아니면 5번 향좋은 그로우어스 중 어떤게 괜찮을지 한가지만 추천 부탁드려도 될까요",라보에이치 샴푸  추천해주고부터 아직까지 쓰고 있어요.,0
b:brand,한율,2,0,0.0,2,2025-09,2026-06,2,2,0,thin,한율 클렌징 일주일에 몇번 쓰시고 팩으로도 얼마나 쓰시는지 알려주세요!!,한율 은행잎 세럼 리뷰해주세요,0
b:brand,글린트,1,100,100.0,1,2025-11,2025-11,1,1,100,narrow-strong,언니 데일리 메이크업 영상 브이로그 빨리 보고싶어요 😂❤ 글린트 마켓 영상 메이크업도 꼭 들고 와주세여 ...,언니 데일리 메이크업 영상 브이로그 빨리 보고싶어요 😂❤ 글린트 마켓 영상 메이크업도 꼭 들고 와주세여 ...,100
b:brand,더마블록,1,26,26.0,1,2026-08,2026-08,1,1,26,narrow-strong,잇레티놀 챙겨 먹으면서 더마블록 병행해서 발라주니 피부톤 확실히 투명해지고 피부결이 달라짐!,잇레티놀 챙겨 먹으면서 더마블록 병행해서 발라주니 피부톤 확실히 투명해지고 피부결이 달라짐!,26
b:brand,로레알,1,22,22.0,1,2025-12,2025-12,1,1,22,narrow-strong,"로레알 담당자가 보고 계시다면 염색약이나 샴푸, 헤어팩은 몰라도 피부에 흡수되는 기초 색조류는 원산지에 신경써주세요.","로레알 담당자가 보고 계시다면 염색약이나 샴푸, 헤어팩은 몰라도 피부에 흡수되는 기초 색조류는 원산지에 신경써주세요.",22
b:brand,차앤박,1,13,13.0,1,2026-08,2026-08,1,1,13,narrow-strong,lg생건에서 만드는 차앤박 더마앤서 배리어 리셋 크림 제발 써주세요,lg생건에서 만드는 차앤박 더마앤서 배리어 리셋 크림 제발 써주세요,13
b:brand,마미케어,1,7,7.0,1,2026-03,2026-03,1,1,7,thin,부스터프로 저렴버전 마미케어기기도 비교해주세요!,부스터프로 저렴버전 마미케어기기도 비교해주세요!,7
b:brand,체이싱래빗,1,6,6.0,1,2026-06,2026-06,1,1,6,thin,소살님 덕분에 체이싱래빗 성분도 알게되었어요😊 딸에게도 알고 쓰라고 말해줘야겠어요,소살님 덕분에 체이싱래빗 성분도 알게되었어요😊 딸에게도 알고 쓰라고 말해줘야겠어요,6
b:brand,몽디에스,1,5,5.0,1,2026-02,2026-02,1,1,5,thin,어린아이들(5-7세) 몽디에스 선쿠션 발라주고 세안은 뭐로 해줘야할까요?,어린아이들(5-7세) 몽디에스 선쿠션 발라주고 세안은 뭐로 해줘야할까요?,5
b:brand,필립스,1,5,5.0,1,2025-10,2025-10,1,1,5,thin,2:25 ((공쥬님 필립스 코털제거기가 여러개 뜨는데 혹시 상품명이나 품번 알려주실 수 있나요??소근소근🤫)),2:25 ((공쥬님 필립스 코털제거기가 여러개 뜨는데 혹시 상품명이나 품번 알려주실 수 있나요??소근소근🤫)),5
b:brand,지피덤,1,5,5.0,1,2025-12,2025-12,1,1,5,thin,셀트리온 지피덤 egf 크림 한번 리뷰 해주셔요^^ 써 볼까 하고 생각중이라서..,셀트리온 지피덤 egf 크림 한번 리뷰 해주셔요^^ 써 볼까 하고 생각중이라서..,5
b:brand,테라로직,1,4,4.0,1,2026-06,2026-06,1,1,4,thin,소살님 테라로직 제품도 써보고 평 핻주세요,소살님 테라로직 제품도 써보고 평 핻주세요,4
b:brand,메디필,1,4,4.0,1,2026-04,2026-04,1,1,4,thin,그거랑 메디필 파란통 패드랑 비교 궁금해요 x에서는 파란통 패드 좋다던데,그거랑 메디필 파란통 패드랑 비교 궁금해요 x에서는 파란통 패드 좋다던데,4
b:brand,더툴랩,1,4,4.0,1,2026-03,2026-03,1,1,4,thin,언니의 리뷰가 너무 좋은데 그래서 유명한 꿀템들에 대한 리뷰도 보고싶어요 🥹🥹  툴은 더툴랩 비슷하게 생긴 광채 퍼프 물먹여서 쓰면 극락 🤤 그리구 브러쉬는 제일 유명한 핑크 메탈 총알브러쉬 ..,언니의 리뷰가 너무 좋은데 그래서 유명한 꿀템들에 대한 리뷰도 보고싶어요 🥹🥹  툴은 더툴랩 비슷하게 생긴 광채 퍼프 물먹여서 쓰면 극락 🤤 그리구 브러쉬는 제일 유명한 핑크 메탈 총알브러쉬 ..,4
b:brand,아넷사,1,3,3.0,0,2025-08,2025-08,1,1,3,thin,혹시 제가 이번 여름에 군대를 가서 워터프루프 기능있는 아넷사 또는 시세이도를 사려고 하는데 혹시 추천해주실 수 있나요?,혹시 제가 이번 여름에 군대를 가서 워터프루프 기능있는 아넷사 또는 시세이도를 사려고 하는데 혹시 추천해주실 수 있나요?,3
b:brand,클리덤,1,3,3.0,1,2025-10,2025-10,1,1,3,thin,이번이 클리덤에서도 밤타입나왔던데 건성이라 클리덤 제품 리뷰도 궁금해요,이번이 클리덤에서도 밤타입나왔던데 건성이라 클리덤 제품 리뷰도 궁금해요,3
b:brand,캔메이크,1,3,3.0,1,2026-05,2026-05,1,1,3,thin,언니 중국제품 한 김에 캔메이크 일본제품도 해주시면 안될까여 😭😭,언니 중국제품 한 김에 캔메이크 일본제품도 해주시면 안될까여 😭😭,3
b:brand,투에이엔,1,3,3.0,0,2025-08,2025-08,1,1,3,thin,투에이엔 팔레트 리뷰해주실 수있을까요…,투에이엔 팔레트 리뷰해주실 수있을까요…,3
b:brand,츠바키,1,2,2.0,1,2026-06,2026-06,1,1,2,thin,츠바키 헤어팩이랑 그로우어스 헤어팩 비교해주실 수 있나용??,츠바키 헤어팩이랑 그로우어스 헤어팩 비교해주실 수 있나용??,2
b:brand,포뷰트,1,2,2.0,1,2026-08,2026-08,1,1,2,thin,"형님 포뷰트 선크림, 에어 클라우드 선크림 한번만 리뷰 부탁드립니다!","형님 포뷰트 선크림, 에어 클라우드 선크림 한번만 리뷰 부탁드립니다!",2
b:brand,바이오던스,1,2,2.0,1,2026-06,2026-06,1,1,2,thin,저도 바이오던스 내돈내산으로 써봐야겠어요 !!요즘 피부가 푸석하고 열감도 자주 올라와서 패드로 간편하게 진정 케어 해주면 진짜 잘 맞을 것 같아요!!,저도 바이오던스 내돈내산으로 써봐야겠어요 !!요즘 피부가 푸석하고 열감도 자주 올라와서 패드로 간편하게 진정 케어 해주면 진짜 잘 맞을 것 같아요!!,2
b:brand,아비노,1,2,2.0,0,2025-08,2025-08,1,1,2,thin,아비노크림바디에더적합한크림이라고올리브영답변에써있던데얼굴에사용해도되나요?,아비노크림바디에더적합한크림이라고올리브영답변에써있던데얼굴에사용해도되나요?,2
b:brand,더랩바이블랑두,1,2,2.0,0,2025-08,2025-08,1,1,2,thin,요즘에 더랩바이블랑두도 다이소에서 나오고 메디필도 모공앰플어떤지 추가로 영상부탁두려요 ㅠㅠ😢,요즘에 더랩바이블랑두도 다이소에서 나오고 메디필도 모공앰플어떤지 추가로 영상부탁두려요 ㅠㅠ😢,2
b:brand,클라뷰,1,2,2.0,1,2026-07,2026-07,1,1,2,thin,클라뷰 다른 제품 많던데 전제품 리뷰 궁금해요..☆ 바이오셀 제로마스크도 쟁여놓고 쓰고있어요,클라뷰 다른 제품 많던데 전제품 리뷰 궁금해요..☆ 바이오셀 제로마스크도 쟁여놓고 쓰고있어요,2
b:brand,아임프롬,1,2,2.0,1,2026-06,2026-06,1,1,2,thin,근데 아임프롬은 왜 추천템에 못들었는지 궁금해요!!!!,근데 아임프롬은 왜 추천템에 못들었는지 궁금해요!!!!,2
b:brand,오아드,1,2,2.0,1,2026-03,2026-03,1,1,2,thin,오아드 진짜 지속력 쩔어요♥ 언니가 저번에 오아드 틴트 추천해줘서 써봤는데 진짜 잘 쓰고 있어요ㅜ!!,오아드 진짜 지속력 쩔어요♥ 언니가 저번에 오아드 틴트 추천해줘서 써봤는데 진짜 잘 쓰고 있어요ㅜ!!,2
b:brand,입생로랑,1,1,1.0,0,2025-08,2025-08,1,1,1,thin,입생로랑이랑 메이크업포에버 발렌티노 쿠션 비교했을때 궁금해요!,입생로랑이랑 메이크업포에버 발렌티노 쿠션 비교했을때 궁금해요!,1
b:brand,달바,1,1,1.0,1,2026-04,2026-04,1,1,1,thin,(심지어 달바마저 조금은 건조함)꼭 다뤄주시면 좋겠습니다.,(심지어 달바마저 조금은 건조함)꼭 다뤄주시면 좋겠습니다.,1
b:brand,디오프러스,1,1,1.0,1,2026-08,2026-08,1,1,1,thin,디오프러스 두 제품 모두 직접 사용해보고 차이도 비교해보고 싶어요,디오프러스 두 제품 모두 직접 사용해보고 차이도 비교해보고 싶어요,1
b:brand,로레알 프로페셔널,1,1,1.0,0,2025-08,2025-08,1,1,1,thin,혹시 올영에서 가장비싼샴푸이고 수많은 고급살롱에서 쓰이고있는 로레알 프로페셔널 앱솔루트 리페어 몰큘러샴푸도 한번 분석부탁드립니다,혹시 올영에서 가장비싼샴푸이고 수많은 고급살롱에서 쓰이고있는 로레알 프로페셔널 앱솔루트 리페어 몰큘러샴푸도 한번 분석부탁드립니다,1
b:brand,엘라스틴,1,1,1.0,0,2025-08,2025-08,1,1,1,thin,원장님 엘라스틴꿈  시술을 한번 받아볼까 생각하고 있는데 정확히 어떤건지 강의좀 부탁들어요,원장님 엘라스틴꿈  시술을 한번 받아볼까 생각하고 있는데 정확히 어떤건지 강의좀 부탁들어요,1
b:brand,로벡틴,1,1,1.0,0,2025-08,2025-08,1,1,1,thin,호옥시 로벡틴 공구는 또 언제하실까요옹 ❤?,호옥시 로벡틴 공구는 또 언제하실까요옹 ❤?,1
b:brand,밀크바오밥,1,1,1.0,1,2025-10,2025-10,1,1,1,thin,밀크바오밥 추천제품 실리콘프리 안내가 맞는건지 확인및답변부탁드립니다,밀크바오밥 추천제품 실리콘프리 안내가 맞는건지 확인및답변부탁드립니다,1
b:brand,스팀베이스,1,1,1.0,1,2025-11,2025-11,1,1,1,thin,혹시 다음에 또 하신다면 스팀베이스랑 라보에이치도 부탁드려용..!,혹시 다음에 또 하신다면 스팀베이스랑 라보에이치도 부탁드려용..!,1
b:brand,라우쉬,1,1,1.0,0,2025-08,2025-08,1,1,1,thin,라우쉬 제품 샴푸 컨디셔너 토닉 별로 비교해주세여!!,라우쉬 제품 샴푸 컨디셔너 토닉 별로 비교해주세여!!,1
b:brand,노노어,1,1,1.0,1,2026-01,2026-01,1,1,1,thin,노노어 피치더스트랑 비교도 궁금해요🎉,노노어 피치더스트랑 비교도 궁금해요🎉,1
b:brand,동화약품,1,1,1.0,1,2026-05,2026-05,1,1,1,thin,감사합니다❤ 동화약품 후시다인 선크림도 괜찮던데 리뷰해주세요!,감사합니다❤ 동화약품 후시다인 선크림도 괜찮던데 리뷰해주세요!,1
b:brand,보다나,1,0,0.0,1,2026-08,2026-08,1,1,0,thin,유리님 보다나 마켓 해주세요🩷,유리님 보다나 마켓 해주세요🩷,0
b:brand,스틸라,1,0,0.0,1,2026-01,2026-01,1,1,0,thin,보기만 해도 마음이 풍족해요 ❥･• 코덕의 삶 최고에요🦄 수앤유님 부모님이 스틸라 립아이 치크 스틱 키튼을 잘 사용하셨는데 구매하려니깐 안 팔더라구요 ㅠㅠ대체 상품 추천해 주실 수 있으세요??엄마가 스틱이라 편하고 색상 예쁘다고 잘 사용하셨던 거라 ㅠㅠ,보기만 해도 마음이 풍족해요 ❥･• 코덕의 삶 최고에요🦄 수앤유님 부모님이 스틸라 립아이 치크 스틱 키튼을 잘 사용하셨는데 구매하려니깐 안 팔더라구요 ㅠㅠ대체 상품 추천해 주실 수 있으세요??엄마가 스틱이라 편하고 색상 예쁘다고 잘 사용하셨던 거라 ㅠㅠ,0
b:brand,디어클레어스,1,0,0.0,1,2026-04,2026-04,1,1,0,thin,수분만 있는 크림류 추천해주실분 계실까요🥺🥺🥺 디어클레어스랑 파티온 크림은 사용중입니다,수분만 있는 크림류 추천해주실분 계실까요🥺🥺🥺 디어클레어스랑 파티온 크림은 사용중입니다,0
b:brand,아크네스,1,0,0.0,1,2026-01,2026-01,1,1,0,thin,새해복 많이 받으시고 이번년도도 좋은 일만 가득하시길 바랍니다 :) 저는 아크네스 패드가 궁금하네요!,새해복 많이 받으시고 이번년도도 좋은 일만 가득하시길 바랍니다 :) 저는 아크네스 패드가 궁금하네요!,0
b:brand,크리스마,1,0,0.0,0,2023-08,2023-08,1,1,0,thin,따니언니!!^^곧 크리스마스니까 크리스마스 만들기 올려 주세요^^,따니언니!!^^곧 크리스마스니까 크리스마스 만들기 올려 주세요^^,0
b:brand,46cm,1,0,0.0,1,2026-08,2026-08,1,1,0,thin,여름용 바디워시 찾고있었는데 소개해주신 46cm 바디워시는 꿉꿉한 체취를 싹 날려주면서 정말 상쾌할것 같아요,여름용 바디워시 찾고있었는데 소개해주신 46cm 바디워시는 꿉꿉한 체취를 싹 날려주면서 정말 상쾌할것 같아요,0
b:brand,셀리맥스,1,0,0.0,1,2025-09,2025-09,1,1,0,thin,오늘 찬스쇼  셀리맥스 구매하고 한 아이디당 리뷰 선물 준다해 2개받고 싶어 동생한테 생일선물로 이거 사서 주라고 했는데 동생이 찬석님은 좋겠다고 언니같은 팬들이 있어 온리 찬석님 이름하나 믿고 일단 그냥 다,오늘 찬스쇼  셀리맥스 구매하고 한 아이디당 리뷰 선물 준다해 2개받고 싶어 동생한테 생일선물로 이거 사서 주라고 했는데 동생이 찬석님은 좋겠다고 언니같은 팬들이 있어 온리 찬석님 이름하나 믿고 일단 그냥 다,0
b:brand,에딧비,1,0,0.0,1,2026-08,2026-08,1,1,0,thin,요즘 에딧비 엠플 비비 많이 뜨던데 그것도 리뷰 해주세요,요즘 에딧비 엠플 비비 많이 뜨던데 그것도 리뷰 해주세요,0
b:brand,비오레,1,0,0.0,1,2026-06,2026-06,1,1,0,thin,비오레 선크림이나 해외선크림도 리뷰보고싶어용,비오레 선크림이나 해외선크림도 리뷰보고싶어용,0
b:brand,꽁래쉬,1,0,0.0,1,2026-03,2026-03,1,1,0,thin,꽁래쉬 뷰러랑 핀셋이 너무 좋다고 난리던데 그것도 리뷰해주세용🙏🏻🙏🏻,꽁래쉬 뷰러랑 핀셋이 너무 좋다고 난리던데 그것도 리뷰해주세용🙏🏻🙏🏻,0
b:brand,지베르니,1,0,0.0,1,2026-03,2026-03,1,1,0,thin,언니 지베르니 쿠션 리뷰 해주세용,언니 지베르니 쿠션 리뷰 해주세용,0
b:brand,닥터엘시아,1,0,0.0,1,2026-03,2026-03,1,1,0,thin,언닝 닥터엘시아 쿠션 리뷰 해주실수 있나요??,언닝 닥터엘시아 쿠션 리뷰 해주실수 있나요??,0
b:brand,돌체앤가바나,1,0,0.0,1,2026-08,2026-08,1,1,0,thin,돌체앤가바나 벨벳 컬렉션도 해주세여ㅠ,돌체앤가바나 벨벳 컬렉션도 해주세여ㅠ,0
b:brand,오울루,1,0,0.0,1,2026-08,2026-08,1,1,0,thin,오울루 버치아토판테놀 쑤고 있는데 비교부탁드려도 될까여?!,오울루 버치아토판테놀 쑤고 있는데 비교부탁드려도 될까여?!,0
b:brand,엠락틴,1,0,0.0,1,2026-05,2026-05,1,1,0,thin,"언니 이건 목욕템은 아니고 목욕후템이지만 만성 모공각화증러로서  엠락틴 바디로션 한번 써봐주세여,,, 사용감은 막 되직촉촉한 느낌이 아니라서 좀 별로 라고 생갓했는데 효과 진짜 좋아요","언니 이건 목욕템은 아니고 목욕후템이지만 만성 모공각화증러로서  엠락틴 바디로션 한번 써봐주세여,,, 사용감은 막 되직촉촉한 느낌이 아니라서 좀 별로 라고 생갓했는데 효과 진짜 좋아요",0
b:brand,레스노베,1,0,0.0,0,2025-08,2025-08,1,1,0,thin,다음에 또 콘텐츠 준비하신다면 레스노베도 부탁드려요~,다음에 또 콘텐츠 준비하신다면 레스노베도 부탁드려요~,0
b:brand,크리스탈,1,0,0.0,1,2026-04,2026-04,1,1,0,thin,크리스탈 데오드란트도 쎄다고 하던데 오늘 소개한 제품이 땀억제 진짜 되나요?,크리스탈 데오드란트도 쎄다고 하던데 오늘 소개한 제품이 땀억제 진짜 되나요?,0
b:brand,자민경,1,0,0.0,1,2026-04,2026-04,1,1,0,thin,언니 혹시 자민경 크레마 카라콜 오리지날 크림 이것도 리뷰해주실 수 있어요??,언니 혹시 자민경 크레마 카라콜 오리지날 크림 이것도 리뷰해주실 수 있어요??,0
b:brand,메이크힐,1,0,0.0,1,2026-02,2026-02,1,1,0,thin,메이크힐 제품 리뷰 해주시면 안될까요?😊😊,메이크힐 제품 리뷰 해주시면 안될까요?😊😊,0
b:brand,플라이밀,1,0,0.0,1,2026-04,2026-04,1,1,0,thin,플라이밀처럼 뭔가 다이어트 보조제 같은 식사 대용식품들도 고르는 방법영상 가능하시다면 부탁드려봅니다!,플라이밀처럼 뭔가 다이어트 보조제 같은 식사 대용식품들도 고르는 방법영상 가능하시다면 부탁드려봅니다!,0
b:brand,청미정,1,0,0.0,1,2026-08,2026-08,1,1,0,thin,청미정 클렌징오일도 리뷰해줬으면 해요..,청미정 클렌징오일도 리뷰해줬으면 해요..,0
b:brand,에스테덤,1,0,0.0,1,2026-04,2026-04,1,1,0,thin,에스테덤 미스트는 림온님 영상 보고 사서 쓰고 있는데 에스테덤 카밍 클렌징 밀크는 혹시 써보셨는지 써보셨으면 어떤지 알려주세요,에스테덤 미스트는 림온님 영상 보고 사서 쓰고 있는데 에스테덤 카밍 클렌징 밀크는 혹시 써보셨는지 써보셨으면 어떤지 알려주세요,0
b:brand,비오템,1,0,0.0,1,2026-04,2026-04,1,1,0,thin,스완님 혹시 비오템이나 랩시리즈 이런건 리뷰 안해주시나요?,스완님 혹시 비오템이나 랩시리즈 이런건 리뷰 안해주시나요?,0
b:brand,아로마티카,1,0,0.0,1,2026-03,2026-03,1,1,0,thin,아로마티카 티트리 추천해주실때 px에 사서 쓰고 있는데 로즈마리가 더 좋나용??,아로마티카 티트리 추천해주실때 px에 사서 쓰고 있는데 로즈마리가 더 좋나용??,0
b:brand,에크멀,1,0,0.0,1,2026-04,2026-04,1,1,0,thin,에크멀 쿠션 리뷰해주세여!!,에크멀 쿠션 리뷰해주세여!!,0
b:brand,오프온,1,0,0.0,1,2025-12,2025-12,1,1,0,thin,오프온에서 좀만 유분기있는 제품 추천해주세요ㅜㅠ,오프온에서 좀만 유분기있는 제품 추천해주세요ㅜㅠ,0
b:brand,모레모,1,0,0.0,1,2025-09,2025-09,1,1,0,thin,모레모 카페인 샴푸 리뉴얼됐던데 여전히 추천템인지 궁금해요ㅠㅠ,모레모 카페인 샴푸 리뉴얼됐던데 여전히 추천템인지 궁금해요ㅠㅠ,0
b:brand,헤브블루,1,0,0.0,1,2025-11,2025-11,1,1,0,thin,"헤브블루 클렌징 밤도 성분 살펴봐주세요,,!!","헤브블루 클렌징 밤도 성분 살펴봐주세요,,!!",0
b:brand,뉴트로지나,1,0,0.0,0,2025-08,2025-08,1,1,0,thin,추워지니 몸에 두드러기처럼 피부가 가렵고 뉴트로지나로 안되어 추천하신 호호바 오일까지 섞어 쓰는데도 보습이 좀 부족한 악악악건성 바디 입니다..바디로션 제품과 사용법도 올려주세용~~,추워지니 몸에 두드러기처럼 피부가 가렵고 뉴트로지나로 안되어 추천하신 호호바 오일까지 섞어 쓰는데도 보습이 좀 부족한 악악악건성 바디 입니다..바디로션 제품과 사용법도 올려주세용~~,0
b:brand,헤어플러스,1,0,0.0,0,2025-08,2025-08,1,1,0,thin,다음에는 헤어플러스 신상 라인 위주로 다뤄주세요~,다음에는 헤어플러스 신상 라인 위주로 다뤄주세요~,0
b:brand,닥터브로너스,1,0,0.0,0,2024-08,2024-08,1,1,0,thin,혹시 닥터브로너스도 리뷰 부탁드립니다 ㅠ,혹시 닥터브로너스도 리뷰 부탁드립니다 ㅠ,0
b:brand,에센허브,1,0,0.0,1,2026-08,2026-08,1,1,0,thin,"특히, 에센허브의 티트리 100 오일 면봉과 티트리 수딩 인 카밍 크림을 사용해주면 훨씬 빠르게 염증이 가라앉을 수 있을 것 같아 정말 기대됩니다.","특히, 에센허브의 티트리 100 오일 면봉과 티트리 수딩 인 카밍 크림을 사용해주면 훨씬 빠르게 염증이 가라앉을 수 있을 것 같아 정말 기대됩니다.",0
b:brand,네이처리퍼블릭,1,0,0.0,0,2019-08,2019-08,1,1,0,thin,네이처리퍼블릭도 부탁드려요!,네이처리퍼블릭도 부탁드려요!,0
b:brand,톤28,1,0,0.0,0,2019-08,2019-08,1,1,0,thin,혹시 톤28 성분도 좀해주실수 잇을까요 ㅜㅜ,혹시 톤28 성분도 좀해주실수 잇을까요 ㅜㅜ,0
b:brand,오드타입,1,0,0.0,1,2026-05,2026-05,1,1,0,thin,기분이 좋네요❤ 앞으로도 유익한 영상 기대하갯습니다💗💗💗 + 오드타입 ((+포트레 원브랜드 리뷰햐주세요~~!!,기분이 좋네요❤ 앞으로도 유익한 영상 기대하갯습니다💗💗💗 + 오드타입 ((+포트레 원브랜드 리뷰햐주세요~~!!,0
b:brand,온그리디언츠,1,0,0.0,1,2025-11,2025-11,1,1,0,thin,"흡수된거 같으면 로션 발라줘요 (온그리디언츠,일리윤,에스트라 아무거나 바릅니다) 그러고 머리 말려주고 겨울에는 좀 건조하니까 그 위에 크림 한 겹 얇게 바르고 화장 시작하고 여름에는 정샘물 미스트 한 번 촥 뿌리고 썬크림 바르고 베이스프렙하고 (베이스프렙도 바르고 가만히 좀 냅둬줘야 화","흡수된거 같으면 로션 발라줘요 (온그리디언츠,일리윤,에스트라 아무거나 바릅니다) 그러고 머리 말려주고 겨울에는 좀 건조하니까 그 위에 크림 한 겹 얇게 바르고 화장 시작하고 여름에는 정샘물 미스트 한 번 촥 뿌리고 썬크림 바르고 베이스프렙하고 (베이스프렙도 바르고 가만히 좀 냅둬줘야 화",0
