product_ref,brand,name,first_seen,members
oy:A000000257580,VT,VT 피디알엔 에어 클라우드 선스크린,2026-06-30,oliveyoung:A000000257580
oy:A000000184352,넘버즈인,넘버즈인 1번 청초 진정맑은 물막선크림 듀오,2023-05-16,oliveyoung:A000000184352;glowpick:164747
oy:A000000248065,구달,구달 어성초 진정 블레미쉬 커버 선비비 뉴트럴베이지라이트베이지,2026-02-23,oliveyoung:A000000248065
gl:190749,무무키,허니 바나나 BDRN 선크림,2026-08-16,glowpick:190749
oy:A000000261603,조선미녀,조선미녀 데이스크린 틴티드 선크림,2026-08-14,oliveyoung:A000000261603;glowpick:190652
oy:A000000219553,구달,구달 맑은 어성초 진정 수분 선크림  11,2026-08-16,oliveyoung:A000000219553;glowpick:149393
oy:A000000206826,에스트라,에스트라 더마UV365 장벽수분 무기자차 선크림,2026-08-19,oliveyoung:A000000206826;glowpick:163778
gl:159039,조선미녀,맑은 쌀 선크림,2026-08-19,glowpick:159039
gl:175474,조선미녀,맑은쌀선크림 아쿠아 프레쉬,2026-08-18,glowpick:175474
oy:A000000219383,토리든,토리든 다이브인 모이스처 선크림  11,2026-08-19,oliveyoung:A000000219383;glowpick:165641
oy:A000000198739,셀퓨전씨,셀퓨전씨 레이저 UV 썬스크린,2026-08-17,oliveyoung:A000000198739;glowpick:172561
gl:146765,식물나라,워터프루프 선크림,2026-08-18,glowpick:146765
oy:A000000180158,닥터지,닥터지 브라이트닝 업 선 플러스   2종,2026-08-16,oliveyoung:A000000180158;glowpick:133189
gl:145414,라운드랩,자작나무 수분 선크림,2026-08-19,glowpick:145414
oy:A000000180162,닥터지,닥터지 그린 마일드 업 선 플러스   2종,2026-07-27,oliveyoung:A000000180162;glowpick:133186
oy:A000000202446,식물나라,식물나라 뽀얀쌀 생기 톤업 수분 선 크림  3종,2026-08-19,oliveyoung:A000000202446;glowpick:172572
oy:A000000230919,듀이트리,듀이트리 어반 쉐이드 수분 세럼 선,2026-08-19,oliveyoung:A000000230919;glowpick:172507
oy:A000000260324,달바,달바 워터풀 블루 톤업 선크림,2026-08-17,oliveyoung:A000000260324;glowpick:149794
