product_key,name,board,t_change,price_before,price_after,pct,direction,gap_h,rank_pre6,rank_post6,rank_post12,rank_post24,d6,d12,d24,n_pre,n_post24
A000000007011,[15년연속1위] 니베아 데오드란트 롤온 7종,body,2026-08-21T03:00:00,7500,8900,18.7,rise,1,100.4,42.2,54.9,57.8,-58.2,-45.5,-42.7,5,24
A000000007011,[15년연속1위] 니베아 데오드란트 롤온 7종,sale,2026-08-21T03:00:00,7500,8900,18.7,rise,1,101,101,101,101,0,0,0,5,24
A000000007011,[15년연속1위] 니베아 데오드란트 롤온 7종,body,2026-08-21T04:00:00,8900,7500,-15.7,drop,1,94.2,35.5,54.9,57.9,-58.7,-39.3,-36.3,5,24
A000000007011,[15년연속1위] 니베아 데오드란트 롤온 7종,sale,2026-08-21T04:00:00,8900,7500,-15.7,drop,1,101,101,101,101,0,0,0,5,24
A000000139063,[윤광쿠션] 정샘물 에센셜 스킨 누더 쿠션/본품+리필,sale,2026-08-20T12:00:00,38400,40800,6.2,rise,4,44.5,30,32.8,28.8,-14.5,-11.7,-15.7,2,22
A000000139063,[윤광쿠션] 정샘물 에센셜 스킨 누더 쿠션/본품+리필,makeup,2026-08-20T12:00:00,38400,40800,6.2,rise,4,7,4.7,5.3,4.7,-2.3,-1.7,-2.3,2,22
A000000139063,[윤광쿠션] 정샘물 에센셜 스킨 누더 쿠션/본품+리필,sale,2026-08-21T09:00:00,40800,38400,-5.9,drop,1,27,26.7,35.2,31.8,-0.3,8.2,4.8,6,24
A000000139063,[윤광쿠션] 정샘물 에센셜 스킨 누더 쿠션/본품+리필,makeup,2026-08-21T09:00:00,40800,38400,-5.9,drop,1,4.5,5.5,6.9,6.0,1.0,2.4,1.5,6,24
A000000139063,[윤광쿠션] 정샘물 에센셜 스킨 누더 쿠션/본품+리필,sale,2026-08-21T10:00:00,38400,40800,6.2,rise,1,25.5,28.5,37.9,31.8,3.0,12.4,6.3,6,24
A000000139063,[윤광쿠션] 정샘물 에센셜 스킨 누더 쿠션/본품+리필,makeup,2026-08-21T10:00:00,38400,40800,6.2,rise,1,4.5,5.8,7.6,6.0,1.3,3.1,1.5,6,24
A000000139063,[윤광쿠션] 정샘물 에센셜 스킨 누더 쿠션/본품+리필,sale,2026-08-22T08:00:00,40800,38400,-5.9,drop,1,20.7,24.3,27.4,31.7,3.7,6.8,11.0,6,24
A000000139063,[윤광쿠션] 정샘물 에센셜 스킨 누더 쿠션/본품+리필,makeup,2026-08-22T08:00:00,40800,38400,-5.9,drop,1,2.7,3.8,4.5,5.9,1.2,1.8,3.2,6,24
A000000139063,[윤광쿠션] 정샘물 에센셜 스킨 누더 쿠션/본품+리필,sale,2026-08-22T09:00:00,38400,40800,6.2,rise,1,20.3,25.3,28.4,32.2,5.0,8.1,11.8,6,23
A000000139063,[윤광쿠션] 정샘물 에센셜 스킨 누더 쿠션/본품+리필,makeup,2026-08-22T09:00:00,38400,40800,6.2,rise,1,2.7,4,4.7,6,1.3,2.0,3.3,6,23
A000000174439,[3년연속1위] 아로마티카 여성청결제 4종 택 1 (퓨어 앤 소프트 170ml 기획 /컴포트 모이스처 200,sale,2026-08-21T16:00:00,21000,13900,-33.8,drop,75,101,91.2,93.8,97.4,-9.8,-7.2,-3.6,6,24
A000000186409,[8월올영픽/여드름 기능성] 블랑네이처 아크네 클렌징 폼 단품/기획,cleansing,2026-08-21T12:00:00,19200,17800,-7.3,drop,1,5,1.8,1.9,3.0,-3.2,-3.1,-2.0,6,24
A000000186409,[8월올영픽/여드름 기능성] 블랑네이처 아크네 클렌징 폼 단품/기획,sale,2026-08-21T12:00:00,19200,17800,-7.3,drop,1,51.3,12.8,16.5,26.1,-38.5,-34.8,-25.3,6,24
A000000186409,[8월올영픽/여드름 기능성] 블랑네이처 아크네 클렌징 폼 단품/기획,cleansing,2026-08-21T13:00:00,17800,19200,7.9,rise,1,5.3,1,1.7,3.0,-4.3,-3.7,-2.4,6,24
A000000186409,[8월올영픽/여드름 기능성] 블랑네이처 아크네 클렌징 폼 단품/기획,sale,2026-08-21T13:00:00,17800,19200,7.9,rise,1,52.7,5,14.1,26.2,-47.7,-38.6,-26.4,6,24
A000000200646,[8월올영픽/3일진정세럼]브링그린 징크테카 트러블 세럼 대용량 기획,skincare,2026-08-20T15:00:00,28800,27900,-3.1,drop,1,12.7,13.4,10.2,14.2,0.7,-2.5,1.6,3,22
A000000200646,[8월올영픽/3일진정세럼]브링그린 징크테카 트러블 세럼 대용량 기획,sale,2026-08-20T15:00:00,28800,27900,-3.1,drop,1,43.7,37.6,30.9,47,-6.1,-12.8,3.3,3,22
A000000200646,[8월올영픽/3일진정세럼]브링그린 징크테카 트러블 세럼 대용량 기획,skincare,2026-08-21T16:00:00,27900,28800,3.2,rise,1,17.3,12,20.1,21.1,-5.3,2.8,3.8,6,24
A000000200646,[8월올영픽/3일진정세럼]브링그린 징크테카 트러블 세럼 대용량 기획,sale,2026-08-21T16:00:00,27900,28800,3.2,rise,1,58.2,36.2,61.7,67.1,-22.0,3.5,9.0,6,24
A000000204975,[NEW 보송버전 출시] [덱스PICK] 오브제 내추럴 커버 로션 50g 단품/기획(+미니어처 10ml),mens,2026-08-20T15:00:00,26100,25900,-0.8,drop,1,1,1,2.3,1.7,0,1.3,0.7,3,22
A000000204975,[NEW 보송버전 출시] [덱스PICK] 오브제 내추럴 커버 로션 50g 단품/기획(+미니어처 10ml),sale,2026-08-20T15:00:00,26100,25900,-0.8,drop,1,24.3,37.4,61.8,35.2,13.1,37.5,10.9,3,22
A000000204975,[NEW 보송버전 출시] [덱스PICK] 오브제 내추럴 커버 로션 50g 단품/기획(+미니어처 10ml),makeup,2026-08-20T15:00:00,26100,25900,-0.8,drop,1,3.3,5.2,11.7,6.5,1.9,8.4,3.2,3,22
A000000204975,[NEW 보송버전 출시] [덱스PICK] 오브제 내추럴 커버 로션 50g 단품/기획(+미니어처 10ml),mens,2026-08-21T16:00:00,25900,27900,7.7,rise,1,1,1,2,3.5,0,1,2.5,6,24
A000000204975,[NEW 보송버전 출시] [덱스PICK] 오브제 내추럴 커버 로션 50g 단품/기획(+미니어처 10ml),sale,2026-08-21T16:00:00,25900,27900,7.7,rise,1,1.8,5.2,50.9,76.0,3.3,49.1,74.1,6,24
A000000204975,[NEW 보송버전 출시] [덱스PICK] 오브제 내추럴 커버 로션 50g 단품/기획(+미니어처 10ml),makeup,2026-08-21T16:00:00,25900,27900,7.7,rise,1,1,1.5,19.8,33.0,0.5,18.8,32.0,6,24
A000000217595,[애프터로션 증정] 슬릭 엣지 면도기 기획 (핸들+7입날),mens,2026-08-21T16:00:00,9900,25900,161.6,rise,1,4.7,2.2,51.6,76.3,-2.5,46.9,71.6,6,24
A000000217595,[애프터로션 증정] 슬릭 엣지 면도기 기획 (핸들+7입날),body,2026-08-21T16:00:00,9900,25900,161.6,rise,1,1.7,1.5,51.2,76.1,-0.2,49.6,74.5,6,24
A000000217595,[애프터로션 증정] 슬릭 엣지 면도기 기획 (핸들+7입날),sale,2026-08-21T16:00:00,9900,25900,161.6,rise,1,57.3,53.5,77.2,89.1,-3.8,19.9,31.8,6,24
A000000226202,[8월올영픽/1+1] 바닐라코 무드 온 라인 앤 블렌드 아이라이너 (펜슬/트임/애교살) 10colors,sale,2026-08-22T16:00:00,12000,11400,-5.0,drop,1,72.8,22.2,18,17.1,-50.7,-54.8,-55.7,6,16
A000000226202,[8월올영픽/1+1] 바닐라코 무드 온 라인 앤 블렌드 아이라이너 (펜슬/트임/애교살) 10colors,makeup,2026-08-22T16:00:00,12000,11400,-5.0,drop,1,15.3,3.3,2.7,2.8,-12.0,-12.7,-12.6,6,16
A000000228952,토리든 밸런스풀 포맨 시카 프레쉬 올인원 200g 기획(+밸런스풀 올인원 20g),skincare,2026-08-21T16:00:00,18500,19900,7.6,rise,1,96,87.8,94.4,97.4,-8.2,-1.6,1.4,6,24
A000000228952,토리든 밸런스풀 포맨 시카 프레쉬 올인원 200g 기획(+밸런스풀 올인원 20g),sale,2026-08-21T16:00:00,18500,19900,7.6,rise,1,101,101,101,101,0,0,0,6,24
A000000228952,토리든 밸런스풀 포맨 시카 프레쉬 올인원 200g 기획(+밸런스풀 올인원 20g),mens,2026-08-21T16:00:00,18500,19900,7.6,rise,1,19.5,16.8,21.3,18.7,-2.7,1.8,-0.8,6,24
A000000238816,[1등 기름종이선스틱] 오브제 포어 제로 오일 컨트롤 선스틱 18g 단품/기획,suncare,2026-08-21T16:00:00,17900,18900,5.6,rise,1,4.2,8.5,19.1,19.8,4.3,14.9,15.7,6,24
A000000238816,[1등 기름종이선스틱] 오브제 포어 제로 오일 컨트롤 선스틱 18g 단품/기획,mens,2026-08-21T16:00:00,17900,18900,5.6,rise,1,6.8,7.3,11.7,10.8,0.5,4.8,4.0,6,24
A000000238816,[1등 기름종이선스틱] 오브제 포어 제로 오일 컨트롤 선스틱 18g 단품/기획,sale,2026-08-21T16:00:00,17900,18900,5.6,rise,1,80.3,100.2,100.6,100.8,19.8,20.2,20.5,6,24
A000000253093,[8월올영픽/1등 파우더] 바닐라코 프라임 프라이머 피니쉬 파우더 12g,sale,2026-08-22T16:00:00,15400,15200,-1.3,drop,1,63.7,86.3,62.8,55.1,22.7,-0.8,-8.6,6,16
A000000253093,[8월올영픽/1등 파우더] 바닐라코 프라임 프라이머 피니쉬 파우더 12g,makeup,2026-08-22T16:00:00,15400,15200,-1.3,drop,1,13,17.2,12.2,10.9,4.2,-0.8,-2.1,6,16
A000000255256,[NEW/이시안공동개발] 라카 퍼펙트 트윈 립 4.7g+4.2g 12 colors,sale,2026-08-20T15:00:00,17100,17400,1.8,rise,1,3,2,6.4,8.1,-1,3.4,5.1,3,22
A000000255256,[NEW/이시안공동개발] 라카 퍼펙트 트윈 립 4.7g+4.2g 12 colors,makeup,2026-08-20T15:00:00,17100,17400,1.8,rise,1,1,1,1.2,1.5,0,0.2,0.5,3,22
A000000258285,[1등파데 리뉴얼] 오브제 내추럴 커버 파운데이션 PRO 14g 단품/기획 (+올인원 30ml 증정),mens,2026-08-20T15:00:00,29900,30100,0.7,rise,1,2,2,3.6,4.2,0,1.6,2.2,3,22
A000000258285,[1등파데 리뉴얼] 오브제 내추럴 커버 파운데이션 PRO 14g 단품/기획 (+올인원 30ml 증정),sale,2026-08-20T15:00:00,29900,30100,0.7,rise,1,47,55.8,78.4,84.5,8.8,31.4,37.5,3,22
A000000258285,[1등파데 리뉴얼] 오브제 내추럴 커버 파운데이션 PRO 14g 단품/기획 (+올인원 30ml 증정),makeup,2026-08-20T15:00:00,29900,30100,0.7,rise,1,7.7,9.2,20.1,21.5,1.5,12.4,13.8,3,22
A000000258285,[1등파데 리뉴얼] 오브제 내추럴 커버 파운데이션 PRO 14g 단품/기획 (+올인원 30ml 증정),mens,2026-08-21T16:00:00,30100,33100,10.0,rise,1,5.5,7.2,5.8,7.1,1.7,0.2,1.6,6,24
A000000258285,[1등파데 리뉴얼] 오브제 내추럴 커버 파운데이션 PRO 14g 단품/기획 (+올인원 30ml 증정),sale,2026-08-21T16:00:00,30100,33100,10.0,rise,1,73.3,94.8,97.9,99.5,21.5,24.6,26.1,6,24
A000000258285,[1등파데 리뉴얼] 오브제 내추럴 커버 파운데이션 PRO 14g 단품/기획 (+올인원 30ml 증정),makeup,2026-08-21T16:00:00,30100,33100,10.0,rise,1,19.7,42.2,54.4,65.4,22.5,34.8,45.8,6,24
A000000258291,[NEW/1등수분세럼] 토리든 다이브인 저분자 히알루론산 세럼 50ml 리필 기획(+리필 50ml),skincare,2026-08-22T16:00:00,25650,36000,40.4,rise,1,5.3,6.2,27.2,30.3,0.8,21.9,25.0,6,16
A000000258291,[NEW/1등수분세럼] 토리든 다이브인 저분자 히알루론산 세럼 50ml 리필 기획(+리필 50ml),sale,2026-08-22T16:00:00,25650,36000,40.4,rise,1,11.7,16.8,55,66.5,5.2,43.3,54.8,6,16
A000000161438,[드라이볼륨 필수템] 다슈 클래식 스타일 그루밍 토닉 펌프 200ml 기획 (+100ml),mens,2026-08-21T16:00:00,11500,13900,20.9,rise,1,31.3,18.7,55.3,63.8,-12.7,24.0,32.4,6,24
A000000161438,[드라이볼륨 필수템] 다슈 클래식 스타일 그루밍 토닉 펌프 200ml 기획 (+100ml),hair,2026-08-21T16:00:00,11500,13900,20.9,rise,1,71,28,64.5,82.8,-43,-6.5,11.8,6,24
A000000161438,[드라이볼륨 필수템] 다슈 클래식 스타일 그루밍 토닉 펌프 200ml 기획 (+100ml),sale,2026-08-21T16:00:00,11500,13900,20.9,rise,1,101,101,101,101,0,0,0,6,24
A000000161438,[드라이볼륨 필수템] 다슈 클래식 스타일 그루밍 토닉 펌프 200ml 기획 (+100ml),mens,2026-08-21T20:00:00,13900,12800,-7.9,drop,1,23.8,68,82.4,67.9,44.2,58.6,44.0,6,24
A000000161438,[드라이볼륨 필수템] 다슈 클래식 스타일 그루밍 토닉 펌프 200ml 기획 (+100ml),hair,2026-08-21T20:00:00,13900,12800,-7.9,drop,1,42,75.3,88.2,94.6,33.3,46.2,52.6,6,24
A000000161438,[드라이볼륨 필수템] 다슈 클래식 스타일 그루밍 토닉 펌프 200ml 기획 (+100ml),sale,2026-08-21T20:00:00,13900,12800,-7.9,drop,1,101,101,101,101,0,0,0,6,24
A000000161438,[드라이볼륨 필수템] 다슈 클래식 스타일 그루밍 토닉 펌프 200ml 기획 (+100ml),mens,2026-08-22T15:00:00,12800,13900,8.6,rise,1,55.2,41.8,55.9,69.2,-13.3,0.8,14.0,6,17
A000000161438,[드라이볼륨 필수템] 다슈 클래식 스타일 그루밍 토닉 펌프 200ml 기획 (+100ml),hair,2026-08-22T15:00:00,12800,13900,8.6,rise,1,101,101,101,101,0,0,0,6,17
A000000161438,[드라이볼륨 필수템] 다슈 클래식 스타일 그루밍 토닉 펌프 200ml 기획 (+100ml),sale,2026-08-22T15:00:00,12800,13900,8.6,rise,1,101,101,101,101,0,0,0,6,17
A000000161438,[드라이볼륨 필수템] 다슈 클래식 스타일 그루밍 토닉 펌프 200ml 기획 (+100ml),mens,2026-08-22T16:00:00,13900,12800,-7.9,drop,1,43.3,42.2,61.8,71.6,-1.2,18.5,28.3,6,16
A000000161438,[드라이볼륨 필수템] 다슈 클래식 스타일 그루밍 토닉 펌프 200ml 기획 (+100ml),hair,2026-08-22T16:00:00,13900,12800,-7.9,drop,1,101,101,101,101,0,0,0,6,16
A000000161438,[드라이볼륨 필수템] 다슈 클래식 스타일 그루밍 토닉 펌프 200ml 기획 (+100ml),sale,2026-08-22T16:00:00,13900,12800,-7.9,drop,1,101,101,101,101,0,0,0,6,16
A000000253342,[8월올영픽/코끼임ZERO] 블랑네이처 9배 어성초 버블 클렌징 밀크 150ml 단품/기획,cleansing,2026-08-21T12:00:00,20400,19300,-5.4,drop,1,20.8,6,5.6,9.0,-14.8,-15.2,-11.9,6,24
A000000253342,[8월올영픽/코끼임ZERO] 블랑네이처 9배 어성초 버블 클렌징 밀크 150ml 단품/기획,sale,2026-08-21T12:00:00,20400,19300,-5.4,drop,1,101,23.3,37.7,62.2,-77.7,-63.3,-38.8,6,24
A000000253342,[8월올영픽/코끼임ZERO] 블랑네이처 9배 어성초 버블 클렌징 밀크 150ml 단품/기획,cleansing,2026-08-21T13:00:00,19300,20400,5.7,rise,1,23.3,2,3.9,9.0,-21.3,-19.4,-14.4,6,24
A000000253342,[8월올영픽/코끼임ZERO] 블랑네이처 9배 어성초 버블 클렌징 밀크 150ml 단품/기획,sale,2026-08-21T13:00:00,19300,20400,5.7,rise,1,101,7.5,34.2,62.2,-93.5,-66.8,-38.8,6,24
A000000211936,[8월 올영필/여름필수파데] 어바웃톤 스킨 레이어 핏 파운데이션 30ml 8종 (기획/단품),sale,2026-08-21T16:00:00,22000,20200,-8.2,drop,1,101,79.8,58.3,50.3,-21.2,-42.7,-50.7,6,24
A000000211936,[8월 올영필/여름필수파데] 어바웃톤 스킨 레이어 핏 파운데이션 30ml 8종 (기획/단품),makeup,2026-08-21T16:00:00,22000,20200,-8.2,drop,1,38.5,23,14.5,10.9,-15.5,-24.0,-27.6,6,24
A000000211936,[8월 올영필/여름필수파데] 어바웃톤 스킨 레이어 핏 파운데이션 30ml 8종 (기획/단품),sale,2026-08-22T16:00:00,20200,22000,8.9,rise,1,38.8,22.5,60.9,70.9,-16.3,22.1,32.1,6,16
A000000211936,[8월 올영필/여름필수파데] 어바웃톤 스킨 레이어 핏 파운데이션 30ml 8종 (기획/단품),makeup,2026-08-22T16:00:00,20200,22000,8.9,rise,1,6,4,14.3,20.1,-2,8.3,14.1,6,16
A000000217567,[8월 올영픽/올영1등 헤어팩/펌프 증정] 츠바키 프리미엄 EX 리페어 마스크 180g 더블 기획 (+펌프 ,hair,2026-08-20T15:00:00,21400,20900,-2.3,drop,1,4,3.6,2.3,1.6,-0.4,-1.7,-2.4,2,22
A000000217567,[8월 올영픽/올영1등 헤어팩/펌프 증정] 츠바키 프리미엄 EX 리페어 마스크 180g 더블 기획 (+펌프 ,sale,2026-08-20T15:00:00,21400,20900,-2.3,drop,1,57.7,45,25.2,15.4,-12.7,-32.5,-42.3,3,22
A000000217567,[8월 올영픽/올영1등 헤어팩/펌프 증정] 츠바키 프리미엄 EX 리페어 마스크 180g 더블 기획 (+펌프 ,hair,2026-08-21T16:00:00,20900,21400,2.4,rise,1,1,2,3.1,3.5,1,2.1,2.5,6,24
A000000217567,[8월 올영픽/올영1등 헤어팩/펌프 증정] 츠바키 프리미엄 EX 리페어 마스크 180g 더블 기획 (+펌프 ,sale,2026-08-21T16:00:00,20900,21400,2.4,rise,1,10.2,15.7,33.6,41.4,5.5,23.4,31.2,6,24
A000000000207,[오늘특가/8월올영픽/체취&쿨링 바디워시] 닥터브로너스 퓨어 캐스틸 솝 475ml (단품/기획),body,2026-08-20T15:00:00,27400,28600,4.4,rise,2,12,4.6,20.3,32.8,-7.4,8.3,20.8,2,22
A000000000207,[오늘특가/8월올영픽/체취&쿨링 바디워시] 닥터브로너스 퓨어 캐스틸 솝 475ml (단품/기획),sale,2026-08-20T15:00:00,27400,28600,4.4,rise,2,101,101,101,101,0,0,0,3,22
A000000016698,[1등 미스트] 아벤느 오 떼르말 수분 미스트 150ml,skincare,2026-08-21T16:00:00,8900,14500,62.9,rise,1,86.8,89.3,95.2,98.1,2.5,8.3,11.2,6,24
A000000016698,[1등 미스트] 아벤느 오 떼르말 수분 미스트 150ml,dermo,2026-08-21T16:00:00,8900,14500,62.9,rise,1,22.8,28.2,57.9,79.5,5.3,35.1,56.6,6,24
A000000017135,[8월올영픽/원조톤업크림] 코스노리 화이트닝 드레스 톤업크림 50ml (단품/기획),sale,2026-08-22T17:00:00,16000,14900,-6.9,drop,9,101,95.7,81.7,85.5,-5.3,-19.3,-15.5,6,15
A000000017135,[8월올영픽/원조톤업크림] 코스노리 화이트닝 드레스 톤업크림 50ml (단품/기획),makeup,2026-08-22T17:00:00,16000,14900,-6.9,drop,9,101,39,25.9,27.3,-62,-75.1,-73.7,6,15
A000000102321,다슈 데일리 비타플렉스 남성청결제 300ml,mens,2026-08-21T23:00:00,11900,12600,5.9,rise,12,101,63.3,77.8,83.9,-37.7,-23.2,-17.1,6,24
A000000102321,다슈 데일리 비타플렉스 남성청결제 300ml,body,2026-08-21T23:00:00,11900,12600,5.9,rise,12,101,101,101,100.3,0,0,-0.7,6,24
A000000104282,[압도적1등]그라펜 해수 포마드 100g 단품/기획,mens,2026-08-21T16:00:00,13780,12590,-8.6,drop,1,43.2,29.3,26,24.4,-13.8,-17.2,-18.8,6,24
A000000104282,[압도적1등]그라펜 해수 포마드 100g 단품/기획,hair,2026-08-21T16:00:00,13780,12590,-8.6,drop,1,94.2,56.2,67.8,79.4,-38.0,-26.4,-14.8,6,24
A000000104282,[압도적1등]그라펜 해수 포마드 100g 단품/기획,mens,2026-08-22T15:00:00,12590,13780,9.5,rise,1,24.3,20.7,41,43.5,-3.7,16.7,19.1,6,17
A000000104282,[압도적1등]그라펜 해수 포마드 100g 단품/기획,hair,2026-08-22T15:00:00,12590,13780,9.5,rise,1,91.8,81,90.6,93.6,-10.8,-1.2,1.8,6,17
A000000117399,[초특가] 온더바디 발을씻자 코튼 풋샴푸 385ml 레몬/자몽/복숭아/쿨링/비누향 5종 택1,body,2026-08-22T16:00:00,5000,4900,-2.0,drop,1,97.5,81,91,91.4,-16.5,-6.5,-6.1,6,16
A000000161007,[덱스 PICK/남자립밤1등] 오브제 무드체인지 립밤 3g 3종 택1,mens,2026-08-20T15:00:00,9700,9900,2.1,rise,1,11.7,16.4,16.9,16.6,4.7,5.2,5.0,3,22
A000000161007,[덱스 PICK/남자립밤1등] 오브제 무드체인지 립밤 3g 3종 택1,makeup,2026-08-20T15:00:00,9700,9900,2.1,rise,1,74,92.2,96.6,89.3,18.2,22.6,15.3,3,22
A000000161007,[덱스 PICK/남자립밤1등] 오브제 무드체인지 립밤 3g 3종 택1,mens,2026-08-21T16:00:00,9900,11900,20.2,rise,1,13.2,20.8,25.7,24.2,7.7,12.5,11.0,6,24
A000000161007,[덱스 PICK/남자립밤1등] 오브제 무드체인지 립밤 3g 3종 택1,makeup,2026-08-21T16:00:00,9900,11900,20.2,rise,1,68.2,99.7,100.3,100.7,31.5,32.2,32.5,6,24
A000000161007,[덱스 PICK/남자립밤1등] 오브제 무드체인지 립밤 3g 3종 택1,mens,2026-08-22T06:00:00,11900,10700,-10.1,drop,1,42.8,19.8,18.3,27.9,-23.0,-24.5,-14.9,6,24
A000000161007,[덱스 PICK/남자립밤1등] 오브제 무드체인지 립밤 3g 3종 택1,makeup,2026-08-22T06:00:00,11900,10700,-10.1,drop,1,101,101,101,101,0,0,0,6,24
A000000165797,[대용량/올영단독] 넘버즈인 1번 말끔 순삭 클렌징 오일 400ml 대용량,cleansing,2026-08-21T16:00:00,23100,21900,-5.2,drop,1,34,24.3,15.1,9.4,-9.7,-18.9,-24.6,6,24
A000000165797,[대용량/올영단독] 넘버즈인 1번 말끔 순삭 클렌징 오일 400ml 대용량,sale,2026-08-21T16:00:00,23100,21900,-5.2,drop,1,101,101,69.7,52.6,0,-31.3,-48.4,6,24
A000000165797,[대용량/올영단독] 넘버즈인 1번 말끔 순삭 클렌징 오일 400ml 대용량,cleansing,2026-08-22T16:00:00,21900,23100,5.5,rise,1,5,6.8,11.5,16.4,1.8,6.5,11.4,6,16
A000000165797,[대용량/올영단독] 넘버즈인 1번 말끔 순삭 클렌징 오일 400ml 대용량,sale,2026-08-22T16:00:00,21900,23100,5.5,rise,1,45,52.8,76.9,82.9,7.8,31.9,37.9,6,16
A000000174218,크리스마 코튼 3종 모음 (페이스타올/화장솜),tools,2026-08-20T15:00:00,5200,5300,1.9,rise,1,9,4,11.2,24.8,-5,2.2,15.8,3,22
A000000175561,셀렉스 프로핏 스포츠 330ml 4종 택1(초콜릿/복숭아/코코넛),mens,2026-08-21T16:00:00,2880,3200,11.1,rise,1,23,25.2,45.1,66.8,2.2,22.1,43.8,6,24
A000000175915,[8/23 단하루특가] 토리든 다이브인 저분자 히알루론산 클렌징폼 150ml 기획 (+30ml 증정),cleansing,2026-08-22T16:00:00,9980,9900,-0.8,drop,1,43.2,33.2,25.9,23.9,-10.0,-17.2,-19.2,6,16
A000000180515,[8월 올영픽/보이넥스트도어  PICK] 비비앙 니치 섬유향수 100ml (단품/기획),fragrance,2026-08-21T16:00:00,14500,13500,-6.9,drop,1,18.5,12,7.4,5.0,-6.5,-11.1,-13.5,6,24
A000000180515,[8월 올영픽/보이넥스트도어  PICK] 비비앙 니치 섬유향수 100ml (단품/기획),fragrance,2026-08-22T16:00:00,13500,14500,7.4,rise,1,3.2,2,16.8,19.1,-1.2,13.7,15.9,6,16
A000000182618,필리밀리 열판 롤 브러시 3종 택 1 (40mm/50mm/65mm),tools,2026-08-21T16:00:00,10800,9900,-8.3,drop,1,20,14.2,11.8,9.3,-5.8,-8.2,-10.7,6,24
A000000182618,필리밀리 열판 롤 브러시 3종 택 1 (40mm/50mm/65mm),hair,2026-08-21T16:00:00,10800,9900,-8.3,drop,1,54.8,41.7,30.7,26.9,-13.2,-24.2,-28.0,6,24
A000000182618,필리밀리 열판 롤 브러시 3종 택 1 (40mm/50mm/65mm),tools,2026-08-22T15:00:00,9900,10800,9.1,rise,1,4.8,2.8,11.9,15.2,-2.0,7.1,10.3,6,17
A000000182618,필리밀리 열판 롤 브러시 3종 택 1 (40mm/50mm/65mm),hair,2026-08-22T15:00:00,9900,10800,9.1,rise,1,18.8,11,30.9,43.9,-7.8,12.1,25.0,6,17
A000000182630,[8월올영픽/대용량140매] 넘버즈인 1번 시카 갈아만든 초록패드 70매 리필기획 (+70매 리필),masks,2026-08-21T16:00:00,26400,24500,-7.2,drop,1,15.7,11.7,8,6.0,-4.0,-7.7,-9.6,6,24
A000000182630,[8월올영픽/대용량140매] 넘버즈인 1번 시카 갈아만든 초록패드 70매 리필기획 (+70매 리필),sale,2026-08-21T16:00:00,26400,24500,-7.2,drop,1,101,82.8,50.3,33.2,-18.2,-50.7,-67.8,6,24
A000000182630,[8월올영픽/대용량140매] 넘버즈인 1번 시카 갈아만든 초록패드 70매 리필기획 (+70매 리필),masks,2026-08-22T16:00:00,24500,26400,7.8,rise,1,4.5,4.2,10.7,12.6,-0.3,6.2,8.1,6,16
A000000182630,[8월올영픽/대용량140매] 넘버즈인 1번 시카 갈아만든 초록패드 70매 리필기획 (+70매 리필),sale,2026-08-22T16:00:00,24500,26400,7.8,rise,1,20.5,19.5,57.3,68.2,-1.0,36.8,47.8,6,16
A000000183350,비너스 Y존 제모기 본품기획/리필 2종 택1,body,2026-08-20T15:00:00,15900,11900,-25.2,drop,2,44.5,79.6,82,79.3,35.1,37.5,34.8,2,22
A000000185115,[1분진정] 브링그린 티트리 시카 트러블 수딩 토너패드 90매 (리필/단품),masks,2026-08-20T08:00:00,16800,22400,33.3,rise,17,101,69.7,78.7,90.4,-31.3,-22.3,-10.6,1,19
A000000185115,[1분진정] 브링그린 티트리 시카 트러블 수딩 토너패드 90매 (리필/단품),masks,2026-08-20T12:00:00,22400,16800,-25.0,drop,4,94,69.8,84,92.5,-24.2,-10,-1.5,2,22
A000000185115,[1분진정] 브링그린 티트리 시카 트러블 수딩 토너패드 90매 (리필/단품),masks,2026-08-22T19:00:00,16800,15500,-7.7,drop,6,98.7,60.7,48.6,49,-38.0,-50.1,-49.7,6,13
A000000188794,[NCT 재민PICK] 이즈앤트리 어니언 뉴페어 클리어 패드 60매 (+20매 리필 증정기획),masks,2026-08-20T18:00:00,17900,16400,-8.4,drop,27,101,86.6,90,88.0,-14.4,-11,-13.0,6,22
A000000188794,[NCT 재민PICK] 이즈앤트리 어니언 뉴페어 클리어 패드 60매 (+20매 리필 증정기획),masks,2026-08-21T16:00:00,16400,17900,9.1,rise,1,94.2,55.7,78.3,89.7,-38.5,-15.8,-4.5,6,24
A000000189143,[8월 올영픽/두피쿨링/탈모증상완화] 아로마티카 티트리 퓨리파잉 토닉 100ml (단품/더블기획),hair,2026-08-21T03:00:00,19900,13800,-30.7,drop,4,59.4,81.7,74.6,54.9,22.3,15.2,-4.5,5,24
A000000189143,[8월 올영픽/두피쿨링/탈모증상완화] 아로마티카 티트리 퓨리파잉 토닉 100ml (단품/더블기획),sale,2026-08-21T03:00:00,19900,13800,-30.7,drop,4,101,101,101,101,0,0,0,5,24
A000000189143,[8월 올영픽/두피쿨링/탈모증상완화] 아로마티카 티트리 퓨리파잉 토닉 100ml (단품/더블기획),hair,2026-08-22T16:00:00,13800,9900,-28.3,drop,1,48.7,14.5,9,7.4,-34.2,-39.7,-41.3,6,16
A000000189143,[8월 올영픽/두피쿨링/탈모증상완화] 아로마티카 티트리 퓨리파잉 토닉 100ml (단품/더블기획),sale,2026-08-22T16:00:00,13800,9900,-28.3,drop,1,101,95,60.4,49.1,-6,-40.6,-51.9,6,16
A000000202197,[8월 올영픽/더블] 라운드랩 자작나무 수분 선스틱 19g+19g,suncare,2026-08-21T16:00:00,23900,23600,-1.3,drop,1,73.5,90.5,84.4,67.6,17.0,10.9,-5.9,6,24
A000000202197,[8월 올영픽/더블] 라운드랩 자작나무 수분 선스틱 19g+19g,suncare,2026-08-22T15:00:00,23600,23900,1.3,rise,1,42.3,27.3,43.9,46.9,-15.0,1.6,4.6,6,17
A000000202395,아뜰리에페이 퍼퓸  중 1 단품/기획,fragrance,2026-08-22T09:00:00,36000,34000,-5.6,drop,1,97,23.5,46.6,72.6,-73.5,-50.4,-24.4,6,23
A000000202395,아뜰리에페이 퍼퓸  중 1 단품/기획,fragrance,2026-08-22T10:00:00,34000,36000,5.9,rise,1,85.5,23,52.3,74.5,-62.5,-33.2,-11.0,6,22
A000000203004,오브제 블랙헤드 스크럽 밤 20g,mens,2026-08-21T16:00:00,12700,17800,40.2,rise,1,21.3,41.3,71.2,86.1,20.0,49.8,64.8,6,24
A000000203004,오브제 블랙헤드 스크럽 밤 20g,cleansing,2026-08-21T16:00:00,12700,17800,40.2,rise,1,39.2,64,82.5,91.8,24.8,43.3,52.6,6,24
A000000204767,[NEW/런칭 이벤트]센녹 퍼퓸 30ml/50ml 기획,fragrance,2026-08-20T15:00:00,46640,45500,-2.4,drop,2,4,3.8,8.4,7.5,-0.2,4.4,3.5,2,22
A000000204767,[NEW/런칭 이벤트]센녹 퍼퓸 30ml/50ml 기획,fragrance,2026-08-21T02:00:00,45500,64600,42.0,rise,2,14.2,8,6.8,6.8,-6.2,-7.4,-7.5,4,24
A000000204767,[NEW/런칭 이벤트]센녹 퍼퓸 30ml/50ml 기획,fragrance,2026-08-21T09:00:00,64600,45500,-29.6,drop,1,7.8,5.5,6.8,6.2,-2.3,-1.1,-1.6,6,24
A000000204767,[NEW/런칭 이벤트]센녹 퍼퓸 30ml/50ml 기획,fragrance,2026-08-21T16:00:00,45500,46640,2.5,rise,1,5.7,7.7,7.1,6.2,2.0,1.4,0.6,6,24
A000000205722,[8월 올영픽/피지순삭/탈모증상완화] 아로마티카 티트리 퓨리파잉 샴푸 400ml (단품/더블기획/리필),hair,2026-08-21T19:00:00,27900,25100,-10.0,drop,26,101,64.3,46.2,34.7,-36.7,-54.8,-66.3,6,24
A000000205722,[8월 올영픽/피지순삭/탈모증상완화] 아로마티카 티트리 퓨리파잉 샴푸 400ml (단품/더블기획/리필),hair,2026-08-22T16:00:00,25100,27900,11.2,rise,1,26.5,22,37.9,38.5,-4.5,11.4,12.0,6,16
A000000205802,[맨즈케어 바디워시 1위]우르오스 스킨워시 500ml,mens,2026-08-21T17:00:00,15100,15700,4.0,rise,7,101,45,31,19.9,-56,-70,-81.1,6,24
A000000205802,[맨즈케어 바디워시 1위]우르오스 스킨워시 500ml,body,2026-08-21T17:00:00,15100,15700,4.0,rise,7,101,68.5,50.9,34.9,-32.5,-50.1,-66.1,6,24
A000000205802,[맨즈케어 바디워시 1위]우르오스 스킨워시 500ml,sale,2026-08-21T17:00:00,15100,15700,4.0,rise,7,101,101,95,91.1,0,-6,-9.9,6,24
A000000205872,질레트 면도날 16입 (스킨텍/옐로우/칠/울트라),mens,2026-08-21T16:00:00,54100,68700,27.0,rise,1,79.3,98.3,99.7,100.3,19.0,20.3,21.0,6,24
A000000205872,질레트 면도날 16입 (스킨텍/옐로우/칠/울트라),body,2026-08-21T16:00:00,54100,68700,27.0,rise,1,91.8,101,101,101,9.2,9.2,9.2,6,24
A000000205979,[8월올영픽/10매] 넘버즈인 마스크팩 10매 기획 2종 중 택 1 (1번/4번),masks,2026-08-21T16:00:00,17300,16500,-4.6,drop,1,16.7,8.8,9.1,7.4,-7.8,-7.6,-9.3,6,24
A000000205979,[8월올영픽/10매] 넘버즈인 마스크팩 10매 기획 2종 중 택 1 (1번/4번),sale,2026-08-21T16:00:00,17300,16500,-4.6,drop,1,101,69.3,63,48.3,-31.7,-38,-52.7,6,24
A000000205979,[8월올영픽/10매] 넘버즈인 마스크팩 10매 기획 2종 중 택 1 (1번/4번),masks,2026-08-22T16:00:00,16500,17300,4.8,rise,1,4.7,4.8,13.9,15.4,0.2,9.2,10.7,6,16
A000000205979,[8월올영픽/10매] 넘버즈인 마스크팩 10매 기획 2종 중 택 1 (1번/4번),sale,2026-08-22T16:00:00,16500,17300,4.8,rise,1,26.2,27.3,64.2,73.4,1.2,38.0,47.2,6,16
A000000207225,[8월올영픽/트러블진정세럼] 넘버즈인 1번 판토텐산 액티브업 수딩세럼 50ml 리필기획 (50ml+50ml),skincare,2026-08-21T16:00:00,23500,22500,-4.3,drop,1,34.3,19.7,12.2,8.1,-14.7,-22.2,-26.2,6,24
A000000207225,[8월올영픽/트러블진정세럼] 넘버즈인 1번 판토텐산 액티브업 수딩세럼 50ml 리필기획 (50ml+50ml),sale,2026-08-21T16:00:00,23500,22500,-4.3,drop,1,97,59,35.4,22.2,-38,-61.6,-74.8,6,24
A000000207225,[8월올영픽/트러블진정세럼] 넘버즈인 1번 판토텐산 액티브업 수딩세럼 50ml 리필기획 (50ml+50ml),skincare,2026-08-22T16:00:00,22500,23500,4.4,rise,1,4.3,3.3,20.2,25.9,-1.0,15.8,21.6,6,16
A000000207225,[8월올영픽/트러블진정세럼] 넘버즈인 1번 판토텐산 액티브업 수딩세럼 50ml 리필기획 (50ml+50ml),sale,2026-08-22T16:00:00,22500,23500,4.4,rise,1,9.8,10.7,50.8,63.4,0.8,41.0,53.5,6,16
A000000207921,필리밀리 베이스 메이크업 브러시 20종 택1 (파운데이션/블러셔/컨실러/쉐딩/하이라이터/파우더),tools,2026-08-22T15:00:00,6500,5500,-15.4,drop,1,17.5,11.8,7.5,6.3,-5.7,-10.0,-11.2,6,17
A000000207921,필리밀리 베이스 메이크업 브러시 20종 택1 (파운데이션/블러셔/컨실러/쉐딩/하이라이터/파우더),sale,2026-08-22T15:00:00,6500,5500,-15.4,drop,1,101,101,100.5,98.2,0,-0.5,-2.8,6,17
A000000210512,반디 살롱드네일 베이스 & 탑코트 7ml 2종,nail,2026-08-20T16:00:00,11200,9600,-14.3,drop,1,31.5,54.4,58.8,51.4,22.9,27.3,19.9,4,22
A000000210512,반디 살롱드네일 베이스 & 탑코트 7ml 2종,nail,2026-08-21T09:00:00,9600,11200,16.7,rise,1,60,32.8,47.8,49.5,-27.2,-12.2,-10.5,6,24
A000000210512,반디 살롱드네일 베이스 & 탑코트 7ml 2종,nail,2026-08-21T10:00:00,11200,9600,-14.3,drop,1,54.8,35.5,50.2,51.1,-19.3,-4.7,-3.7,6,24
A000000210512,반디 살롱드네일 베이스 & 탑코트 7ml 2종,nail,2026-08-22T14:00:00,9600,11200,16.7,rise,1,74.5,39.7,43.4,50.3,-34.8,-31.1,-24.2,6,18
A000000210918,질레트 프로쉴드 옐로우 파워 (핸들 1입+면도날 4입+미니젤),mens,2026-08-21T16:00:00,26650,32900,23.5,rise,1,48,75.7,88.3,94,27.7,40.3,46,6,24
A000000210918,질레트 프로쉴드 옐로우 파워 (핸들 1입+면도날 4입+미니젤),body,2026-08-21T16:00:00,26650,32900,23.5,rise,1,80.2,97.2,99.1,100.0,17.0,18.9,19.9,6,24
A000000211187,[1일1팩/밀착진정] 듀이트리 AC 딥 진정 마스크 10매 (열감/흔적),masks,2026-08-20T15:00:00,11700,13300,13.7,rise,1,12,9.4,40,68.6,-2.6,28,56.6,3,22
A000000211187,[1일1팩/밀착진정] 듀이트리 AC 딥 진정 마스크 10매 (열감/흔적),sale,2026-08-20T15:00:00,11700,13300,13.7,rise,1,94.3,68.2,84.6,93.5,-26.1,-9.7,-0.8,3,22
A000000212247,오브제 포어 제로 무스 클레이 팩 100ml,masks,2026-08-21T16:00:00,17900,19900,11.2,rise,1,63.8,91.8,94.8,97.6,28.0,30.9,33.8,6,24
A000000212247,오브제 포어 제로 무스 클레이 팩 100ml,mens,2026-08-21T16:00:00,17900,19900,11.2,rise,1,33,51,55.8,64.4,18,22.8,31.4,6,24
A000000215502,[8월올영픽/쿨링진정] 브링그린 알로에 97% 수딩젤 (2입/쿨러/단품),suncare,2026-08-21T16:00:00,11500,10200,-11.3,drop,1,13.3,12.3,14.2,12.1,-1.0,0.9,-1.2,6,24
A000000215502,[8월올영픽/쿨링진정] 브링그린 알로에 97% 수딩젤 (2입/쿨러/단품),suncare,2026-08-22T15:00:00,10200,11500,12.7,rise,1,8.7,9.8,11.8,12.2,1.2,3.1,3.5,6,17
A000000216255,[단독기획/5중모공케어] 오브제 포어 제로 토너/로션 2종 기획,skincare,2026-08-21T16:00:00,28400,30800,8.5,rise,1,100.8,101,101,101,0.2,0.2,0.2,6,24
A000000216255,[단독기획/5중모공케어] 오브제 포어 제로 토너/로션 2종 기획,mens,2026-08-21T16:00:00,28400,30800,8.5,rise,1,30.8,26,36.7,62.8,-4.8,5.8,31.9,6,24
A000000217330,[결광톤업] 식물나라 뽀얀쌀 톤업 수분 선크림 100ml 3종 (생기/보라/초록),suncare,2026-08-20T15:00:00,11800,9900,-16.1,drop,1,88,74.8,61.9,47.9,-13.2,-26.1,-40.1,3,22
A000000217330,[결광톤업] 식물나라 뽀얀쌀 톤업 수분 선크림 100ml 3종 (생기/보라/초록),suncare,2026-08-21T16:00:00,9900,11800,19.2,rise,1,36.7,95,91.2,78.1,58.3,54.6,41.4,6,24
A000000217511,[클렌징밤 본품 절반 증정]  휩드 비건 팩클렌저 130g 기획 4종 (피치페어/머그트리/무화버터/유자몽),cleansing,2026-08-20T15:00:00,17900,18500,3.4,rise,1,1,1.4,8.8,10.8,0.4,7.8,9.8,3,22
A000000217511,[클렌징밤 본품 절반 증정]  휩드 비건 팩클렌저 130g 기획 4종 (피치페어/머그트리/무화버터/유자몽),sale,2026-08-20T15:00:00,17900,18500,3.4,rise,1,4,8,54.5,79.9,4,50.5,75.9,3,22
A000000218508,[화해1등] 비욘드 바디타민 로션(착색미백/탄력/보습) 3종 기획 택1,body,2026-08-21T16:00:00,26000,19800,-23.8,drop,1,6.5,41.5,36.4,23.8,35.0,29.9,17.2,6,24
A000000218508,[화해1등] 비욘드 바디타민 로션(착색미백/탄력/보습) 3종 기획 택1,sale,2026-08-21T16:00:00,26000,19800,-23.8,drop,1,100.3,101,101,101,0.7,0.7,0.7,6,24
A000000218508,[화해1등] 비욘드 바디타민 로션(착색미백/탄력/보습) 3종 기획 택1,body,2026-08-22T03:00:00,19800,26000,31.3,rise,1,33.8,12.2,11.6,10.9,-21.7,-22.2,-23.0,6,24
A000000218508,[화해1등] 비욘드 바디타민 로션(착색미백/탄력/보습) 3종 기획 택1,sale,2026-08-22T03:00:00,19800,26000,31.3,rise,1,101,101,101,98.8,0,0,-2.2,6,24
A000000219331,[속눈썹 실패 걱정 끝] 필리밀리 속눈썹 골라담기 택1 (포인트 가닥/노글루/컷팅/미들포인트/접착제),tools,2026-08-21T09:00:00,8200,11900,45.1,rise,1,10,6.7,7.4,7.7,-3.3,-2.6,-2.3,6,24
A000000219331,[속눈썹 실패 걱정 끝] 필리밀리 속눈썹 골라담기 택1 (포인트 가닥/노글루/컷팅/미들포인트/접착제),tools,2026-08-22T10:00:00,11900,8000,-32.8,drop,1,12,8.3,14.1,13.2,-3.7,2.1,1.2,6,22
A000000223781,[트러블/면도후] 닥터지 레드 블레미쉬 포 맨 진정 올인원 150ml 2종 (단품/증정 기획),mens,2026-08-20T12:00:00,24000,21000,-12.5,drop,4,53.5,48.3,56,51.8,-5.2,2.5,-1.7,2,22
A000000223781,[트러블/면도후] 닥터지 레드 블레미쉬 포 맨 진정 올인원 150ml 2종 (단품/증정 기획),mens,2026-08-21T02:00:00,21000,24000,14.3,rise,2,78,39.3,50.8,43.4,-38.7,-27.2,-34.6,4,24
A000000225073,[8월올영픽/모공순삭] 오휘 3아워 블러링 선파우더 기획(+교체퍼프 2개 증정) 2 Colors,suncare,2026-08-20T15:00:00,34900,43200,23.8,rise,1,16.7,23.6,29.5,29.7,6.9,12.8,13.0,3,22
A000000225273,[손쉽게완성] 필리밀리 노글루 포인트 가닥 속눈썹 골라담기 택1,tools,2026-08-21T09:00:00,8200,8000,-2.4,drop,1,58.5,82.8,91.6,77.0,24.3,33.1,18.5,6,24
A000000225565,[선크림&메이크업 완벽세정] 미닉 퍼펙트 콜라드 그린 진정 원 스텝 클렌저 200ml,mens,2026-08-22T00:00:00,18200,19200,5.5,rise,57,101,100.2,100.6,100.8,-0.8,-0.4,-0.2,6,24
A000000226676,[NEW] 어노브 트래블 키트 2종 택1,hair,2026-08-20T08:00:00,20800,24000,15.4,rise,2,17,86,95.4,91.8,69,78.4,74.8,1,18
A000000226676,[NEW] 어노브 트래블 키트 2종 택1,sale,2026-08-20T08:00:00,20800,24000,15.4,rise,2,101,101,101,101,0,0,0,1,19
A000000226676,[NEW] 어노브 트래블 키트 2종 택1,hair,2026-08-21T10:00:00,24000,20800,-13.3,drop,6,95.2,10.8,49.8,74.0,-84.3,-45.4,-21.2,6,24
A000000226676,[NEW] 어노브 트래블 키트 2종 택1,sale,2026-08-21T10:00:00,24000,20800,-13.3,drop,6,101,101,101,101,0,0,0,6,24
A000000227366,다슈 맨즈 에어핏 니플 밴드 더블기획 (52매+52매),mens,2026-08-21T16:00:00,15900,17800,11.9,rise,1,68.2,83.3,82.4,87.8,15.2,14.2,19.7,6,24
A000000227367,[초슬림 실리콘] 다슈 맨즈 에어핏 니플 밴드 52매(단품/더블기획),mens,2026-08-21T16:00:00,8900,9900,11.2,rise,1,35.3,48.2,55.2,53.2,12.8,19.8,17.9,6,24
A000000229648,필리밀리 코렉터 브러시 3종 택1,tools,2026-08-22T15:00:00,6500,5500,-15.4,drop,1,51.3,62.3,71.8,79.8,11.0,20.4,28.4,6,17
A000000230537,[미피 랜덤파우치 증정] 오브제 포어 제로 프레쉬 올인원 150ml 단품/기획,mens,2026-08-21T16:00:00,19800,20900,5.6,rise,1,31.7,43,57.6,63.8,11.3,25.9,32.2,6,24
A000000231310,[1+1] 프리메라 마일드 앤 퍼펙트 페이셜 필링 100ml 리필기획,cleansing,2026-08-22T01:00:00,15000,20000,33.3,rise,1,48.8,35.8,35.3,45.1,-13.0,-13.5,-3.7,6,24
A000000231310,[1+1] 프리메라 마일드 앤 퍼펙트 페이셜 필링 100ml 리필기획,sale,2026-08-22T01:00:00,15000,20000,33.3,rise,1,101,101,101,101,0,0,0,6,24
A000000231707,필리밀리 밀착플랫파운데이션브러시 826,tools,2026-08-22T15:00:00,18900,16900,-10.6,drop,1,98.7,61,58.9,54.3,-37.7,-39.8,-44.4,6,17
A000000231822,[8월올영픽/24시간파우더] 넘버즈인 1번 판토텐산 스킨케어100 블러파우더 기획 (+퍼프 1개),skincare,2026-08-21T16:00:00,13500,12900,-4.4,drop,1,35.8,13.5,10.2,7.3,-22.3,-25.6,-28.5,6,24
A000000231822,[8월올영픽/24시간파우더] 넘버즈인 1번 판토텐산 스킨케어100 블러파우더 기획 (+퍼프 1개),sale,2026-08-21T16:00:00,13500,12900,-4.4,drop,1,100,41.7,31,20.8,-58.3,-69,-79.2,6,24
A000000231822,[8월올영픽/24시간파우더] 넘버즈인 1번 판토텐산 스킨케어100 블러파우더 기획 (+퍼프 1개),skincare,2026-08-22T16:00:00,12900,13500,4.7,rise,1,1,2.2,19.4,20.8,1.2,18.4,19.8,6,16
A000000231822,[8월올영픽/24시간파우더] 넘버즈인 1번 판토텐산 스킨케어100 블러파우더 기획 (+퍼프 1개),sale,2026-08-22T16:00:00,12900,13500,4.7,rise,1,2.8,8.2,49.8,59.3,5.3,47.0,56.5,6,16
A000000232053,[리뷰이벤트/파데프리/톤업선크림]체이싱래빗 올어바웃글로우 커버크림 35g기획(단품/ 대왕퍼프),suncare,2026-08-22T15:00:00,13600,16000,17.6,rise,1,16.8,22.5,26.4,32.2,5.7,9.6,15.4,6,17
A000000232301,[올영단독/샤벳밤 대용량]바를 차콜 멜팅 클렌징밤 100g(+3g*6),cleansing,2026-08-20T15:00:00,25000,23000,-8.0,drop,1,73.7,42.4,23.9,12.8,-31.3,-49.8,-60.9,3,22
A000000232301,[올영단독/샤벳밤 대용량]바를 차콜 멜팅 클렌징밤 100g(+3g*6),sale,2026-08-20T15:00:00,25000,23000,-8.0,drop,1,101,101,81.2,56.5,0,-19.8,-44.5,3,22
A000000232301,[올영단독/샤벳밤 대용량]바를 차콜 멜팅 클렌징밤 100g(+3g*6),cleansing,2026-08-21T16:00:00,23000,28000,21.7,rise,1,5.8,7.5,19.3,41.7,1.7,13.5,35.8,6,24
A000000232301,[올영단독/샤벳밤 대용량]바를 차콜 멜팅 클렌징밤 100g(+3g*6),sale,2026-08-21T16:00:00,23000,28000,21.7,rise,1,60.5,74.3,87.7,94.3,13.8,27.2,33.8,6,24
A000000232694,[8월올영픽/철벽고정] 네이밍 퍼펙테일 아이 디자이닝 펜슬 슬림 라이너 단품/기획,makeup,2026-08-20T15:00:00,9900,10900,10.1,rise,1,46,57,79,86.3,11,33,40.3,3,22
A000000233115,[NEW] 리스키 비 볼드 립 글로스 19Colors,sale,2026-08-20T16:00:00,20900,19800,-5.3,drop,25,101,101,101,101,0,0,0,4,22
A000000233115,[NEW] 리스키 비 볼드 립 글로스 19Colors,makeup,2026-08-20T16:00:00,20900,19800,-5.3,drop,25,101,62.8,72.9,76.8,-38.2,-28.1,-24.2,4,22
A000000236454,플르부아 린넨스프레이(섬유탈취제) 170mL 4종 중 택1,fragrance,2026-08-20T12:00:00,18000,13500,-25.0,drop,4,65.5,31.2,56.9,37.7,-34.3,-8.6,-27.8,2,21
A000000236454,플르부아 린넨스프레이(섬유탈취제) 170mL 4종 중 택1,fragrance,2026-08-20T16:00:00,13500,18000,33.3,rise,1,19.3,61.8,62.6,36.6,42.5,43.3,17.3,3,22
A000000236454,플르부아 린넨스프레이(섬유탈취제) 170mL 4종 중 택1,fragrance,2026-08-21T00:00:00,18000,13500,-25.0,drop,5,82.6,28.2,20.3,27.1,-54.4,-62.3,-55.5,5,23
A000000236454,플르부아 린넨스프레이(섬유탈취제) 170mL 4종 중 택1,fragrance,2026-08-21T10:00:00,13500,18000,33.3,rise,1,12.2,17.7,23.4,33.3,5.5,11.3,21.2,6,24
A000000236454,플르부아 린넨스프레이(섬유탈취제) 170mL 4종 중 택1,fragrance,2026-08-22T13:00:00,18000,13500,-25.0,drop,2,67,69.2,67.6,57.8,2.2,0.6,-9.2,6,19
A000000236890,질레트 랩스 딥클렌징바 면도기 (핸들+1입날+거치대),mens,2026-08-20T15:00:00,12900,9900,-23.3,drop,1,26,24,19.9,17.6,-2,-6.1,-8.4,3,22
A000000236890,질레트 랩스 딥클렌징바 면도기 (핸들+1입날+거치대),body,2026-08-20T15:00:00,12900,9900,-23.3,drop,1,40,35.6,28.9,21.6,-4.4,-11.1,-18.4,2,22
A000000236890,질레트 랩스 딥클렌징바 면도기 (핸들+1입날+거치대),mens,2026-08-21T16:00:00,9900,23300,135.4,rise,1,14.7,11.7,49,73.1,-3.0,34.3,58.4,6,24
A000000236890,질레트 랩스 딥클렌징바 면도기 (핸들+1입날+거치대),body,2026-08-21T16:00:00,9900,23300,135.4,rise,1,14.5,9.3,49.3,75.2,-5.2,34.8,60.7,6,24
A000000240816,[브러시필수템]필리밀리 브러시&퍼프클렌징솝(+클렌징패드),tools,2026-08-22T15:00:00,6800,6600,-2.9,drop,1,43.3,35.2,50.3,59.4,-8.2,7.0,16.0,6,17
A000000241103,필리밀리 빅사이즈 퍼프 4종(정교한 통통/파우더/하이드로/피팅),tools,2026-08-20T15:00:00,3800,4900,28.9,rise,1,79,80.8,85.7,92.1,1.8,6.7,13.1,3,22
A000000241208,크리스마 더마랩 페이스타올 80매 3개입,tools,2026-08-20T15:00:00,14700,15900,8.2,rise,1,67.3,42.8,71.9,87.8,-24.5,4.6,20.4,3,22
A000000241365,[1+1/1위 립밤] 비레디 임수빈 PICK 생기 립밤 더블 기획 3g+3g,mens,2026-08-21T16:00:00,18900,19100,1.1,rise,1,60.5,90,81.3,58.8,29.5,20.8,-1.7,6,24
A000000243162,[수지pick/올영단독] 아누아 패드 리필 기획 3종(어성초/피디알엔/카테킨),masks,2026-08-22T16:00:00,29500,27900,-5.4,drop,1,42.2,31.8,33.9,32.9,-10.3,-8.2,-9.2,6,16
A000000245960,[1등 진정] 센텔리안24 마데카 크림 타임 리버스 50ml 기획 (+15ml*2+더마 마스크팩 3매),skincare,2026-08-21T17:00:00,20900,17900,-14.4,drop,14,101,61.5,64.8,44,-39.5,-36.2,-57,6,24
A000000245960,[1등 진정] 센텔리안24 마데카 크림 타임 리버스 50ml 기획 (+15ml*2+더마 마스크팩 3매),dermo,2026-08-21T17:00:00,20900,17900,-14.4,drop,14,101,23,22.4,14.7,-78,-78.6,-86.3,6,24
A000000245960,[1등 진정] 센텔리안24 마데카 크림 타임 리버스 50ml 기획 (+15ml*2+더마 마스크팩 3매),sale,2026-08-21T17:00:00,20900,17900,-14.4,drop,14,101,96.8,98.2,66.1,-4.2,-2.8,-34.9,6,24
A000000245960,[1등 진정] 센텔리안24 마데카 크림 타임 리버스 50ml 기획 (+15ml*2+더마 마스크팩 3매),skincare,2026-08-22T16:00:00,17900,20900,16.8,rise,1,5.7,17,54.1,65.8,11.3,48.4,60.1,6,16
A000000245960,[1등 진정] 센텔리안24 마데카 크림 타임 리버스 50ml 기획 (+15ml*2+더마 마스크팩 3매),dermo,2026-08-22T16:00:00,17900,20900,16.8,rise,1,1.5,4.7,24.2,41.1,3.2,22.7,39.6,6,16
A000000245960,[1등 진정] 센텔리안24 마데카 크림 타임 리버스 50ml 기획 (+15ml*2+더마 마스크팩 3매),sale,2026-08-22T16:00:00,17900,20900,16.8,rise,1,12.3,48.3,74.7,81.2,36.0,62.3,68.9,6,16
A000000246600,[1등 보송젤파우더] 오브제 오일 컨트롤 피니셔 5g 단품,sale,2026-08-20T15:00:00,15500,15300,-1.3,drop,1,101,101,101,93.9,0,0,-7.1,3,22
A000000246600,[1등 보송젤파우더] 오브제 오일 컨트롤 피니셔 5g 단품,mens,2026-08-20T15:00:00,15500,15300,-1.3,drop,1,7.3,7.8,10.1,10.3,0.5,2.8,2.9,3,22
A000000246600,[1등 보송젤파우더] 오브제 오일 컨트롤 피니셔 5g 단품,makeup,2026-08-20T15:00:00,15500,15300,-1.3,drop,1,55.3,51.8,70.8,58.7,-3.5,15.5,3.4,3,22
A000000246600,[1등 보송젤파우더] 오브제 오일 컨트롤 피니셔 5g 단품,sale,2026-08-21T16:00:00,15300,15900,3.9,rise,1,66.7,95.8,98.4,99.7,29.2,31.8,33.0,6,24
A000000246600,[1등 보송젤파우더] 오브제 오일 컨트롤 피니셔 5g 단품,mens,2026-08-21T16:00:00,15300,15900,3.9,rise,1,4.5,5.7,23,26.3,1.2,18.5,21.8,6,24
A000000246600,[1등 보송젤파우더] 오브제 오일 컨트롤 피니셔 5g 단품,makeup,2026-08-21T16:00:00,15300,15900,3.9,rise,1,17.7,34.8,67.9,84.5,17.2,50.2,66.8,6,24
A000000246705,[NEW/덱스PICK] 오브제 퍼펙트 커버 쿠션 15g,mens,2026-08-21T16:00:00,25500,34900,36.9,rise,1,28.2,44.8,53,61.0,16.7,24.8,32.9,6,24
A000000246715,[올인원 수분 선크림] 오브제 맥스 워터풀 선크림 300ml,suncare,2026-08-20T15:00:00,21000,21200,1.0,rise,1,30.7,29.4,55.8,57.4,-1.3,25.1,26.7,3,22
A000000246715,[올인원 수분 선크림] 오브제 맥스 워터풀 선크림 300ml,mens,2026-08-20T15:00:00,21000,21200,1.0,rise,1,22,20.4,42.6,44.7,-1.6,20.6,22.7,3,22
A000000246715,[올인원 수분 선크림] 오브제 맥스 워터풀 선크림 300ml,suncare,2026-08-21T16:00:00,21200,31500,48.6,rise,1,61.5,66.5,82.2,91.6,5.0,20.7,30.1,6,24
A000000246715,[올인원 수분 선크림] 오브제 맥스 워터풀 선크림 300ml,mens,2026-08-21T16:00:00,21200,31500,48.6,rise,1,47,58.8,73.6,87.3,11.8,26.6,40.3,6,24
A000000247776,"[NCT 재민PICK] 이즈앤트리 어니언 뉴페어 겔크림 플러스 50ml 기획 (+겔크림 플러스 20ml, 패",skincare,2026-08-22T16:00:00,19710,17900,-9.2,drop,1,25.8,24.7,20.4,17.7,-1.2,-5.4,-8.1,6,16
A000000247776,"[NCT 재민PICK] 이즈앤트리 어니언 뉴페어 겔크림 플러스 50ml 기획 (+겔크림 플러스 20ml, 패",sale,2026-08-22T16:00:00,19710,17900,-9.2,drop,1,81,76.7,67.6,59.2,-4.3,-13.4,-21.8,6,16
A000000248024,[리뷰이벤트/파데프리/톤업선크림] NEW 체이싱래빗 블러 퍼플 커버선크림 기획 35g(+ 팡팡퍼프 증정),suncare,2026-08-22T16:00:00,13600,16000,17.6,rise,1,61,54,71.2,78.7,-7,10.2,17.7,6,16
A000000248755,[덱스PICK/러너 필수템] 오브제 액티브 스웨트프루프 선스틱 18g,suncare,2026-08-20T15:00:00,17900,16900,-5.6,drop,1,14,13.2,19.4,17.1,-0.8,5.4,3.1,3,22
A000000248755,[덱스PICK/러너 필수템] 오브제 액티브 스웨트프루프 선스틱 18g,mens,2026-08-20T15:00:00,17900,16900,-5.6,drop,1,9.3,10,12.4,13.8,0.7,3.1,4.5,3,22
A000000248755,[덱스PICK/러너 필수템] 오브제 액티브 스웨트프루프 선스틱 18g,sale,2026-08-20T15:00:00,17900,16900,-5.6,drop,1,101,101,101,98.7,0,0,-2.3,3,22
A000000248755,[덱스PICK/러너 필수템] 오브제 액티브 스웨트프루프 선스틱 18g,suncare,2026-08-21T16:00:00,16900,18900,11.8,rise,1,7.3,5.3,41.9,56.8,-2.0,34.6,49.5,6,24
A000000248755,[덱스PICK/러너 필수템] 오브제 액티브 스웨트프루프 선스틱 18g,mens,2026-08-21T16:00:00,16900,18900,11.8,rise,1,9,5.2,37.3,45.5,-3.8,28.3,36.5,6,24
A000000248755,[덱스PICK/러너 필수템] 오브제 액티브 스웨트프루프 선스틱 18g,sale,2026-08-21T16:00:00,16900,18900,11.8,rise,1,84,80,90.5,95.8,-4,6.5,11.8,6,24
A000000249486,필리밀리 엉킴없는샴푸브러시,tools,2026-08-21T16:00:00,4900,6100,24.5,rise,1,44,35.7,62.8,67.5,-8.3,18.8,23.5,6,24
A000000249581,[저자극 각질 케어] 제로이드 핌프로브 토너 200ml,skincare,2026-08-20T15:00:00,24900,26900,8.0,rise,1,93.3,74.6,87.8,95,-18.7,-5.5,1.7,3,22
A000000249581,[저자극 각질 케어] 제로이드 핌프로브 토너 200ml,dermo,2026-08-20T15:00:00,24900,26900,8.0,rise,1,32.3,21,60.5,62.5,-11.3,28.2,30.2,3,22
A000000250088,[새로운맛 출시] 랩노쉬 프로틴 드링크 퍼펙트 350ml 4종 택1,mens,2026-08-21T16:00:00,3700,3800,2.7,rise,1,40.3,26.8,48.9,52.5,-13.5,8.6,12.2,6,24
A000000251050,[NEW] 쉬크 인튜이션 비타민C 래디언스/어드밴스 수딩 여성 제모기 2종 택1 (기+날2입),body,2026-08-22T16:00:00,12900,12800,-0.8,drop,1,8.8,7.5,6.6,6.4,-1.3,-2.3,-2.5,6,16
A000000251050,[NEW] 쉬크 인튜이션 비타민C 래디언스/어드밴스 수딩 여성 제모기 2종 택1 (기+날2입),sale,2026-08-22T16:00:00,12900,12800,-0.8,drop,1,101,101,100.2,100.4,0,-0.8,-0.6,6,16
A000000254889,[NEW/민스코 공동개발] 퓌 올데이 커버 블랙 퍼프 5매,tools,2026-08-21T16:00:00,7000,6600,-5.7,drop,1,38.8,26.5,21.1,19.3,-12.3,-17.8,-19.5,6,24
A000000254889,[NEW/민스코 공동개발] 퓌 올데이 커버 블랙 퍼프 5매,tools,2026-08-22T15:00:00,6600,7000,6.1,rise,1,21,15.3,33.6,42,-5.7,12.6,21,6,17
A000000255059,[8월올영픽/쿨링진정패드] 빌리프 아쿠아 밤 프로즌 프렙 패드 60매 기획 (+30매 리필 증정),masks,2026-08-22T19:00:00,24900,26400,6.0,rise,55,101,100.5,100.8,100.8,-0.5,-0.2,-0.2,6,13
A000000255696,[New/물장미 컬렉션/선런칭] YNM 글로우 허니립밤 6종 단품/기획,sale,2026-08-21T03:00:00,8900,7900,-11.2,drop,36,101,18.2,18.8,23.9,-82.8,-82.2,-77.1,5,24
A000000255696,[New/물장미 컬렉션/선런칭] YNM 글로우 허니립밤 6종 단품/기획,makeup,2026-08-21T03:00:00,8900,7900,-11.2,drop,36,101,3.3,3.9,4.8,-97.7,-97.1,-96.2,5,24
A000000255780,[NEW] 비너스 스월 여성 면도기+날 세트 (핸들1+날2+면도기 캡),body,2026-08-20T15:00:00,23900,16820,-29.6,drop,2,57,44.4,47.1,46.8,-12.6,-9.9,-10.2,2,22
A000000256121,[NEW/런칭 이벤트] 센녹 퍼퓸 30ml 데일리 사이즈 5종,fragrance,2026-08-20T15:00:00,44880,43800,-2.4,drop,2,29.5,15.2,9.4,6.0,-14.3,-20.1,-23.5,2,22
A000000256121,[NEW/런칭 이벤트] 센녹 퍼퓸 30ml 데일리 사이즈 5종,fragrance,2026-08-21T16:00:00,43800,44880,2.5,rise,1,3.5,2,5.5,9.8,-1.5,2.0,6.3,6,24
A000000258935,리쥬란 더마 힐러 포어 타이트닝 크림 50ml(한정기획/ 50ml 단품),skincare,2026-08-20T15:00:00,23900,25500,6.7,rise,1,11.3,70.4,67.2,77.1,59.1,55.9,65.8,3,22
A000000258935,리쥬란 더마 힐러 포어 타이트닝 크림 50ml(한정기획/ 50ml 단품),dermo,2026-08-20T15:00:00,23900,25500,6.7,rise,1,5,22.2,19.1,24.4,17.2,14.1,19.4,3,22
A000000258935,리쥬란 더마 힐러 포어 타이트닝 크림 50ml(한정기획/ 50ml 단품),sale,2026-08-20T15:00:00,23900,25500,6.7,rise,1,38.7,88.8,94.9,98.2,50.1,56.2,59.6,3,22
A000000260943,[보송톤업] 오브제 내추럴 톤업 선스틱 18g,suncare,2026-08-22T02:00:00,17900,18900,5.6,rise,11,101,86.5,93.8,97.4,-14.5,-7.2,-3.6,6,24
A000000260943,[보송톤업] 오브제 내추럴 톤업 선스틱 18g,mens,2026-08-22T02:00:00,17900,18900,5.6,rise,11,101,61.8,81.4,91.2,-39.2,-19.6,-9.8,6,24
A000000261603,"[NEW/지성파데프리] 조선미녀 데이스크린 틴티드 선크림 40ml (퍼프,미니 증정/단품)",suncare,2026-08-20T15:00:00,15000,14000,-6.7,drop,1,20,16,13.2,10.8,-4,-6.8,-9.2,3,22
A000000261603,"[NEW/지성파데프리] 조선미녀 데이스크린 틴티드 선크림 40ml (퍼프,미니 증정/단품)",sale,2026-08-20T15:00:00,15000,14000,-6.7,drop,1,101,101,101,101,0,0,0,3,22
A000000261603,"[NEW/지성파데프리] 조선미녀 데이스크린 틴티드 선크림 40ml (퍼프,미니 증정/단품)",suncare,2026-08-21T16:00:00,14000,15000,7.1,rise,1,9.5,2.3,11.4,24.9,-7.2,1.9,15.4,6,24
A000000261603,"[NEW/지성파데프리] 조선미녀 데이스크린 틴티드 선크림 40ml (퍼프,미니 증정/단품)",sale,2026-08-21T16:00:00,14000,15000,7.1,rise,1,101,79.7,90.3,95.7,-21.3,-10.7,-5.3,6,24
B000000257654,셀렉스  프로핏 초콜릿 파우더 1kg/2kg (전용 스푼 포함) 100% WPI,mens,2026-08-21T16:00:00,60520,66500,9.9,rise,1,86.8,92.5,96.8,98.9,5.7,9.9,12.0,6,24
B000000257654,셀렉스  프로핏 초콜릿 파우더 1kg/2kg (전용 스푼 포함) 100% WPI,mens,2026-08-23T06:00:00,66500,57330,-13.8,drop,37,101,62,62,62,-39,-39,-39,6,2
A000000014782,[8월 올영픽]크리스탈 데오드란트 롤온 66ml,body,2026-08-20T15:00:00,11550,11350,-1.7,drop,2,68,69.2,63.2,50.2,1.2,-4.8,-17.8,2,22
A000000014782,[8월 올영픽]크리스탈 데오드란트 롤온 66ml,body,2026-08-21T16:00:00,11350,11550,1.8,rise,1,41.8,32.8,62.5,63.2,-9.0,20.7,21.4,6,24
A000000101804,[스펀지케이스 증정] 리얼테크닉스 미라클 컴플렉션 스펀지 2개입,tools,2026-08-20T15:00:00,15200,13500,-11.2,drop,2,100.3,92.4,69.9,58.0,-7.9,-30.4,-42.4,3,22
A000000101804,[스펀지케이스 증정] 리얼테크닉스 미라클 컴플렉션 스펀지 2개입,tools,2026-08-21T16:00:00,13500,15200,12.6,rise,1,62.2,42,68.8,81.2,-20.2,6.7,19.1,6,24
A000000152076,비너스 컴포트 글라이드 화이트티 면도기 본품기획/리필 2종 택1,body,2026-08-20T17:00:00,15900,9900,-37.7,drop,4,88.2,62.6,81.8,63.3,-25.6,-6.5,-24.9,4,22
A000000154995,[OY단독기획] 리베르 섬유향수 5종 택 1(기획 / 단품),fragrance,2026-08-20T15:00:00,12500,15800,26.4,rise,2,30.5,7.2,39.7,55.3,-23.3,9.2,24.8,2,22
A000000169706,비너스 스월 면도기 본품기획/리필 2종 택1,body,2026-08-20T21:00:00,23900,14900,-37.7,drop,15,101,94.6,95.5,90.9,-6.4,-5.5,-10.1,5,23
A000000171409,필리밀리 샴푸 바디 브러시&샤워 용품 7종 택1,tools,2026-08-21T16:00:00,4900,6100,24.5,rise,14,101,84.3,89.8,87.1,-16.7,-11.2,-13.9,6,24
A000000182930,[보이넥스트도어  PICK] 비비앙 니치 섬유향수 월넛크릭그린 100ml,fragrance,2026-08-21T17:00:00,14500,13500,-6.9,drop,17,101,89.8,95.4,98.2,-11.2,-5.6,-2.8,6,24
A000000182930,[보이넥스트도어  PICK] 비비앙 니치 섬유향수 월넛크릭그린 100ml,fragrance,2026-08-22T22:00:00,13500,14500,7.4,rise,24,101,90.2,94.5,94.5,-10.8,-6.5,-6.5,6,10
A000000202658,[8월 올영픽/덴프스] 덴마크 유산균이야기 우먼 2개월분(질유산균) + 철분 헤모케어 3포 증정,sale,2026-08-20T15:00:00,30900,31900,3.2,rise,1,46.7,34.4,67.7,85.9,-12.3,21.0,39.2,3,22
A000000203644,질레트 랩스 딥클렌징바 면도날 [4입/8입/16입],mens,2026-08-21T16:00:00,35900,39900,11.1,rise,1,19.3,44.7,54.6,74.3,25.3,35.2,55.0,6,24
A000000203644,질레트 랩스 딥클렌징바 면도날 [4입/8입/16입],body,2026-08-21T16:00:00,35900,39900,11.1,rise,1,26.7,63.8,77.1,89.0,37.2,50.4,62.4,6,24
A000000212063,[맨즈 1위 쿠션/124만개 판매] 비레디 임수빈 PICK 블루 쿠션,mens,2026-08-21T16:00:00,26500,26900,1.5,rise,1,23.7,52,61.2,47.3,28.3,37.6,23.7,6,24
A000000212063,[맨즈 1위 쿠션/124만개 판매] 비레디 임수빈 PICK 블루 쿠션,makeup,2026-08-21T16:00:00,26500,26900,1.5,rise,1,101,101,101,101,0,0,0,6,24
A000000212251,오브제 포어 제로 오일 컨트롤 로션 70ml,mens,2026-08-20T15:00:00,16900,16500,-2.4,drop,1,87.7,55.6,54.8,52.0,-32.1,-32.9,-35.6,3,22
A000000212251,오브제 포어 제로 오일 컨트롤 로션 70ml,mens,2026-08-21T16:00:00,16500,17800,7.9,rise,1,40.8,55.5,78.2,89.6,14.7,37.4,48.8,6,24
A000000230447,[노세범 선크림] 오브제 포어 제로 오일 컨트롤 선크림 50ml,suncare,2026-08-21T16:00:00,17000,17900,5.3,rise,2,95,69.7,76.3,88.7,-25.3,-18.7,-6.3,6,24
A000000230447,[노세범 선크림] 오브제 포어 제로 오일 컨트롤 선크림 50ml,mens,2026-08-21T16:00:00,17000,17900,5.3,rise,2,92.7,60.2,66.7,83.8,-32.5,-26.0,-8.8,6,24
A000000230538,[쿨링진정/수분광채] 라네즈 워터 슬리핑 마스크 70ml 기획 (+슬리핑 마스크 미니 3종),masks,2026-08-21T19:00:00,23040,21440,-6.9,drop,6,98.7,45.7,36,36.5,-53.0,-62.7,-62.2,6,24
A000000230538,[쿨링진정/수분광채] 라네즈 워터 슬리핑 마스크 70ml 기획 (+슬리핑 마스크 미니 3종),masks,2026-08-22T16:00:00,21440,23040,7.5,rise,1,37.7,37.5,69.2,77.2,-0.2,31.6,39.5,6,16
A000000233751,[8월올영픽/두피손상케어] 려 루트젠 트리플샷 두피리페어세럼 60+15ML 단독기획 및 단품,hair,2026-08-20T15:00:00,15700,16400,4.5,rise,2,44,39.8,70.4,87.1,-4.2,26.4,43.1,2,22
A000000240331,[이소원 PICK] 리핀 실내 고체탈취제 300g,mens,2026-08-20T15:00:00,19700,17500,-11.2,drop,1,86.3,43.4,26,17.7,-42.9,-60.3,-68.6,3,22
A000000240331,[이소원 PICK] 리핀 실내 고체탈취제 300g,fragrance,2026-08-20T15:00:00,19700,17500,-11.2,drop,1,52,17,10.3,5.8,-35,-41.7,-46.2,2,22
A000000240331,[이소원 PICK] 리핀 실내 고체탈취제 300g,mens,2026-08-21T16:00:00,17500,21900,25.1,rise,1,10.5,12.8,52.5,76.3,2.3,42.0,65.8,6,24
A000000240331,[이소원 PICK] 리핀 실내 고체탈취제 300g,fragrance,2026-08-21T16:00:00,17500,21900,25.1,rise,1,2,3.3,38.8,66.3,1.3,36.8,64.3,6,24
A000000246733,[대용량/1등 맨즈 바디워시] 오브제 맥스 올인원 워시 500ml,mens,2026-08-20T15:00:00,14200,14500,2.1,rise,1,33.3,45.6,73.3,88.4,12.3,40.0,55.1,3,22
A000000246733,[대용량/1등 맨즈 바디워시] 오브제 맥스 올인원 워시 500ml,body,2026-08-20T15:00:00,14200,14500,2.1,rise,1,61.5,72.8,86.9,94.6,11.3,25.4,33.1,2,22
A000000246733,[대용량/1등 맨즈 바디워시] 오브제 맥스 올인원 워시 500ml,mens,2026-08-21T18:00:00,14500,22000,51.7,rise,23,101,70.7,83.8,92.4,-30.3,-17.2,-8.6,6,24
A000000246733,[대용량/1등 맨즈 바디워시] 오브제 맥스 올인원 워시 500ml,body,2026-08-21T18:00:00,14500,22000,51.7,rise,23,101,96.3,98.7,99.8,-4.7,-2.3,-1.2,6,24
A000000247595,[덱스PICK/1등올인원] 오브제 올인원 3종 (보습/모공/브라이트닝),mens,2026-08-22T20:00:00,19800,21900,10.6,rise,41,101,34.3,65.3,65.3,-66.7,-35.7,-35.7,6,12
A000000248811,[디바이스골라담기] 마미케어 브이쎄라 / 펜타프라임 택 1,skincare,2026-08-20T21:00:00,99000,89000,-10.1,drop,13,101,100.4,93.4,94.9,-0.6,-7.6,-6.1,5,23
A000000248811,[디바이스골라담기] 마미케어 브이쎄라 / 펜타프라임 택 1,skincare,2026-08-21T17:00:00,89000,99000,11.2,rise,4,98.5,96.5,98.8,99.9,-2.0,0.2,1.4,6,24
A000000250346,[물광탄력] 아이오페 XMD 스템3 클리니컬 리커버리 세럼 23ml 기획 (+세럼 15ml+크림 5ml),skincare,2026-08-20T15:00:00,32900,34900,6.1,rise,1,2,1.4,18.5,35.0,-0.6,16.5,33.0,3,22
A000000250346,[물광탄력] 아이오페 XMD 스템3 클리니컬 리커버리 세럼 23ml 기획 (+세럼 15ml+크림 5ml),sale,2026-08-20T15:00:00,32900,34900,6.1,rise,1,11.7,6.8,46.1,76.0,-4.9,34.4,64.4,3,22
A000000252756,[포켓몬 에디션] 필리밀리 포켓몬 에디션 마지막 특가,tools,2026-08-20T15:00:00,3800,4900,28.9,rise,1,31.7,28.2,64.6,84.5,-3.5,32.9,52.8,3,22
A000000258731,[NEW/퍼프증정] 리스키 블러 러쉬 스틱 8Colors 단품/기획,sale,2026-08-20T15:00:00,18480,19800,7.1,rise,1,99.7,82.2,91.6,96.7,-17.5,-8.1,-2.9,3,22
A000000258731,[NEW/퍼프증정] 리스키 블러 러쉬 스틱 8Colors 단품/기획,makeup,2026-08-20T15:00:00,18480,19800,7.1,rise,1,26.7,16.2,58.6,81.5,-10.5,31.9,54.8,3,22
A000000262383,[여배우광채] 메디큐브 콜라겐 글로우 선크림 50ml (단품/더블 기획),suncare,2026-08-20T15:00:00,16100,17500,8.7,rise,1,34,22.6,58,81.5,-11.4,24,47.5,3,22
A000000262583,"[단독런칭]셀렉스 프로핏 SPORTS 단백질쉐이크 7입 2종 택1 (너티초코, 미숫가루)",mens,2026-08-20T15:00:00,13900,18900,36.0,rise,1,20,5.8,53.4,73.7,-14.2,33.4,53.7,3,22
A000000263485,[단독선런칭] 로라메르시에 시크릿 카뮤플라지 퍼펙터 컨실러 4종 3.2g,sale,2026-08-20T15:00:00,44400,54400,22.5,rise,1,63.3,68.8,84.9,93.7,5.5,21.6,30.3,3,22
A000000263485,[단독선런칭] 로라메르시에 시크릿 카뮤플라지 퍼펙터 컨실러 4종 3.2g,makeup,2026-08-20T15:00:00,44400,54400,22.5,rise,1,10.7,12.4,56.7,80.9,1.7,46.0,70.2,3,22
A000000186836,쏘내추럴 메이크업 세팅 멀티 매직 실러 / 아이 프렙 픽서,sale,2026-08-20T16:00:00,12000,10800,-10.0,drop,2,101,92.2,89.4,85.3,-8.8,-11.6,-15.7,4,22
A000000186836,쏘내추럴 메이크업 세팅 멀티 매직 실러 / 아이 프렙 픽서,makeup,2026-08-20T16:00:00,12000,10800,-10.0,drop,2,84.5,46.6,31.3,25,-37.9,-53.2,-59.5,4,22
A000000186836,쏘내추럴 메이크업 세팅 멀티 매직 실러 / 아이 프렙 픽서,sale,2026-08-21T16:00:00,10800,12000,11.1,rise,1,90.3,76.7,88.8,94.9,-13.7,-1.5,4.6,6,24
A000000186836,쏘내추럴 메이크업 세팅 멀티 매직 실러 / 아이 프렙 픽서,makeup,2026-08-21T16:00:00,10800,12000,11.1,rise,1,26.5,16.2,47.2,67.9,-10.3,20.8,41.4,6,24
A000000196122,오브제 페이스 라인 스틱 1.3g,mens,2026-08-22T01:00:00,12500,15900,27.2,rise,33,101,86.7,93.8,93.6,-14.3,-7.2,-7.4,6,24
A000000205929,질레트 프로쉴드 옐로우 면도날 4입,mens,2026-08-21T16:00:00,20640,29900,44.9,rise,1,57.7,83.8,88.2,78.6,26.2,30.6,21.0,6,24
A000000205929,질레트 프로쉴드 옐로우 면도날 4입,body,2026-08-21T16:00:00,20640,29900,44.9,rise,1,81.2,95.3,98.2,96.5,14.2,17.0,15.3,6,24
A000000229852,[김재원PICK] 아디다스 스파크업 EDP (30ml기획/30ml/50ml/100ml),fragrance,2026-08-22T12:00:00,27600,20900,-24.3,drop,32,101,99.2,100.1,100.5,-1.8,-0.9,-0.5,6,20
A000000244413,[톤업광채] 프리메라 PDRN-나이아10 세럼 메가-샷 겔마스크 7+2매/4+1매/1매 (기획/단품),masks,2026-08-21T02:00:00,49000,20400,-58.4,drop,2,68.8,98.8,99.9,100.5,30.1,31.2,31.7,4,24
A000000259697,[8월올영픽/쿨링붓기케어] 프리메라 3C히알루론산 하이드레이션 써지 세럼 25g 기획/단품,skincare,2026-08-20T15:00:00,19200,17200,-10.4,drop,1,52.3,67.6,84.3,93.4,15.3,32.0,41.1,3,22
A000000259699,[8월올영픽/쿨링붓기완화] 프리메라 3C히알루론산 메가-샷 겔마스크 7+2매/4+1매/1매 (기획/단품),masks,2026-08-21T02:00:00,49000,18900,-61.4,drop,2,77.5,82.3,81.3,78.3,4.8,3.8,0.8,4,24
A000000259699,[8월올영픽/쿨링붓기완화] 프리메라 3C히알루론산 메가-샷 겔마스크 7+2매/4+1매/1매 (기획/단품),sale,2026-08-21T02:00:00,49000,18900,-61.4,drop,2,101,101,101,101,0,0,0,4,24
A000000259699,[8월올영픽/쿨링붓기완화] 프리메라 3C히알루론산 메가-샷 겔마스크 7+2매/4+1매/1매 (기획/단품),masks,2026-08-21T16:00:00,18900,19900,5.3,rise,1,89.3,78.7,74.6,66.2,-10.7,-14.8,-23.2,6,24
A000000259699,[8월올영픽/쿨링붓기완화] 프리메라 3C히알루론산 메가-샷 겔마스크 7+2매/4+1매/1매 (기획/단품),sale,2026-08-21T16:00:00,18900,19900,5.3,rise,1,101,101,101,101,0,0,0,6,24
A000000257956,[NEW/냉매쿨러] 브링그린 알로에 97% 수딩 젤쿨러기획 150ml 2입,suncare,2026-08-22T04:00:00,11200,9200,-17.9,drop,38,101,91,95.5,98.2,-10,-5.5,-2.8,6,24
A000000157797,[8월올영픽/지성두피&쿨링] 클로란 아쿠아민트 샴푸 더블 기획 (400ml 2입기획),hair,2026-08-22T03:00:00,25900,25400,-1.9,drop,36,101,73.3,86.4,93.4,-27.7,-14.6,-7.6,6,24
A000000157797,[8월올영픽/지성두피&쿨링] 클로란 아쿠아민트 샴푸 더블 기획 (400ml 2입기획),hair,2026-08-22T16:00:00,25400,25900,2.0,rise,2,99.5,99.8,100.4,99.2,0.3,0.9,-0.3,6,16
A000000184431,필리밀리 쉐딩 브러시 2종(코/턱),tools,2026-08-22T21:00:00,9500,7900,-16.8,drop,23,101,84.7,92.1,92.1,-16.3,-8.9,-8.9,6,11
A000000202446,[파데프리] 식물나라 뽀얀쌀 생기 톤업 수분 선 크림 100ml 3종 (생기/보라/초록),suncare,2026-08-21T16:00:00,9900,11800,19.2,rise,1,53.7,35.7,64.8,82.9,-18.0,11.1,29.2,6,24
A000000259056,코자아 식물성 멜라토닌 함유 젤리 기획 (+10구미+틴케이스) (20일분),sale,2026-08-21T16:00:00,27900,36000,29.0,rise,1,16.5,5,53,77,-11.5,36.5,60.5,6,24
A000000161008,오브제 매직 타투 브로우 내추럴 그레이 2ml,mens,2026-08-21T23:00:00,17000,19900,17.1,rise,25,101,43,66.9,84.0,-58,-34.1,-17.0,6,24
A000000197341,[8월올영픽/미니립증정기획] 3CE 샤인 리플렉터 1.7g 기획/단품,sale,2026-08-21T07:00:00,15500,15600,0.6,rise,1,101,101,101,101,0,0,0,5,24
A000000197341,[8월올영픽/미니립증정기획] 3CE 샤인 리플렉터 1.7g 기획/단품,makeup,2026-08-21T07:00:00,15500,15600,0.6,rise,1,75.6,93.8,87.2,73.1,18.2,11.7,-2.5,5,24
A000000197341,[8월올영픽/미니립증정기획] 3CE 샤인 리플렉터 1.7g 기획/단품,sale,2026-08-21T08:00:00,15600,15500,-0.6,drop,1,101,101,101,101,0,0,0,6,24
A000000197341,[8월올영픽/미니립증정기획] 3CE 샤인 리플렉터 1.7g 기획/단품,makeup,2026-08-21T08:00:00,15600,15500,-0.6,drop,1,79.5,89.5,87.4,70.2,10.0,7.9,-9.3,6,24
A000000197341,[8월올영픽/미니립증정기획] 3CE 샤인 리플렉터 1.7g 기획/단품,sale,2026-08-21T17:00:00,15500,15400,-0.6,drop,2,101,101,101,100.4,0,0,-0.6,6,24
A000000197341,[8월올영픽/미니립증정기획] 3CE 샤인 리플렉터 1.7g 기획/단품,makeup,2026-08-21T17:00:00,15500,15400,-0.6,drop,2,83.8,84.7,67.5,47.5,0.8,-16.3,-36.3,6,24
A000000197341,[8월올영픽/미니립증정기획] 3CE 샤인 리플렉터 1.7g 기획/단품,sale,2026-08-22T16:00:00,15400,15500,0.6,rise,1,100,99.5,100.2,100.4,-0.5,0.2,0.4,6,16
A000000197341,[8월올영픽/미니립증정기획] 3CE 샤인 리플렉터 1.7g 기획/단품,makeup,2026-08-22T16:00:00,15400,15500,0.6,rise,1,28,25.8,52.1,58.1,-2.2,24.1,30.1,6,16
A000000229645,필리밀리 포인트 블러셔브러시 885,tools,2026-08-23T02:00:00,10000,7000,-30.0,drop,16,101,76.7,76.7,76.7,-24.3,-24.3,-24.3,6,6
A000000229649,필리밀리 하이라이터빔브러시듀오,tools,2026-08-22T16:00:00,18000,15900,-11.7,drop,12,101,59.3,80.2,85.3,-41.7,-20.8,-15.7,6,16
A000000254450,[NEW/+성한빈캐리어태그 기획] 지베르니 밀착 커버 파운데이션 30ml,makeup,2026-08-21T16:00:00,24700,27900,13.0,rise,1,51.5,48.2,74,85.3,-3.3,22.5,33.8,6,24
A000000256802,[8월올영픽/속수분크림] 웰라쥬 리얼 히알루로닉 수딩 크림 80ml 기획(+20ml),skincare,2026-08-21T16:00:00,17400,17800,2.3,rise,1,18.8,46.8,73.9,87.5,28.0,55.1,68.6,6,24
A000000256802,[8월올영픽/속수분크림] 웰라쥬 리얼 히알루로닉 수딩 크림 80ml 기획(+20ml),sale,2026-08-21T16:00:00,17400,17800,2.3,rise,1,62.8,101,101,101,38.2,38.2,38.2,6,24
A000000241852,[피부노화개선] 에스티로더 갈색병 세럼 30ml 기획/단품,skincare,2026-08-22T01:00:00,112200,132000,17.6,rise,28,101,98.3,99.7,100.3,-2.7,-1.3,-0.7,6,24
A000000248797,[이중턱개선] 마미케어 EMS 브이쎄라 (6 COLOR),skincare,2026-08-21T16:00:00,89000,99000,11.2,rise,1,26.2,18.3,58.3,75.7,-7.8,32.2,49.5,6,24
A000000248797,[이중턱개선] 마미케어 EMS 브이쎄라 (6 COLOR),sale,2026-08-21T16:00:00,89000,99000,11.2,rise,1,81.2,56.2,78.6,89.8,-25.0,-2.6,8.6,6,24
B000000189491,"빙그레 더단백 드링크 250ml 18개입 6종 택1(초코,카라멜,커피,딸기,바나나,밀크티)",mens,2026-08-21T16:00:00,24400,31100,27.5,rise,7,101,78.8,89.9,95.5,-22.2,-11.1,-5.5,6,24
A000000141374,메르세데스 벤츠 맨 EDT 30ml/50ml/100ml 3종 택1,mens,2026-08-22T16:00:00,99000,37800,-61.8,drop,37,101,99.8,100.4,100.6,-1.2,-0.6,-0.4,6,16
A000000141374,메르세데스 벤츠 맨 EDT 30ml/50ml/100ml 3종 택1,fragrance,2026-08-22T16:00:00,99000,37800,-61.8,drop,37,101,82.8,91.9,94.2,-18.2,-9.1,-6.8,6,16
A000000175659,[1위립밤/밀키모카립밤] 프레시안 센슈얼 비건 립밤 (단독 기획),makeup,2026-08-21T16:00:00,18200,25200,38.5,rise,1,100.7,93.2,97.1,99.0,-7.5,-3.6,-1.6,6,24
B000000255730,셀렉스 프로핏  완전단백질 음료 250ml 18입 딸기초코/모카초콜릿/밀크바닐라/바나나,mens,2026-08-21T17:00:00,24900,31900,28.1,rise,12,101,98,99.5,100.2,-3,-1.5,-0.8,6,24
A000000229652,필리밀리 총알블러셔브러시 881,tools,2026-08-22T15:00:00,8600,7900,-8.1,drop,1,87.2,97.8,99.4,98.4,10.7,12.2,11.2,6,17
A000000247177,에스티로더 더블웨어 파운데이션 30ml 11 Colors 기획/단품,makeup,2026-08-21T16:00:00,78200,92000,17.6,rise,9,101,94.3,97.7,99.3,-6.7,-3.3,-1.7,6,24
B000000255749,셀렉스 프로핏 100% WPI 드링크 330ml 24입 2종 중 택1(초콜릿/복숭아),mens,2026-08-22T20:00:00,48510,53900,11.1,rise,29,101,57.3,68.2,68.2,-43.7,-32.8,-32.8,6,12
A000000172594,[8월올영픽/브러쉬2종기획] 바닐라코 무드 온 아이 섀도우 팔레트 9colors,sale,2026-08-22T16:00:00,11300,12000,6.2,rise,1,101,97.7,99.3,99.8,-3.3,-1.7,-1.2,6,16
A000000172594,[8월올영픽/브러쉬2종기획] 바닐라코 무드 온 아이 섀도우 팔레트 9colors,makeup,2026-08-22T16:00:00,11300,12000,6.2,rise,1,32.2,23.8,60.5,67.1,-8.3,28.3,35.0,6,16
A000000248506,[8월 올영픽]플르부아 핸드선스크린 30ml 퍼스트메모리 (단품/기획(+UV 글로우 립세럼)),body,2026-08-22T16:00:00,11900,12500,5.0,rise,1,31.8,74.3,87.7,91,42.5,55.8,59.2,6,16
A000000213299,[8월올영픽/뿌리 볼륨 케어] 르네휘테르 포티샤 헤어리프팅 FLX 두피 앰플 세럼 100ml (기획/단품),hair,2026-08-23T03:00:00,38070,32900,-13.6,drop,27,101,96.4,96.4,96.4,-4.6,-4.6,-4.6,6,5
A000000254757,쥬베룩 PDLLA 리파이닝 퍼스트 에센스 150ml (+프로텍팅 크림 5ml) (2604),skincare,2026-08-22T21:00:00,36300,29300,-19.3,drop,24,101,42.5,31.5,31.5,-58.5,-69.5,-69.5,6,11
A000000254757,쥬베룩 PDLLA 리파이닝 퍼스트 에센스 150ml (+프로텍팅 크림 5ml) (2604),dermo,2026-08-22T21:00:00,36300,29300,-19.3,drop,24,101,17,11.8,11.8,-84,-89.2,-89.2,6,11
A000000254757,쥬베룩 PDLLA 리파이닝 퍼스트 에센스 150ml (+프로텍팅 크림 5ml) (2604),sale,2026-08-22T21:00:00,36300,29300,-19.3,drop,24,101,54,54.1,54.1,-47,-46.9,-46.9,6,11
A000000225063,[8월올영픽/트러블진정] 키엘 칼렌듈라 허벌 꽃잎 토너 125ml/250ml (단품/기획),skincare,2026-08-22T16:00:00,49300,54400,10.3,rise,9,101,84.5,92.8,94.8,-16.5,-8.2,-6.2,6,16
A000000233367,라운드어라운드 센티드 핸드워시 300ml 2종,body,2026-08-22T16:00:00,7200,9900,37.5,rise,1,78.7,47.7,74.3,81,-31.0,-4.3,2.3,6,16
A000000239956,얼티브 ZERO당 프로틴 250ml 6종 택1 (밤/쌀밥/초코/바나나/피스타치오/로얄밀크티),mens,2026-08-22T21:00:00,2610,2900,11.1,rise,20,101,96.8,98.7,98.7,-4.2,-2.3,-2.3,6,11
