product_ref,brand,name_norm,name,n_sites,sites,n_members
ol:A000000260522,비플레인,녹두 약산성 클렌징폼,[8월올영픽/2천만돌파]비플레인 녹두 약산성 클렌징폼 160ml 더블 기획,3,oliveyoung+glowpick+hwahae,5
ol:A000000233335,션리,다시마 앰플 클렌징폼,[화해1위/모공쫀쫀 팩폼] 션리 다시마 앰플 클렌징폼 120ml,3,oliveyoung+glowpick+hwahae,4
ol:A000000156230,에스네이처,아쿠아 스쿠알란 수분 크림,[호텔스파권증정/1등 모공수분천재크림] 에스네이처 아쿠아 스쿠알란 수분크림 60ml 기획(60ml+30ml),3,oliveyoung+glowpick+hwahae,3
ol:A000000198320,에스트라,아토베리어 365 크림,[올영 어워즈 1등 크림] 에스트라 아토베리어365 크림 80ml,3,oliveyoung+glowpick+hwahae,4
ol:A000000258297,토리든,다이브인 저분자 히알루론산 세럼,[NEW] 토리든 다이브인 저분자 히알루론산 세럼 50ml 기획 (+멀티 패드 10매),3,oliveyoung+glowpick+hwahae,5
ol:A000000148591,3CE,블러 워터 틴트,[로즈코어/혈색생기] 3CE 블러 워터 틴트 4.6g 22종 단품/기획,2,oliveyoung+glowpick,2
ol:A000000109650,3CE,무드레시피 페이스 블러쉬,[청담샵필수템] 3CE 무드레시피 페이스 블러쉬 단품/기획,2,oliveyoung+glowpick,2
ol:A000000251417,46cm,체취 솔루션 데오드란트 바디워시,[OY단독 대용량] 46cm 체취 솔루션 데오드란트 바디워시 720ml 2종(클린솝/시트러스) 택1,2,oliveyoung+daisomall,2
ol:A000000185903,VDL,커버 스테인 퍼펙팅 쿠션,[블러밤증정/레몬패키지] VDL 커버 스테인 퍼펙팅 쿠션 기획 (본품+리필),2,oliveyoung+glowpick,2
ol:A000000178635,VDL,커버 스테인 퍼펙팅 파운데이션,[NEW올리브컬러/1등 파데] VDL 커버 스테인 퍼펙팅 파운데이션 30ml,2,oliveyoung+glowpick,2
ol:A000000184299,VDL,치크스테인 블러셔 블러셔,[레몬코어/퍼프2개증정] VDL 치크스테인 블러셔/블러셔 듀오 6g,2,oliveyoung+glowpick,2
da:1049276,VT,리들샷 300 페이셜 부스팅 퍼스트 앰플 개입,[피부결케어]VT 리들샷 300 페이셜 부스팅 퍼스트 앰플 2 ml*6개입,2,glowpick+daisomall,2
ol:A000000219554,구달,맑은 어성초 진정 무기자차 선크림,[뽀송/저자극] 구달 맑은 어성초 진정 무기자차 선크림 50ml 1+1 기획,2,oliveyoung+glowpick,2
ol:A000000219553,구달,맑은 어성초 진정 수분 선크림,[1등 선크림/화잘먹] 구달 맑은 어성초 진정 수분 선크림 50ml 1+1 기획,2,oliveyoung+glowpick,2
ol:A000000219556,구달,맑은 어성초 진정 수분 톤업 선크림,[핑크톤업] 구달 맑은 어성초 진정 수분 톤업 선크림 50ml 1+1 기획,2,oliveyoung+glowpick,2
ol:A000000210823,그로우어스,알게 테라피 미네랄 샴푸,[다시마 PDRN] 그로우어스 알게 테라피 미네랄 샴푸 500g 기획/단품,2,oliveyoung+glowpick,2
ol:A000000258889,글린트,하이라이터ex,[NEW/8월올영픽/아일릿 민주 PICK]글린트 하이라이터EX (+브러쉬 증정/아이돌 핑크빔),2,oliveyoung+glowpick,2
ol:A000000258890,글린트,소프트 핏 치크,[NEW/청담샵템/8월올영픽] 글린트 소프트 핏 치크 (+퍼프봉 브러쉬 증정 기획),2,oliveyoung+glowpick,2
ol:A000000189177,끌로에,오드퍼퓸,끌로에 EDP [단품/기획] (10ml/30ml/50기획/100기획),2,oliveyoung+glowpick,2
ol:A000000259976,나르카,프레시 쿨링 말차 pdrn 팩샴푸,[두피쿨링/탈모기능성] 나르카 프레시 쿨링 말차 PDRN 팩샴푸 500g,2,oliveyoung+glowpick,2
ol:A000000206053,넘버즈인,1번 판토텐산 액티브 수딩크림,[8월올영픽/트러블손절크림] 넘버즈인 1번 판토텐산 액티브 수딩크림 80ml 1+1 기획,2,oliveyoung+glowpick,2
ol:A000000184352,넘버즈인,1번 청초 진정맑은 물막선크림,[8월올영픽/-4도쿨링] 넘버즈인 1번 청초 진정맑은 물막선크림 듀오 기획 (SPF50+PA++++),2,oliveyoung+glowpick,2
ol:A000000171371,네이밍,플러피 파우더 블러쉬,[8월올영픽/1등 블러셔] 네이밍 플러피 파우더 블러쉬 20colors,2,oliveyoung+glowpick,2
ol:A000000175954,네이밍,레이어드 핏 쿠션,[올영단독기획/수부지쿠션1등] 네이밍 레이어드 핏 쿠션 기획(본품+리필),2,oliveyoung+glowpick,2
ol:A000000180162,닥터지,그린 마일드 업 선 플러스,[무기자차] 닥터지 그린 마일드 업 선 플러스 50ml 기획 2종 (50+20/50+50+10) (선크림),2,oliveyoung+glowpick,2
ol:A000000200635,닥터지,레드 블레미쉬 수딩 업 선,[8월올영픽/쿨링수분] 닥터지 레드 블레미쉬 수딩 업 선 50ml 기획 2종 (50+50+10/50+50) (선크림),2,oliveyoung+glowpick,2
ol:A000000180158,닥터지,브라이트닝 업 선 플러스,[8월올영픽/보송톤업] 닥터지 브라이트닝 업 선 플러스 50ml 기획 2종 (50+20/50+50+10) (선크림),2,oliveyoung+glowpick,2
ol:A000000200614,달바,퍼플 톤업 선크림,[쿨톤보정] 달바 퍼플 톤업 선크림 듀오 기획 (50ml+50ml),2,oliveyoung+glowpick,3
ol:A000000142976,더마비,데일리 모이스처 바디로션,[5초흡수/100시간보습] 더마비 데일리 모이스처 바디로션 500ml 단품/기획 택1,2,oliveyoung+glowpick,3
ol:A000000261857,데이지크,코튼 블러 틴트,[NEW리뷰이벤트/한겹매트틴트] 데이지크 코튼 블러 틴트 3.2g 6colors,2,oliveyoung+glowpick,2
ol:A000000208753,듀이트리,ac 딥 진정 마스크,[밀착진정] 듀이트리 AC 딥 진정 마스크 1매 (열감/흔적),2,oliveyoung+glowpick,3
ol:A000000238828,디어달리아,페탈 드롭 리퀴드 블러쉬,[1등블러쉬/수채화블러셔] 페탈 드롭 리퀴드 블러쉬 (+기획/본품),2,oliveyoung+glowpick,2
ol:A000000214675,디어클레어스,클레어스 블루 유스 액티베이팅 드롭,[EGF최대함량/1등진정앰플] 클레어스 블루 유스 액티베이팅 드롭 50ml,2,oliveyoung+glowpick,3
ol:A000000145581,라곰,셀럽 마이크로 클렌징폼,[유트루PICK/수분민감] 라곰 셀럽 마이크로 폼 클렌저 120ml,2,oliveyoung+glowpick,2
ol:A000000263017,라로슈포제,시카플라스트 밤 b5,라로슈포제 시카플라스트 밤 B5+ 200ml 기획 (+1.5ml+시카토너 50ml+히알루세럼 1.5ml),2,oliveyoung+glowpick,3
ol:A000000197901,라보에이치,두피강화샴푸 탈모증상완화,[올영단독/대용량] 라보에이치 두피강화샴푸 탈모증상완화 750ML 리필 기획(+600ML 리필),2,oliveyoung+glowpick,2
ol:A000000154644,라운드랩,1025 독도 클렌저,[대용량/약산성] 라운드랩 1025 독도 클렌저 250ml,2,oliveyoung+glowpick,3
ol:A000000141867,라운드랩,1025 독도 수분 워터겔 마스크,[고밀착/수분진정] 라운드랩 1025 독도 수분 워터겔 마스크 1매,2,oliveyoung+glowpick,3
ol:A000000149135,라운드랩,자작나무 수분 선크림,[1등썬] 라운드랩 자작나무 수분 선크림 50ml 기획(+크림 20ml),2,oliveyoung+glowpick,3
ol:A000000137180,라운드랩,1025 독도 토너,[대용량/1등토너] 라운드랩 1025 독도 토너 500ml 기획 (+100ml),2,oliveyoung+hwahae,2
ol:A000000164559,라카,프루티 글램 틴트,라카 프루티 글램 틴트 4.5g (단품/기획),2,oliveyoung+glowpick,2
ol:A000000016786,랑방,모던 프린세스 오드퍼퓸,랑방 모던 프린세스 EDP 2종 택1 (30ml/60ml),2,oliveyoung+glowpick,2
ol:A000000000445,랑방,에끌라 드 아르페쥬 오드퍼퓸,랑방 에끌라 드 아르페쥬 EDP 50ml,2,oliveyoung+glowpick,4
ol:A000000172610,롬앤,베러 댄 치크,[NEW두유코어] 롬앤 베러 댄 치크,2,oliveyoung+glowpick,2
ol:A000000148390,롬앤,베러 댄 팔레트,[NEW두유코어] 롬앤 베러 댄 팔레트,2,oliveyoung+glowpick,2
ol:A000000249211,리얼베리어,익스트림 크림,[조슈아PICK/1+1] 리얼베리어 익스트림 크림 70ml 1+1 기획,2,oliveyoung+glowpick,2
ol:A000000010497,린제이,모델링 팩,[72관왕/1위] 린제이 모델링 팩 (컵팩)  7종 택1,2,oliveyoung+daisomall,2
da:1045831,린제이,모델링 마스크 쿨 티트리,린제이 모델링 마스크 팩 28g 쿨 티트리,2,hwahae+daisomall,2
ol:A000000137964,릴리바이레드,러브빔 치크밤,[생기광치크] 릴리바이레드 러브빔 치크밤 17종,2,oliveyoung+glowpick,2
ol:A000000201324,메디필,레드 락토 콜라겐 랩핑 마스크,[원조랩핑] 메디필 레드 락토 콜라겐 랩핑 마스크 70ml (+70ml 더블 기획),2,oliveyoung+daisomall,2
ol:A000000184643,메디필,레드 락토 콜라겐 클리어 폼 2.0,[모공쏙폼] 메디필 레드 락토 콜라겐 클리어 폼 2.0 대용량 300ml 기획 (+해면),2,oliveyoung+glowpick,2
gl:174241,메디힐,마데카소사이드 에센셜 마스크 흔적 리페어,마데카소사이드 에센셜 마스크 흔적 리페어,2,glowpick+hwahae,2
ol:A000000149577,메디힐,티트리 임팩트인 밸런싱 마스크,메디힐 티트리 임팩트인 밸런싱 마스크 10매,2,oliveyoung+glowpick,2
ol:A000000113670,메이크프렘,세이프 미 릴리프 모이스처 클렌징폼,[박지훈PICK] 메이크프렘 세이프 미 릴리프 모이스처 클렌징폼 150ml 1+1 기획,2,oliveyoung+glowpick,2
ol:A000000212570,바이오더마,시카비오 크림,바이오더마 시카비오 크림+ 100ml 기획 (크림 + 40ml 본품 추가 증정),2,oliveyoung+glowpick,3
ol:A000000205389,바이오더마,아토덤 울트라 크림,바이오더마 아토덤 울트라 크림 200ml 더블 기획,2,oliveyoung+glowpick,5
ol:A000000225015,바이오힐보,프로바이오덤 콜라겐 선크림,[화잘먹선] 바이오힐보 프로바이오덤 콜라겐 선크림 2종 (에센스/톤업),2,oliveyoung+glowpick,2
ol:A000000199701,바이오힐보,프로바이오덤 3d리프팅 크림,[카디비PICK|탄력보습] 바이오힐보 프로바이오덤 3D리프팅 크림 50ml [단품/기획],2,oliveyoung+glowpick,2
da:1079397,본셉 메이크업,본셉 워터 베일 틴트,[10 애플워터] 본셉 워터 베일 틴트,2,glowpick+daisomall,3
ol:A000000226515,브링그린,징크테카 트러블 세럼,[8월올영픽/3일진정세럼]브링그린 징크테카 트러블 세럼 대용량 기획,2,oliveyoung+glowpick,3
ol:A000000223731,블랑디바,글림 커버리지 쿠션,[홍주 PICK/리뉴얼] 블랑디바 글림 커버리지 쿠션 12g 4colors (본품+리필),2,oliveyoung+glowpick,2
ol:A000000161509,비욘드,딥모이스처 스무딩 바디에멀전,[살냄새머스크향]비욘드 딥모이스처 스무딩 바디에멀전 500ml,2,oliveyoung+glowpick,2
ol:A000000225046,삐아,오버 글레이즈,[한정기획/쫀쫀탱글 시럽광] 삐아 오버 글레이즈 18종 (기획/단품),2,oliveyoung+glowpick,2
ol:A000000204632,설화수,순행 클렌징폼,설화수 순행 클렌징폼 (100ml/200ml/400ml),2,oliveyoung+glowpick,2
ol:A000000204633,설화수,윤조에센스,설화수 윤조에센스 단품/기획,2,oliveyoung+glowpick,2
ol:A000000204615,설화수,퍼펙팅 에어리 쿠션,설화수 퍼펙팅/에어리/ 쿠션 기획 (본품 15g+리필 15g)/단품/리필,2,oliveyoung+glowpick,2
ol:A000000002972,세타필,모이스춰라이징 크림,[스파츌라 증정/고보습] 세타필 모이스춰라이징 크림 453g,2,oliveyoung+glowpick,2
ol:A000000251992,세타필,모이스춰라이징 로션,[29ml 증정] 세타필 모이스춰라이징 로션 473ml(단품/기획),2,oliveyoung+glowpick,2
ol:A000000203971,셀리맥스,더 리얼 노니 에너지 앰플,[속보습/속광/진정] 셀리맥스 더 리얼 노니 에너지 앰플 80ml 기획(+10ml),2,oliveyoung+glowpick,2
ol:A000000115199,셀퓨전씨,포스트 알파 쿨링 마스크,[급속쿨링/열감케어] 셀퓨전씨 포스트 알파 쿨링 마스크 5P(퍼스트 쿨링/시카 쿨링/비타 쿨링),2,oliveyoung+glowpick,2
ol:A000000198739,셀퓨전씨,레이저 uv 선스크린,[매끈밀착썬/조앤프렌즈 콜라보] 셀퓨전씨 레이저 UV 썬스크린 35ml 더블 기획 (+조앤프렌즈 피규어 선크림 집게),2,oliveyoung+glowpick,2
ol:A000000245742,스킨푸드,캐롯 카로틴 마스크시트,[5+2매/망곰 콜라보] 스킨푸드 캐롯 카로틴 마스크시트 5매 기획 (+2매) (+망곰 헤어 고정시트),2,oliveyoung+glowpick,3
ol:A000000255585,스킨푸드,캐롯 카로틴 카밍 워터 패드,[1+1/한정기획] 스킨푸드 캐롯 카로틴 카밍 워터 패드 60매 더블기획 (+PDRN 패드 2매*3),2,oliveyoung+hwahae,2
ol:A000000202446,식물나라,뽀얀쌀 생기 톤업 수분 선크림,[파데프리] 식물나라 뽀얀쌀 생기 톤업 수분 선 크림 100ml 3종 (생기/보라/초록),2,oliveyoung+glowpick,2
ol:A000000151904,식물나라,워터프루프 선크림,[황윤제PICK]식물나라 워터프루프 선 크림 100mL,2,oliveyoung+glowpick,2
ol:A000000140651,싸이닉,엔조이 슈퍼 마일드 선 에센스,[광노화 선 케어] 싸이닉 엔조이 슈퍼 마일드 선 에센스 더블 기획 (50ml+50ml),2,oliveyoung+daisomall,2
ol:A000000255324,아누아,피디알엔 히알루론산 캡슐 100 세럼,[수지 PICK/한정기획] 아누아 피디알엔 히알루론산 캡슐 100 세럼 30ml 더블기획 (+피디알엔 마스크 1매),2,oliveyoung+hwahae,4
ol:A000000222695,아로마티카,로즈마리 스칼프 스케일링 샴푸,[단독기획/탈모증상완화] 아로마티카 로즈마리 스칼프 스케일링 샴푸 400ml (단품/더블기획/리필),2,oliveyoung+glowpick,2
ol:A000000200725,아벤느,시칼파트 플러스 sos 리페어 크림,[손상/장벽 리페어] 아벤느 시칼파트 플러스 SOS 리페어 크림 100ml 기획 (+40ml),2,oliveyoung+glowpick,3
ol:A000000188270,아비브,껌딱지 마스크 스티커,[6매/단독기획] 아비브 껌딱지 시트 마스크 스티커 5매 (+1매 증정기획)(어성초/밀크/마데카),2,oliveyoung+glowpick,4
ol:A000000120938,아비브,약산성 ph 마스크 핏,[10매/5종] 아비브 약산성 pH 시트 마스크 핏 10매 (어성초/부활초/아쿠아/글루타치온좀/허니),2,oliveyoung+glowpick,3
ol:A000000148408,아비브,아크네 클렌징폼 어성초 폼,[약산성저자극] 아비브 아크네 폼 클렌저 어성초 폼 대용량 250ml,2,oliveyoung+glowpick,2
ol:A000000184060,아이오페,레티놀 슈퍼 바운스 세럼,[1등레티놀] 아이오페 레티놀 슈퍼 바운스 세럼 30ml 기획 (+세럼 10ml+바이오에센스48ml),2,oliveyoung+glowpick,2
ol:A000000180872,어노브,딥 데미지 리페어 샴푸,어노브 딥 데미지 리페어 샴푸 500ml 2종 택1 (단백질 앰플 샴푸),2,oliveyoung+glowpick,3
ol:A000000211936,어바웃톤,스킨 레이어 핏 파운데이션,[8월 올영필/여름필수파데] 어바웃톤 스킨 레이어 핏 파운데이션 30ml 8종 (기획/단품),2,oliveyoung+glowpick,2
ol:A000000211302,에스네이처,아쿠아 365 uv 선크림,[쌀뜨물폼증정/1등 쿨링진정 수분썬] 에스네이처 아쿠아 365 UV 선크림 40ml,2,oliveyoung+glowpick,3
ol:A000000260574,에스네이처,아쿠아 스쿠알란 세럼,[호텔스파권증정/1등 화잘먹 물먹세럼] 에스네이처 아쿠아 스쿠알란 세럼 50ml 기획 (+수분크림 10ml),2,oliveyoung+glowpick,2
ol:A000000213171,에스네이처,아쿠아 오아시스 토너,[호텔스파권증정/속촉촉 진정토너] 에스네이처 아쿠아 오아시스 토너 300ml 기획 (+젤크림 30ml),2,oliveyoung+hwahae,2
ol:A000000197490,에스쁘아,꾸뛰르 립틴트 글레이즈,[재출시요청/대란템] 에스쁘아 꾸뛰르 립틴트 글레이즈 21 colors,2,oliveyoung+glowpick,2
ol:A000000161165,에스트라,아토베리어 365 바디로션,에스트라 아토베리어365 바디로션 400ml,2,oliveyoung+glowpick,2
ol:A000000161167,에스트라,아토베리어 365 바디크림,에스트라 아토베리어365 바디크림 250ml,2,oliveyoung+glowpick,2
ol:A000000222837,에스트라,아토베리어 365 하이드로에센스,에스트라 아토베리어365 하이드로에센스 200ml (+크림 10ml+앰플 10ml),2,oliveyoung+glowpick,2
ol:A000000206826,에스트라,더마uv 벽수분 무기자차 선크림,[50%용량증정] 에스트라 더마UV365 장벽수분 무기자차 선크림 40ml+20ml,2,oliveyoung+glowpick,3
ol:A000000258468,온그리디언츠,바쿠글로우 캡슐 로션,[NEW] 온그리디언츠 바쿠글로우 캡슐 로션 150ml,2,oliveyoung+glowpick,2
ol:A000000260463,온더바디,발을씻자 코튼 풋샴푸,[위클리초특가] 온더바디 발을씻자 코튼 풋샴푸 대용량 510ml (복숭아/쿨링 택1),2,oliveyoung+daisomall,4
ol:A000000180532,웨이크메이크,소프트 블러링 아이팔레트,[NEW/올영 1등 아이팔레트] 웨이크메이크 소프트 블러링 아이팔레트(단품),2,oliveyoung+glowpick,2
ol:A000000231884,웰라쥬,리얼 히알루로닉 블루 100 앰플,[속건조필수템] 웰라쥬 리얼 히알루로닉 블루 100 앰플 100ml 기획 (+원데이키트2ea),2,oliveyoung+hwahae,3
ol:A000000256802,웰라쥬,리얼 히알루로닉 수딩 크림,[8월올영픽/속수분크림] 웰라쥬 리얼 히알루로닉 수딩 크림 80ml 기획(+20ml),2,oliveyoung+hwahae,2
ol:A000000227070,유이크,바이옴 레미디 톤업 선크림 보라,유이크 바이옴 레미디 톤업 선크림 보라 50ml+20ml (기획/단품),2,oliveyoung+glowpick,2
ol:A000000232913,이니스프리,화산송이 바하 모공 클렌징폼,[4950만개/1+1] 이니스프리 화산송이 바하 모공 클렌징폼 130g 더블 기획,2,oliveyoung+glowpick,3
ol:A000000157820,일리윤,세라마이드 아토 로션,[5년연속1위/100시간보습] 일리윤 세라마이드 아토 로션 334ML+100ML(기획/단품),2,oliveyoung+glowpick,4
ol:A000000211366,일리윤,레드이치 케어크림,[가려움기능성] 일리윤 레드이치 케어크림 330ML 기획(오일 20ml 증정),2,oliveyoung+glowpick,2
ol:A000000191160,일리윤,울트라 리페어 로션,일리윤 울트라 리페어 로션 600ML(올영 단독용량),2,oliveyoung+glowpick,2
ol:A000000139063,정샘물,에센셜 스킨 누더 쿠션,[윤광쿠션] 정샘물 에센셜 스킨 누더 쿠션/본품+리필,2,oliveyoung+glowpick,2
ol:A000000261603,조선미녀,데이스크린 틴티드 선크림,"[NEW/지성파데프리] 조선미녀 데이스크린 틴티드 선크림 40ml (퍼프,미니 증정/단품)",2,oliveyoung+glowpick,2
ol:A000000224657,조선미녀,맑은쌀 선크림,[화잘먹] 조선미녀 맑은쌀 선크림 50ml+20ml 증정 기획,2,oliveyoung+glowpick,3
ol:A000000216895,조선미녀,맑은쌀 선크림 아쿠아프레쉬,[쿨링진정/쌀알춘식이스트레스볼] 조선미녀 맑은쌀 선크림 아쿠아프레쉬 50ml 2입 기획,2,oliveyoung+glowpick,2
ol:A000000000768,존슨즈,베이비 베드타임 오일,존슨즈베이비 베드타임 오일 500ml (아로마향),2,oliveyoung+daisomall,2
ol:A000000162121,좋은느낌,오리지널 입는오버나이트,"[2025 어워즈] 좋은느낌 오리지널 입는오버나이트 (S/M/L, 대용량)",2,oliveyoung+daisomall,2
ol:A000000254450,지베르니,밀착 커버 파운데이션,[NEW/+성한빈캐리어태그 기획] 지베르니 밀착 커버 파운데이션 30ml,2,oliveyoung+glowpick,2
ol:A000000242720,차앤박,프로폴리스 에너지 액티브 앰플,[보습광채/화잘먹앰플] 차앤박 프로폴리스 에너지 액티브 앰플 30ml 2입 기획 (+15ml),2,oliveyoung+glowpick,2
ol:A000000232148,캔메이크,마시멜로우 피니쉬 파우더,[퍼프1매추가증정] 캔메이크 마시멜로우 피니쉬 파우더 2종 기획/단품 택1,2,oliveyoung+glowpick,2
ol:A000000230581,컬러그램,누디 블러 틴트,[입술보정틴트] 컬러그램 누디 블러 틴트 25COLOR(단품/기획),2,oliveyoung+glowpick,2
ol:A000000221670,컬러그램,탕후루 탱글 틴트 라인,[위글위글 콜라보]컬러그램 탕후루 탱글 틴트 라인 (기존/밀크),2,oliveyoung+glowpick,2
ol:A000000258878,코스알엑스,더 6 펩타이드 화잘먹 세럼,[가나디 콜라보] 코스알엑스 더 6 펩타이드 화잘먹 세럼 150ml 더블 기획 (+피규어 굿즈),2,oliveyoung+glowpick,2
ol:A000000185265,클리오,크리스탈 글램 틴트,[단독기획] 클리오 크리스탈 글램 틴트 단품/기획 (+치크 미니 증정),2,oliveyoung+glowpick,2
ol:A000000188988,클리오,프로 아이 팔레트 에어,[단종환생템 출시] 클리오 프로 아이 팔레트 에어 단품/기획,2,oliveyoung+glowpick,2
ol:A000000219383,토리든,다이브인 모이스처 선크림,[물막선크림] 토리든 다이브인 모이스처 선크림 60ml 1+1 기획,2,oliveyoung+glowpick,2
ol:A000000255842,토리든,다이브인 저분자 히알루론산 마스크,[NEW/1등수분마스크] 토리든 다이브인 저분자 히알루론산 마스크 10매 기획 (+다이브인 1매+밸런스풀 1매),2,oliveyoung+glowpick,3
ol:A000000246261,토리든,밸런스풀 시카 컨트롤 마스크,[NEW] 토리든 밸런스풀 시카 컨트롤 마스크 10매,2,oliveyoung+glowpick,2
ol:A000000189875,토리든,다이브인 저분자 히알루론산 클렌징폼,[1+1] 토리든 다이브인 저분자 히알루론산 클렌징폼 더블기획 (150ml+150ml),2,oliveyoung+glowpick,3
ol:A000000258293,토리든,다이브인 저분자 히알루론산 토너,[NEW] 토리든 다이브인 저분자 히알루론산 토너 300ml 기획 (+100ml),2,oliveyoung+hwahae,2
ol:A000000258295,토리든,다이브인 저분자 히알루론산 수딩 크림,[NEW/단독기획] 토리든 다이브인 저분자 히알루론산 수딩 크림 100ml (+20ml),2,oliveyoung+glowpick,2
ol:A000000200106,투에이엔,베러 미 아이 팔레트,[NEW] 투에이엔 베러 미 아이 팔레트 19 colors (기획/단품),2,oliveyoung+glowpick,2
ol:A000000181230,투에이엔,듀얼치크,[NEW] 투에이엔 듀얼치크 20 colors (기획/단품),2,oliveyoung+glowpick,2
ol:A000000120656,투쿨포스쿨,프로타주 펜슬,투쿨포스쿨 프로타주 펜슬 (기획/단품),2,oliveyoung+glowpick,2
ol:A000000244064,트리셀,나이트 콜라겐 샴푸,[8월올영픽/춘배 콜라보] 트리셀 나이트 콜라겐 샴푸 360ml 리필기획 (+춘배 핸드타월 키링),2,oliveyoung+glowpick,2
ol:A000000219717,파티온,노스카나인 트러블 세럼,[트러블1등/단독기획] 파티온 노스카나인 트러블 세럼 50ml 기획(+15ml+마스크 1매),2,oliveyoung+glowpick,3
ol:A000000232304,파티온,노스카나인 트러블 크림,[대용량] 파티온 노스카나인 트러블 크림 75ml 기획(+5ml),2,oliveyoung+glowpick,3
ol:A000000213972,파파레서피,블레미쉬 효소 파우더 클렌저,[온라인 단독] 파파레서피 블레미쉬 효소 파우더 클렌저 50g 더블기획 (+브러쉬+블레미쉬 크림 7ml),2,oliveyoung+glowpick,2
ol:A000000140263,페리페라,맑게 물든 선샤인 치크,[NEW 빵러셔] 페리페라 맑게 물든 선샤인 치크 (젤리/파우더 2타입),2,oliveyoung+glowpick,3
ol:A000000221675,포맨트,시그니처 퍼퓸 코튼허그,[박지훈PICK/헤어퍼퓸 증정] 포맨트 시그니처 퍼퓸 코튼허그 50ml 단품/기획 (포켓몬 에디션),2,oliveyoung+glowpick,2
gl:189947,프릴루드 딘토,라벨르 로즈 하이라이터,라벨르 로즈 하이라이터,2,glowpick+daisomall,3
ol:A000000209886,하트퍼센트,도트 온 무드 원 웨이 글로이 틴트,[명재현 PICK / NEW 기획] 하트퍼센트 도트 온 무드 원 웨이 글로이 틴트 4g 19종,2,oliveyoung+glowpick,2
ol:A000000216112,헤드앤숄더,가려운 쿨멘솔 두피 케어 샴푸,[더블기획] 헤드앤숄더 가려운/쿨멘솔 두피 케어 샴푸 520ml 2입 기획 택1,2,oliveyoung+glowpick,2
ol:A000000202780,헤라,블랙 쿠션 파운데이션,헤라 블랙 쿠션 파운데이션 리필 15g,2,oliveyoung+glowpick,3
ol:A000000190668,헤라,실키 스테이 24h 롱웨어 파운데이션,헤라 실키 스테이 24H 롱웨어 파운데이션 30g 9 Colors,2,oliveyoung+glowpick,2
ol:A000000125539,헤어플러스,단백질 본드 앰플에센스,"[1등/열기구,염색,펌 손상모 개선] 헤어플러스 단백질 본드 앰플에센스 70ml 2개입 한정/단독기획",2,oliveyoung+daisomall,2
ol:A000000117842,헤어플러스,단백질 본드 트리트먼트,[손상케어] 헤어플러스 단백질 본드 트리트먼트 210ml 한정/더블기획,2,oliveyoung+daisomall,2
ol:A000000210303,헤어플러스,단백질 본드 워터에센스,[1등][손상모 케어] 헤어플러스 단백질 본드 워터에센스 200ml+50ml 기획,2,oliveyoung+daisomall,2
ol:A000000176460,헤어플러스,단백질 본드 샴푸,[온라인단독/대용량]헤어플러스 단백질 본드 샴푸 1000ml,2,oliveyoung+daisomall,2
ol:A000000150361,홀리카홀리카,마이페이브 무드 아이 팔레트,[NEW한정기획] 홀리카홀리카 마이페이브 무드 아이 팔레트,2,oliveyoung+glowpick,2
ol:A000000260247,홀리카홀리카,에어비티 선 세럼,[NEW/화잘먹선세럼] 홀리카홀리카 에어비티 선 세럼 3종 택1(무색/레몬/그린),2,oliveyoung+glowpick,2
ol:A000000217511,휩드,비건 팩클렌저,[클렌징밤 본품 절반 증정]  휩드 비건 팩클렌저 130g 기획 4종 (피치페어/머그트리/무화버터/유자몽),2,oliveyoung+glowpick,2
ol:A000000261630,힌스,누 글로우 화이트 쿠션,[NEW] 힌스 누 글로우 화이트 쿠션 5 Colors 기획 (본품+리필),2,oliveyoung+glowpick,2
