product_ref,source,product_key,name,brand,volume,name_norm
ol:A000000255324,oliveyoung,A000000255324,[수지 PICK/한정기획] 아누아 피디알엔 히알루론산 캡슐 100 세럼 30ml 더블기획 (+피디알엔 마스크 1매),아누아,,피디알엔 히알루론산 캡슐 100 세럼
ol:A000000255324,hwahae,2113285,PDRN 히알루론산 캡슐 100 세럼,아누아,30 mL / 1.01 fl.oz.,pdrn 히알루론산 캡슐 100 세럼
ol:A000000255324,oliveyoung,A000000222698,[수지세럼] 아누아 피디알엔 히알루론산 캡슐 100 세럼 30mL 기획 (+30mL 리필팩),아누아,,피디알엔 히알루론산 캡슐 100 세럼
ol:A000000255324,oliveyoung,A000000231894,[수지세럼] 아누아 피디알엔 히알루론산 캡슐 100 세럼 30mL 기획세트 (+크림 30ml),아누아,,피디알엔 히알루론산 캡슐 100 세럼
ol:A000000201324,daisomall,1053504,메디필 레드 락토 콜라겐 포어 리프팅 마스크 30 ml ,메디필,,레드 락토 콜라겐 포어 리프팅 마스크
ol:A000000201324,oliveyoung,A000000201324,[원조랩핑] 메디필 레드 락토 콜라겐 랩핑 마스크 70ml (+70ml 더블 기획),메디필,,레드 락토 콜라겐 랩핑 마스크
ol:A000000200106,glowpick,171030,베러 미 아이 팔레트,투에이엔,4.5g,베러 미 아이 팔레트
ol:A000000200106,oliveyoung,A000000200106,[NEW] 투에이엔 베러 미 아이 팔레트 19 colors (기획/단품),투에이엔,,베러 미 아이 팔레트
ol:A000000258889,glowpick,190033,하이라이터 EX,글린트 바이 비디보브,4.5g,하이라이터 ex
ol:A000000258889,oliveyoung,A000000258889,[NEW/8월올영픽/아일릿 민주 PICK]글린트 하이라이터EX (+브러쉬 증정/아이돌 핑크빔),글린트,,하이라이터ex
da:1079397,daisomall,1079397,[10 애플워터] 본셉 워터 베일 틴트,본셉 메이크업,,본셉 워터 베일 틴트
da:1079397,glowpick,173327,워터 베일 틴트,본셉,4.5g,워터 베일 틴트
da:1079397,daisomall,1079393,[06 스트로베리워터] 본셉 워터 베일 틴트,본셉 메이크업,,본셉 워터 베일 틴트
gl:189947,glowpick,189947,라벨르 로즈 하이라이터,프릴루드 딘토,4g,라벨르 로즈 하이라이터
gl:189947,daisomall,1080533,[81 퓨어 에끌라]프릴루드 딘토 라벨르 로즈 하이라이터,프릴루드 딘토,,라벨르 로즈 하이라이터
gl:189947,daisomall,1080536,[83 로지 에끌라]프릴루드 딘토 라벨르 로즈 하이라이터,프릴루드 딘토,,라벨르 로즈 하이라이터
ol:A000000258468,glowpick,190011,바쿠 글로우 캡슐 로션,온그리디언츠,150ml,바쿠 글로우 캡슐 로션
ol:A000000258468,oliveyoung,A000000258468,[NEW] 온그리디언츠 바쿠글로우 캡슐 로션 150ml,온그리디언츠,,바쿠글로우 캡슐 로션
ol:A000000261603,oliveyoung,A000000261603,"[NEW/지성파데프리] 조선미녀 데이스크린 틴티드 선크림 40ml (퍼프,미니 증정/단품)",조선미녀,,데이스크린 틴티드 선크림
ol:A000000261603,glowpick,190652,데이스크린 틴티드 선크림 [SPF50+/PA++++],조선미녀,40ml,데이스크린 틴티드 선크림
ol:A000000125539,daisomall,1061003,[손상모발]헤어플러스 단백질 본드 앰플 에센스 플라워 가든 65 ml,헤어플러스,,단백질 본드 앰플 에센스 플라워 가든
ol:A000000125539,oliveyoung,A000000125539,"[1등/열기구,염색,펌 손상모 개선] 헤어플러스 단백질 본드 앰플에센스 70ml 2개입 한정/단독기획",헤어플러스,,단백질 본드 앰플에센스
ol:A000000180872,oliveyoung,A000000180872,어노브 딥 데미지 리페어 샴푸 500ml 2종 택1 (단백질 앰플 샴푸),어노브,,딥 데미지 리페어 샴푸
ol:A000000180872,glowpick,163179,딥 데미지 리페어 샴푸 [스윗 브리즈],어노브,500g,딥 데미지 리페어 샴푸 스윗 브리즈
ol:A000000180872,oliveyoung,A000000183059,어노브 딥 데미지 리페어 샴푸 500ml 더블/듀오 기획,어노브,,딥 데미지 리페어 샴푸
ol:A000000000768,daisomall,1038892,존슨즈 베이비 오일 200 ml,,,베이비 오일
ol:A000000000768,oliveyoung,A000000000768,존슨즈베이비 베드타임 오일 500ml (아로마향),존슨즈,,베이비 베드타임 오일
ol:A000000232148,glowpick,190097,일루미네이팅 피니쉬 파우더,캔메이크,6.5g,일루미네이팅 피니쉬 파우더
ol:A000000232148,oliveyoung,A000000232148,[퍼프1매추가증정] 캔메이크 마시멜로우 피니쉬 파우더 2종 기획/단품 택1,캔메이크,,마시멜로우 피니쉬 파우더
ol:A000000200614,oliveyoung,A000000200614,[쿨톤보정] 달바 퍼플 톤업 선크림 듀오 기획 (50ml+50ml),달바,,퍼플 톤업 선크림
ol:A000000200614,oliveyoung,A000000202548,[쿨톤보정] 달바 퍼플 톤업 선크림 50ml,달바,,퍼플 톤업 선크림
ol:A000000200614,glowpick,170411,워터풀 톤업 선크림 퍼플 [SPF50+/PA++++],달바,50ml,워터풀 톤업 선크림 퍼플
ol:A000000230581,glowpick,175801,누디 블러 틴트,컬러그램,5g,누디 블러 틴트
ol:A000000230581,oliveyoung,A000000230581,[입술보정틴트] 컬러그램 누디 블러 틴트 25COLOR(단품/기획),컬러그램,,누디 블러 틴트
ol:A000000210823,glowpick,174753,알게 테라피 미네랄 샴푸,그로우어스,500g,알게 테라피 미네랄 샴푸
ol:A000000210823,oliveyoung,A000000210823,[다시마 PDRN] 그로우어스 알게 테라피 미네랄 샴푸 500g 기획/단품,그로우어스,,알게 테라피 미네랄 샴푸
ol:A000000184643,glowpick,163016,레드 락토 콜라겐 클리어 폼 클렌저 2.0,메디필,120ml,레드 락토 콜라겐 클리어 클렌징폼 2.0
ol:A000000184643,oliveyoung,A000000184643,[모공쏙폼] 메디필 레드 락토 콜라겐 클리어 폼 2.0 대용량 300ml 기획 (+해면),메디필,,레드 락토 콜라겐 클리어 폼 2.0
ol:A000000117842,daisomall,1061002,[손상모발]헤어플러스 단백질 본드 트리트먼트 플라워 가든 180 ml,헤어플러스,,단백질 본드 트리트먼트 플라워 가든
ol:A000000117842,oliveyoung,A000000117842,[손상케어] 헤어플러스 단백질 본드 트리트먼트 210ml 한정/더블기획,헤어플러스,,단백질 본드 트리트먼트
ol:A000000115199,glowpick,110764,포스트 알파 퍼스트 쿨링 마스크,셀퓨전씨,27g,포스트 알파 퍼스트 쿨링 마스크
ol:A000000115199,oliveyoung,A000000115199,[급속쿨링/열감케어] 셀퓨전씨 포스트 알파 쿨링 마스크 5P(퍼스트 쿨링/시카 쿨링/비타 쿨링),셀퓨전씨,,포스트 알파 쿨링 마스크
ol:A000000157820,oliveyoung,A000000157820,[5년연속1위/100시간보습] 일리윤 세라마이드 아토 로션 334ML+100ML(기획/단품),일리윤,,세라마이드 아토 로션
ol:A000000157820,oliveyoung,A000000171848,[5년연속1위] 일리윤 세라마이드 아토 로션기획(600ML+600ML),일리윤,,세라마이드 아토 로션
ol:A000000157820,glowpick,178721,세라마이드 아토 로션,일리윤,350ml,세라마이드 아토 로션
ol:A000000157820,oliveyoung,A000000217765,일리윤 세라마이드 아토 로션 (600ml/600ml기획),일리윤,,세라마이드 아토 로션
ol:A000000010497,oliveyoung,A000000010497,[72관왕/1위] 린제이 모델링 팩 (컵팩)  7종 택1,린제이,,모델링 팩
ol:A000000010497,daisomall,1045832,린제이 모델링 마스크 팩 28g 차콜,린제이,,모델링 마스크 차콜
ol:A000000180162,glowpick,133186,그린 마일드 업 선 플러스 [SPF50+/PA++++],닥터지,50ml,그린 마일드 업 선 플러스
ol:A000000180162,oliveyoung,A000000180162,[무기자차] 닥터지 그린 마일드 업 선 플러스 50ml 기획 2종 (50+20/50+50+10) (선크림),닥터지,,그린 마일드 업 선 플러스
ol:A000000224657,glowpick,159039,맑은 쌀 선크림 [SPF50+/PA++++],조선미녀,50ml,맑은 쌀 선크림
ol:A000000224657,oliveyoung,A000000224657,[화잘먹] 조선미녀 맑은쌀 선크림 50ml+20ml 증정 기획,조선미녀,,맑은쌀 선크림
ol:A000000224657,oliveyoung,A000000188876,[화잘먹/쌀알춘식이스트레스볼] 조선미녀 맑은쌀 선크림 50ml 2입 기획,조선미녀,,맑은쌀 선크림
ol:A000000185903,oliveyoung,A000000185903,[블러밤증정/레몬패키지] VDL 커버 스테인 퍼펙팅 쿠션 기획 (본품+리필),VDL,,커버 스테인 퍼펙팅 쿠션
ol:A000000185903,glowpick,160085,커버 스테인 퍼펙팅 쿠션 [SPF35/PA++],VDL,13g,커버 스테인 퍼펙팅 쿠션
ol:A000000002972,glowpick,164768,모이스춰라이징 크림,세타필,453g,모이스춰라이징 크림
ol:A000000002972,oliveyoung,A000000002972,[스파츌라 증정/고보습] 세타필 모이스춰라이징 크림 453g,세타필,,모이스춰라이징 크림
ol:A000000154644,glowpick,105588,1025 독도 클렌저,라운드랩,150ml,1025 독도 클렌저
ol:A000000154644,oliveyoung,A000000154644,[대용량/약산성] 라운드랩 1025 독도 클렌저 250ml,라운드랩,,1025 독도 클렌저
ol:A000000154644,oliveyoung,A000000165177,[저자극/약산성] 라운드랩 1025 독도 클렌저 200ml+200ml,라운드랩,,1025 독도 클렌저
ol:A000000188270,glowpick,167261,껌딱지 시트 마스크 어성초 스티커,아비브,27ml,껌딱지 마스크 어성초 스티커
ol:A000000188270,oliveyoung,A000000188270,[6매/단독기획] 아비브 껌딱지 시트 마스크 스티커 5매 (+1매 증정기획)(어성초/밀크/마데카),아비브,,껌딱지 마스크 스티커
ol:A000000188270,oliveyoung,A000000188024,[10매/5종] 아비브 껌딱지 시트 마스크 스티커 10매 (어성초/수분초/마데카소사이드/콜라겐밀크/비타),아비브,,껌딱지 마스크 스티커
ol:A000000188270,oliveyoung,A000000188019,[1매/5종] 아비브 껌딱지 시트 마스크 스티커 1매 (어성초/수분초/마데카소사이드/콜라겐밀크/비타),아비브,,껌딱지 마스크 스티커
ol:A000000254450,glowpick,131325,밀착 커버 파운데이션 [SPF30/PA++],지베르니,30ml,밀착 커버 파운데이션
ol:A000000254450,oliveyoung,A000000254450,[NEW/+성한빈캐리어태그 기획] 지베르니 밀착 커버 파운데이션 30ml,지베르니,,밀착 커버 파운데이션
ol:A000000198739,glowpick,172561,레이저 UV 썬스크린 [SPF50+/PA++++],셀퓨전씨,50ml,레이저 uv 선스크린
ol:A000000198739,oliveyoung,A000000198739,[매끈밀착썬/조앤프렌즈 콜라보] 셀퓨전씨 레이저 UV 썬스크린 35ml 더블 기획 (+조앤프렌즈 피규어 선크림 집게),셀퓨전씨,,레이저 uv 선스크린
ol:A000000161165,glowpick,154903,아토베리어365 바디로션,에스트라,400ml,아토베리어 365 바디로션
ol:A000000161165,oliveyoung,A000000161165,에스트라 아토베리어365 바디로션 400ml,에스트라,,아토베리어 365 바디로션
ol:A000000202780,glowpick,172005,블랙 쿠션 파운데이션 [SPF34/PA++],헤라,15g*2,블랙 쿠션 파운데이션
ol:A000000202780,oliveyoung,A000000202780,헤라 블랙 쿠션 파운데이션 리필 15g,헤라,,블랙 쿠션 파운데이션
ol:A000000202780,oliveyoung,A000000202777,[단독/NEW 로지 아이보리 출시] 헤라 블랙 쿠션 파운데이션 기획 (15g+15g) 9 Colors,헤라,,블랙 쿠션 파운데이션
ol:A000000221670,glowpick,166858,탕후루 탱글 틴트,컬러그램,2.8g,탕후루 탱글 틴트
ol:A000000221670,oliveyoung,A000000221670,[위글위글 콜라보]컬러그램 탕후루 탱글 틴트 라인 (기존/밀크),컬러그램,,탕후루 탱글 틴트 라인
ol:A000000219383,glowpick,165641,다이브인 워터리 모이스처 선크림 [SPF50+/PA++++],토리든,60ml,다이브인 워터리 모이스처 선크림
ol:A000000219383,oliveyoung,A000000219383,[물막선크림] 토리든 다이브인 모이스처 선크림 60ml 1+1 기획,토리든,,다이브인 모이스처 선크림
ol:A000000204632,glowpick,5010,순행클렌징폼,설화수,200ml,순행클렌징폼
ol:A000000204632,oliveyoung,A000000204632,설화수 순행 클렌징폼 (100ml/200ml/400ml),설화수,,순행 클렌징폼
ol:A000000208753,oliveyoung,A000000208753,[밀착진정] 듀이트리 AC 딥 진정 마스크 1매 (열감/흔적),듀이트리,,ac 딥 진정 마스크
ol:A000000208753,glowpick,174792,AC 딥 열감 진정 마스크,듀이트리,27g,ac 딥 열감 진정 마스크
ol:A000000208753,oliveyoung,A000000211187,[1일1팩/밀착진정] 듀이트리 AC 딥 진정 마스크 10매 (열감/흔적),듀이트리,,ac 딥 진정 마스크
ol:A000000120938,glowpick,115341,약산성 pH 시트 마스크 어성초 핏,아비브,30ml,약산성 ph 마스크 어성초 핏
ol:A000000120938,oliveyoung,A000000120938,[10매/5종] 아비브 약산성 pH 시트 마스크 핏 10매 (어성초/부활초/아쿠아/글루타치온좀/허니),아비브,,약산성 ph 마스크 핏
ol:A000000120938,oliveyoung,A000000120688,[1매/5종] 아비브 약산성 pH 시트 마스크 핏 1매 (어성초/부활초/아쿠아/글루타치온좀/허니),아비브,,약산성 ph 마스크 핏
ol:A000000211936,glowpick,175734,스킨 레이어 핏 파운데이션 [SPF30/PA++],어바웃톤,30ml,스킨 레이어 핏 파운데이션
ol:A000000211936,oliveyoung,A000000211936,[8월 올영필/여름필수파데] 어바웃톤 스킨 레이어 핏 파운데이션 30ml 8종 (기획/단품),어바웃톤,,스킨 레이어 핏 파운데이션
ol:A000000255842,glowpick,139437,다이브인 저분자 히알루론산 마스크,토리든,27ml,다이브인 저분자 히알루론산 마스크
ol:A000000255842,oliveyoung,A000000255842,[NEW/1등수분마스크] 토리든 다이브인 저분자 히알루론산 마스크 10매 기획 (+다이브인 1매+밸런스풀 1매),토리든,,다이브인 저분자 히알루론산 마스크
ol:A000000255842,oliveyoung,A000000257740,[NEW] 토리든 다이브인 저분자 히알루론산 마스크 20매,토리든,,다이브인 저분자 히알루론산 마스크
ol:A000000219717,oliveyoung,A000000219717,[트러블1등/단독기획] 파티온 노스카나인 트러블 세럼 50ml 기획(+15ml+마스크 1매),파티온,,노스카나인 트러블 세럼
ol:A000000219717,glowpick,155400,노스카나인 트러블 세럼,파티온,30ml,노스카나인 트러블 세럼
ol:A000000219717,oliveyoung,A000000219609,[대용량] 파티온 노스카나인 트러블 세럼 50ml 리필 기획(+리필40ml+크림10ml),파티온,,노스카나인 트러블 세럼
ol:A000000178635,glowpick,162004,커버 스테인 퍼펙팅 파운데이션 [SPF35/PA++],VDL,30ml,커버 스테인 퍼펙팅 파운데이션
ol:A000000178635,oliveyoung,A000000178635,[NEW올리브컬러/1등 파데] VDL 커버 스테인 퍼펙팅 파운데이션 30ml,VDL,,커버 스테인 퍼펙팅 파운데이션
ol:A000000016786,oliveyoung,A000000016786,랑방 모던 프린세스 EDP 2종 택1 (30ml/60ml),랑방,,모던 프린세스 오드퍼퓸
ol:A000000016786,glowpick,87393,모던 프린세스 오 드 퍼퓸,랑방,60ml,모던 프린세스 오드퍼퓸
ol:A000000145581,oliveyoung,A000000145581,[유트루PICK/수분민감] 라곰 셀럽 마이크로 폼 클렌저 120ml,라곰,,셀럽 마이크로 클렌징폼
ol:A000000145581,glowpick,42684,셀럽 마이크로 폼 클렌저,라곰,150ml,셀럽 마이크로 클렌징폼
gl:174241,glowpick,174241,마데카소사이드 에센셜 마스크 흔적 리페어,메디힐,24ml*10,마데카소사이드 에센셜 마스크 흔적 리페어
gl:174241,hwahae,2107391,마데카소사이드 에센셜 마스크 [흔적리페어],메디힐,24ml*10매,마데카소사이드 에센셜 마스크 흔적리페어
ol:A000000226515,oliveyoung,A000000226515,[8월올영픽/3일진정세럼]브링그린 징크테카 트러블 세럼 대용량 기획,브링그린,,징크테카 트러블 세럼
ol:A000000226515,oliveyoung,A000000200646,[8월올영픽/3일진정세럼]브링그린 징크테카 트러블 세럼 대용량 기획,브링그린,,징크테카 트러블 세럼
ol:A000000226515,glowpick,166653,징크테카 트러블 세럼,브링그린,25ml,징크테카 트러블 세럼
ol:A000000251417,daisomall,1069430,46cm 체취솔루션 데오드란트 바디워시 리프레싱 허벌향 225 ml,,,체취솔루션 데오드란트 바디워시 리프레싱 허벌향
ol:A000000251417,oliveyoung,A000000251417,[OY단독 대용량] 46cm 체취 솔루션 데오드란트 바디워시 720ml 2종(클린솝/시트러스) 택1,46cm,,체취 솔루션 데오드란트 바디워시
ol:A000000161509,glowpick,35340,딥 모이스처 스무딩 바디에멀전,비욘드,500ml,딥 모이스처 스무딩 바디에멀전
ol:A000000161509,oliveyoung,A000000161509,[살냄새머스크향]비욘드 딥모이스처 스무딩 바디에멀전 500ml,비욘드,,딥모이스처 스무딩 바디에멀전
ol:A000000212570,glowpick,175530,시카비오 크림+,바이오더마,100ml,시카비오 크림
ol:A000000212570,oliveyoung,A000000212570,바이오더마 시카비오 크림+ 100ml 기획 (크림 + 40ml 본품 추가 증정),바이오더마,,시카비오 크림
ol:A000000212570,oliveyoung,A000000228575,바이오더마 시카비오 크림+ SPF 50+ 40ml,바이오더마,,시카비오 크림
ol:A000000206053,oliveyoung,A000000206053,[8월올영픽/트러블손절크림] 넘버즈인 1번 판토텐산 액티브 수딩크림 80ml 1+1 기획,넘버즈인,,1번 판토텐산 액티브 수딩크림
ol:A000000206053,glowpick,171763,1번 판토텐산 액티브 수딩크림,넘버즈인,80ml,1번 판토텐산 액티브 수딩크림
da:1049276,daisomall,1049276,[피부결케어]VT 리들샷 300 페이셜 부스팅 퍼스트 앰플 2 ml*6개입,VT,,리들샷 300 페이셜 부스팅 퍼스트 앰플 개입
da:1049276,glowpick,171147,리들샷 300 페이셜 부스팅 퍼스트 앰플,VT COSMETICS,2ml*6,리들샷 300 페이셜 부스팅 퍼스트 앰플
ol:A000000204633,glowpick,162689,윤조에센스,설화수,90ml,윤조에센스
ol:A000000204633,oliveyoung,A000000204633,설화수 윤조에센스 단품/기획,설화수,,윤조에센스
ol:A000000258878,oliveyoung,A000000258878,[가나디 콜라보] 코스알엑스 더 6 펩타이드 화잘먹 세럼 150ml 더블 기획 (+피규어 굿즈),코스알엑스,,더 6 펩타이드 화잘먹 세럼
ol:A000000258878,glowpick,168582,더 6 펩타이드 스킨 부스터 세럼,코스알엑스,150ml,더 6 펩타이드 스킨 부스터 세럼
ol:A000000221675,glowpick,123581,시그니처 퍼퓸 [코튼허그],포맨트,50ml,시그니처 퍼퓸 코튼허그
ol:A000000221675,oliveyoung,A000000221675,[박지훈PICK/헤어퍼퓸 증정] 포맨트 시그니처 퍼퓸 코튼허그 50ml 단품/기획 (포켓몬 에디션),포맨트,,시그니처 퍼퓸 코튼허그
ol:A000000209886,glowpick,175238,도트 온 무드 원 웨이 글로이 틴트,하트퍼센트,4.2g,도트 온 무드 원 웨이 글로이 틴트
ol:A000000209886,oliveyoung,A000000209886,[명재현 PICK / NEW 기획] 하트퍼센트 도트 온 무드 원 웨이 글로이 틴트 4g 19종,하트퍼센트,,도트 온 무드 원 웨이 글로이 틴트
ol:A000000211366,oliveyoung,A000000211366,[가려움기능성] 일리윤 레드이치 케어크림 330ML 기획(오일 20ml 증정),일리윤,,레드이치 케어크림
ol:A000000211366,glowpick,154100,레드이치 케어크림,일리윤,330ml,레드이치 케어크림
ol:A000000222695,glowpick,150164,로즈마리 스칼프 스케일링 샴푸,아로마티카,400ml,로즈마리 스칼프 스케일링 샴푸
ol:A000000222695,oliveyoung,A000000222695,[단독기획/탈모증상완화] 아로마티카 로즈마리 스칼프 스케일링 샴푸 400ml (단품/더블기획/리필),아로마티카,,로즈마리 스칼프 스케일링 샴푸
ol:A000000258297,oliveyoung,A000000258297,[NEW] 토리든 다이브인 저분자 히알루론산 세럼 50ml 기획 (+멀티 패드 10매),토리든,,다이브인 저분자 히알루론산 세럼
ol:A000000258297,glowpick,114977,다이브인 저분자 히알루론산 세럼,토리든,50ml,다이브인 저분자 히알루론산 세럼
ol:A000000258297,hwahae,2205251,다이브인 저분자 히알루론산 세럼,토리든,50 ml / 1.69 fl. oz.,다이브인 저분자 히알루론산 세럼
ol:A000000258297,hwahae,1984011,다이브인 저분자 히알루론산 세럼,토리든,50ml / 1.69 fl. oz.,다이브인 저분자 히알루론산 세럼
ol:A000000258297,oliveyoung,A000000258291,[NEW/1등수분세럼] 토리든 다이브인 저분자 히알루론산 세럼 50ml 리필 기획(+리필 50ml),토리든,,다이브인 저분자 히알루론산 세럼
ol:A000000246261,oliveyoung,A000000246261,[NEW] 토리든 밸런스풀 시카 컨트롤 마스크 10매,토리든,,밸런스풀 시카 컨트롤 마스크
ol:A000000246261,glowpick,163556,밸런스풀 시카 마스크,토리든,25ml,밸런스풀 시카 마스크
ol:A000000120656,glowpick,106591,아트클래스 프로타주 펜슬,투쿨포스쿨,1.1g,아트클래스 프로타주 펜슬
ol:A000000120656,oliveyoung,A000000120656,투쿨포스쿨 프로타주 펜슬 (기획/단품),투쿨포스쿨,,프로타주 펜슬
ol:A000000190668,oliveyoung,A000000190668,헤라 실키 스테이 24H 롱웨어 파운데이션 30g 9 Colors,헤라,,실키 스테이 24h 롱웨어 파운데이션
ol:A000000190668,glowpick,155890,실키 스테이 24H 롱웨어 파운데이션 [SPF20/PA++],헤라,30g,실키 스테이 24h 롱웨어 파운데이션
ol:A000000164559,oliveyoung,A000000164559,라카 프루티 글램 틴트 4.5g (단품/기획),라카,,프루티 글램 틴트
ol:A000000164559,glowpick,155383,프루티 글램 틴트,라카,4.5g,프루티 글램 틴트
ol:A000000172610,glowpick,158580,베러 댄 치크,롬앤,4g,베러 댄 치크
ol:A000000172610,oliveyoung,A000000172610,[NEW두유코어] 롬앤 베러 댄 치크,롬앤,,베러 댄 치크
ol:A000000150361,oliveyoung,A000000150361,[NEW한정기획] 홀리카홀리카 마이페이브 무드 아이 팔레트,홀리카홀리카,,마이페이브 무드 아이 팔레트
ol:A000000150361,glowpick,175370,마이페이브 무드 아이팔레트 [폴인오트],홀리카홀리카,8g,마이페이브 무드 아이팔레트 폴인오트
ol:A000000185265,oliveyoung,A000000185265,[단독기획] 클리오 크리스탈 글램 틴트 단품/기획 (+치크 미니 증정),클리오,,크리스탈 글램 틴트
ol:A000000185265,glowpick,165735,크리스탈 글램 틴트,클리오,3.4g,크리스탈 글램 틴트
ol:A000000245742,oliveyoung,A000000245742,[5+2매/망곰 콜라보] 스킨푸드 캐롯 카로틴 마스크시트 5매 기획 (+2매) (+망곰 헤어 고정시트),스킨푸드,,캐롯 카로틴 마스크시트
ol:A000000245742,glowpick,161465,캐롯 카로틴 마스크,스킨푸드,27ml,캐롯 카로틴 마스크
ol:A000000245742,oliveyoung,A000000255593,[단독기획] 스킨푸드 캐롯 카로틴 마스크시트 5매 기획 (+3매),스킨푸드,,캐롯 카로틴 마스크시트
ol:A000000211302,oliveyoung,A000000211302,[쌀뜨물폼증정/1등 쿨링진정 수분썬] 에스네이처 아쿠아 365 UV 선크림 40ml,에스네이처,,아쿠아 365 uv 선크림
ol:A000000211302,glowpick,166606,아쿠아 365 유브이 선크림 [SPF50+/PA++++],에스네이처,40ml,아쿠아 365 유브이 선크림
ol:A000000211302,oliveyoung,A000000208182,[톤업썬8ml증정/1+1/1등 속촉촉수분썬] 에스네이처 아쿠아 365 UV 선크림 40ml 2입,에스네이처,,아쿠아 365 uv 선크림
ol:A000000000445,oliveyoung,A000000000445,랑방 에끌라 드 아르페쥬 EDP 50ml,랑방,,에끌라 드 아르페쥬 오드퍼퓸
ol:A000000000445,glowpick,3273,에끌라 드 아르페쥬 우먼 오 드 퍼퓸,랑방,50ml,에끌라 드 아르페쥬 우먼 오드퍼퓸
ol:A000000000445,oliveyoung,A000000176516,랑방 에끌라 드 아르페쥬 EDP 30ml/50ml,랑방,,에끌라 드 아르페쥬 오드퍼퓸
ol:A000000000445,oliveyoung,A000000000444,랑방 에끌라 드 아르페쥬 EDP 30ml,랑방,,에끌라 드 아르페쥬 오드퍼퓸
ol:A000000233335,glowpick,176682,다시마 앰플 클렌징폼,션리,120ml,다시마 앰플 클렌징폼
ol:A000000233335,oliveyoung,A000000233335,[화해1위/모공쫀쫀 팩폼] 션리 다시마 앰플 클렌징폼 120ml,션리,,다시마 앰플 클렌징폼
ol:A000000233335,oliveyoung,A000000257369,[우주먼지 에디션]션리 다시마 앰플 클렌징폼 120ml 기획(+헤어집게핀+스티커증정),션리,,다시마 앰플 클렌징폼
ol:A000000233335,hwahae,2098300,다시마 앰플 클렌징폼,션리,120 ml,다시마 앰플 클렌징폼
ol:A000000202446,glowpick,172572,뽀얀쌀 생기 톤업 수분 선크림 [SPF50+/PA++++],식물나라,100ml,뽀얀쌀 생기 톤업 수분 선크림
ol:A000000202446,oliveyoung,A000000202446,[파데프리] 식물나라 뽀얀쌀 생기 톤업 수분 선 크림 100ml 3종 (생기/보라/초록),식물나라,,뽀얀쌀 생기 톤업 수분 선크림
ol:A000000198320,hwahae,2078467,아토베리어365 크림,에스트라,80ml,아토베리어 365 크림
ol:A000000198320,glowpick,169302,아토베리어365 크림,에스트라,80ml,아토베리어 365 크림
ol:A000000198320,oliveyoung,A000000198320,[올영 어워즈 1등 크림] 에스트라 아토베리어365 크림 80ml,에스트라,,아토베리어 365 크림
ol:A000000198320,oliveyoung,A000000261864,에스트라 아토베리어365 크림 80ml 기획(+토너25ml+클렌징폼3g*3EA),에스트라,,아토베리어 365 크림
ol:A000000137964,oliveyoung,A000000137964,[생기광치크] 릴리바이레드 러브빔 치크밤 17종,릴리바이레드,,러브빔 치크밤
ol:A000000137964,glowpick,134701,러브빔 치크밤,릴리바이레드,3.5g,러브빔 치크밤
ol:A000000244064,oliveyoung,A000000244064,[8월올영픽/춘배 콜라보] 트리셀 나이트 콜라겐 샴푸 360ml 리필기획 (+춘배 핸드타월 키링),트리셀,,나이트 콜라겐 샴푸
ol:A000000244064,glowpick,151712,나이트 콜라겐 샴푸 [미드나잇 포레스트],트리셀,360ml,나이트 콜라겐 샴푸 미드나잇 포레스트
ol:A000000189875,glowpick,159365,다이브인 저분자 히알루론산 클렌징 폼,토리든,150ml,다이브인 저분자 히알루론산 클렌징폼
ol:A000000189875,oliveyoung,A000000189875,[1+1] 토리든 다이브인 저분자 히알루론산 클렌징폼 더블기획 (150ml+150ml),토리든,,다이브인 저분자 히알루론산 클렌징폼
ol:A000000189875,oliveyoung,A000000175915,[8/23 단하루특가] 토리든 다이브인 저분자 히알루론산 클렌징폼 150ml 기획 (+30ml 증정),토리든,,다이브인 저분자 히알루론산 클렌징폼
ol:A000000225015,oliveyoung,A000000225015,[화잘먹선] 바이오힐보 프로바이오덤 콜라겐 선크림 2종 (에센스/톤업),바이오힐보,,프로바이오덤 콜라겐 선크림
ol:A000000225015,glowpick,170711,프로바이오덤™ 콜라겐 에센스 선크림 [SPF50+/PA++++],바이오힐 보,50ml,프로바이오덤 콜라겐 에센스 선크림
ol:A000000260463,oliveyoung,A000000260463,[위클리초특가] 온더바디 발을씻자 코튼 풋샴푸 대용량 510ml (복숭아/쿨링 택1),온더바디,,발을씻자 코튼 풋샴푸
ol:A000000260463,oliveyoung,A000000165990,[NEW 2세대] 온더바디 발을씻자 코튼 풋샴푸 대용량 510ml 4종 택1(복숭아/레몬/쿨링/자몽),온더바디,,발을씻자 코튼 풋샴푸
ol:A000000260463,daisomall,1064512,온더바디 국민뷰티템 풋샴푸 리필 코튼 향 520 ml,온더바디,,국민뷰티템 풋샴푸 코튼 향
ol:A000000260463,daisomall,1062065,온더바디 국민뷰티템 풋샴푸 코튼 향 390 ml,온더바디,,국민뷰티템 풋샴푸 코튼 향
ol:A000000189177,glowpick,87685,끌로에 오 드 퍼퓸,끌로에,50ml,오드퍼퓸
ol:A000000189177,oliveyoung,A000000189177,끌로에 EDP [단품/기획] (10ml/30ml/50기획/100기획),끌로에,,오드퍼퓸
ol:A000000216112,glowpick,161538,가려운 두피 케어 샴푸,헤드앤숄더,850ml,가려운 두피 케어 샴푸
ol:A000000216112,oliveyoung,A000000216112,[더블기획] 헤드앤숄더 가려운/쿨멘솔 두피 케어 샴푸 520ml 2입 기획 택1,헤드앤숄더,,가려운 쿨멘솔 두피 케어 샴푸
ol:A000000259976,glowpick,190252,프레시 쿨링 말차 PDRN 팩샴푸,나르카,500ml,프레시 쿨링 말차 pdrn 팩샴푸
ol:A000000259976,oliveyoung,A000000259976,[두피쿨링/탈모기능성] 나르카 프레시 쿨링 말차 PDRN 팩샴푸 500g,나르카,,프레시 쿨링 말차 pdrn 팩샴푸
ol:A000000148591,oliveyoung,A000000148591,[로즈코어/혈색생기] 3CE 블러 워터 틴트 4.6g 22종 단품/기획,3CE,,블러 워터 틴트
ol:A000000148591,glowpick,144873,블러 워터 틴트,3CE,4.6g,블러 워터 틴트
ol:A000000258890,glowpick,190034,소프트 핏 치크,글린트 바이 비디보브,4.8g,소프트 핏 치크
ol:A000000258890,oliveyoung,A000000258890,[NEW/청담샵템/8월올영픽] 글린트 소프트 핏 치크 (+퍼프봉 브러쉬 증정 기획),글린트,,소프트 핏 치크
ol:A000000181230,oliveyoung,A000000181230,[NEW] 투에이엔 듀얼치크 20 colors (기획/단품),투에이엔,,듀얼치크
ol:A000000181230,glowpick,126239,듀얼치크,투에이엔,9g,듀얼치크
ol:A000000109650,glowpick,99990,페이스 블러쉬,3CE,5.5g,페이스 블러쉬
ol:A000000109650,oliveyoung,A000000109650,[청담샵필수템] 3CE 무드레시피 페이스 블러쉬 단품/기획,3CE,,무드레시피 페이스 블러쉬
ol:A000000171371,glowpick,132165,플러피 파우더 블러쉬,네이밍,3.2g,플러피 파우더 블러쉬
ol:A000000171371,oliveyoung,A000000171371,[8월올영픽/1등 블러셔] 네이밍 플러피 파우더 블러쉬 20colors,네이밍,,플러피 파우더 블러쉬
ol:A000000184299,glowpick,157269,치크스테인 블러셔,VDL,6g,치크스테인 블러셔
ol:A000000184299,oliveyoung,A000000184299,[레몬코어/퍼프2개증정] VDL 치크스테인 블러셔/블러셔 듀오 6g,VDL,,치크스테인 블러셔 블러셔
ol:A000000140651,daisomall,1078583,싸이닉 엔조이 아쿠아 마일드 선에센스 60 g,,,엔조이 아쿠아 마일드 선에센스
ol:A000000140651,oliveyoung,A000000140651,[광노화 선 케어] 싸이닉 엔조이 슈퍼 마일드 선 에센스 더블 기획 (50ml+50ml),싸이닉,,엔조이 슈퍼 마일드 선 에센스
ol:A000000231884,oliveyoung,A000000231884,[속건조필수템] 웰라쥬 리얼 히알루로닉 블루 100 앰플 100ml 기획 (+원데이키트2ea),웰라쥬,,리얼 히알루로닉 블루 100 앰플
ol:A000000231884,oliveyoung,A000000261423,[8월올영픽] 웰라쥬 리얼 히알루로닉 블루 100 앰플 100ml 기획 (+60ml 리필+수딩크림 30ml),웰라쥬,,리얼 히알루로닉 블루 100 앰플
ol:A000000231884,hwahae,2153055,리얼 히알루로닉 블루 100 앰플,웰라쥬,100ml,리얼 히알루로닉 블루 100 앰플
ol:A000000140263,glowpick,159622,(도토리 컬렉션) 맑게 물든 선샤인 치크,페리페라,4.2g,맑게 물든 선샤인 치크
ol:A000000140263,glowpick,135869,맑게 물든 선샤인 치크,페리페라,4.2g,맑게 물든 선샤인 치크
ol:A000000140263,oliveyoung,A000000140263,[NEW 빵러셔] 페리페라 맑게 물든 선샤인 치크 (젤리/파우더 2타입),페리페라,,맑게 물든 선샤인 치크
ol:A000000205389,oliveyoung,A000000205389,바이오더마 아토덤 울트라 크림 200ml 더블 기획,바이오더마,,아토덤 울트라 크림
ol:A000000205389,oliveyoung,A000000168287,바이오더마 아토덤 울트라 크림 500ml+200ml,바이오더마,,아토덤 울트라 크림
ol:A000000205389,oliveyoung,A000000263056,바이오더마 아토덤 울트라 크림 500ml 기획 (+200ml+페이셜 로션 1ml*3) (2609),바이오더마,,아토덤 울트라 크림
ol:A000000205389,oliveyoung,A000000172169,바이오더마 아토덤 울트라 크림 500ml,바이오더마,,아토덤 울트라 크림
ol:A000000205389,glowpick,159685,아토덤 울트라 크림,바이오더마,500ml,아토덤 울트라 크림
ol:A000000260247,glowpick,189911,에어비티 선 세럼 [SPF50+/PA++++],홀리카홀리카,50ml,에어비티 선 세럼
ol:A000000260247,oliveyoung,A000000260247,[NEW/화잘먹선세럼] 홀리카홀리카 에어비티 선 세럼 3종 택1(무색/레몬/그린),홀리카홀리카,,에어비티 선 세럼
ol:A000000225046,oliveyoung,A000000225046,[한정기획/쫀쫀탱글 시럽광] 삐아 오버 글레이즈 18종 (기획/단품),삐아,,오버 글레이즈
ol:A000000225046,glowpick,172243,오버 글레이즈,삐아,4.5g,오버 글레이즈
ol:A000000175954,oliveyoung,A000000175954,[올영단독기획/수부지쿠션1등] 네이밍 레이어드 핏 쿠션 기획(본품+리필),네이밍,,레이어드 핏 쿠션
ol:A000000175954,glowpick,147199,레이어드 핏 쿠션 [SPF50+/PA+++],네이밍,12g,레이어드 핏 쿠션
ol:A000000261857,glowpick,191017,코튼 블러 틴트,데이지크,3.2g,코튼 블러 틴트
ol:A000000261857,oliveyoung,A000000261857,[NEW리뷰이벤트/한겹매트틴트] 데이지크 코튼 블러 틴트 3.2g 6colors,데이지크,,코튼 블러 틴트
ol:A000000188988,glowpick,167517,프로 아이 팔레트 에어,클리오,7.2g,프로 아이 팔레트 에어
ol:A000000188988,oliveyoung,A000000188988,[단종환생템 출시] 클리오 프로 아이 팔레트 에어 단품/기획,클리오,,프로 아이 팔레트 에어
ol:A000000203971,glowpick,123790,노니 에너지 앰플,셀리맥스,30ml,노니 에너지 앰플
ol:A000000203971,oliveyoung,A000000203971,[속보습/속광/진정] 셀리맥스 더 리얼 노니 에너지 앰플 80ml 기획(+10ml),셀리맥스,,더 리얼 노니 에너지 앰플
ol:A000000219554,oliveyoung,A000000219554,[뽀송/저자극] 구달 맑은 어성초 진정 무기자차 선크림 50ml 1+1 기획,구달,,맑은 어성초 진정 무기자차 선크림
ol:A000000219554,glowpick,164466,맑은 어성초 진정 무기자차 선크림 [SPF50+/PA++++],구달,50ml,맑은 어성초 진정 무기자차 선크림
ol:A000000161167,glowpick,153645,아토베리어365 바디크림,에스트라,250ml,아토베리어 365 바디크림
ol:A000000161167,oliveyoung,A000000161167,에스트라 아토베리어365 바디크림 250ml,에스트라,,아토베리어 365 바디크림
ol:A000000260574,glowpick,158201,아쿠아 스쿠알란 세럼,에스네이처,50ml,아쿠아 스쿠알란 세럼
ol:A000000260574,oliveyoung,A000000260574,[호텔스파권증정/1등 화잘먹 물먹세럼] 에스네이처 아쿠아 스쿠알란 세럼 50ml 기획 (+수분크림 10ml),에스네이처,,아쿠아 스쿠알란 세럼
ol:A000000214675,oliveyoung,A000000214675,[EGF최대함량/1등진정앰플] 클레어스 블루 유스 액티베이팅 드롭 50ml,디어클레어스,,클레어스 블루 유스 액티베이팅 드롭
ol:A000000214675,oliveyoung,A000000255701,[코난 콜라보/진정1등] 클레어스 블루 유스 액티베이팅 드롭 50ml 한정기획 (+명탐정 코난 키링 랜덤 증정),디어클레어스,,클레어스 블루 유스 액티베이팅 드롭
ol:A000000214675,glowpick,92941,미드나잇블루 유스 액티베이팅 드롭,디어클레어스,20ml,미드나잇블루 유스 액티베이팅 드롭
ol:A000000223731,glowpick,122964,글림 커버리지 쿠션 [SPF50+/PA+++],블랑디바,13g,글림 커버리지 쿠션
ol:A000000223731,oliveyoung,A000000223731,[홍주 PICK/리뉴얼] 블랑디바 글림 커버리지 쿠션 12g 4colors (본품+리필),블랑디바,,글림 커버리지 쿠션
ol:A000000197901,glowpick,131689,두피강화 클리닉 샴푸 탈모증상완화,라보에이치,400ml,두피강화 클리닉 샴푸 탈모증상완화
ol:A000000197901,oliveyoung,A000000197901,[올영단독/대용량] 라보에이치 두피강화샴푸 탈모증상완화 750ML 리필 기획(+600ML 리필),라보에이치,,두피강화샴푸 탈모증상완화
ol:A000000222837,glowpick,139838,아토베리어 365 하이드로 에센스,에스트라,200ml,아토베리어 365 하이드로 에센스
ol:A000000222837,oliveyoung,A000000222837,에스트라 아토베리어365 하이드로에센스 200ml (+크림 10ml+앰플 10ml),에스트라,,아토베리어 365 하이드로에센스
ol:A000000206826,oliveyoung,A000000206826,[50%용량증정] 에스트라 더마UV365 장벽수분 무기자차 선크림 40ml+20ml,에스트라,,더마uv 벽수분 무기자차 선크림
ol:A000000206826,glowpick,163778,더마UV365 장벽수분 무기자차 선크림 [SPF50+/PA++++],에스트라,40ml,더마uv 벽수분 무기자차 선크림
ol:A000000206826,oliveyoung,A000000181078,에스트라 더마UV365 장벽수분 무기자차 선크림 40ml,에스트라,,더마uv 벽수분 무기자차 선크림
ol:A000000197490,glowpick,169826,꾸뛰르 립틴트 글레이즈,에스쁘아,4g,꾸뛰르 립틴트 글레이즈
ol:A000000197490,oliveyoung,A000000197490,[재출시요청/대란템] 에스쁘아 꾸뛰르 립틴트 글레이즈 21 colors,에스쁘아,,꾸뛰르 립틴트 글레이즈
ol:A000000242720,glowpick,164769,프로폴리스 에너지 액티브 앰플,CNP,35ml,프로폴리스 에너지 액티브 앰플
ol:A000000242720,oliveyoung,A000000242720,[보습광채/화잘먹앰플] 차앤박 프로폴리스 에너지 액티브 앰플 30ml 2입 기획 (+15ml),차앤박,,프로폴리스 에너지 액티브 앰플
ol:A000000148408,glowpick,141493,아크네 폼 클렌저 어성초 폼,아비브,150ml,아크네 클렌징폼 어성초 폼
ol:A000000148408,oliveyoung,A000000148408,[약산성저자극] 아비브 아크네 폼 클렌저 어성초 폼 대용량 250ml,아비브,,아크네 클렌징폼 어성초 폼
ol:A000000180532,oliveyoung,A000000180532,[NEW/올영 1등 아이팔레트] 웨이크메이크 소프트 블러링 아이팔레트(단품),웨이크메이크,,소프트 블러링 아이팔레트
ol:A000000180532,glowpick,163314,소프트 블러링 아이팔레트,웨이크메이크,14g,소프트 블러링 아이팔레트
ol:A000000142976,glowpick,18721,데일리 모이스처 바디 로션,더마비,400ml,데일리 모이스처 바디 로션
ol:A000000142976,oliveyoung,A000000142976,[5초흡수/100시간보습] 더마비 데일리 모이스처 바디로션 500ml 단품/기획 택1,더마비,,데일리 모이스처 바디로션
ol:A000000142976,oliveyoung,A000000180414,[단독/대용량] 더마비 데일리 모이스처 바디로션 860ml,더마비,,데일리 모이스처 바디로션
ol:A000000199701,oliveyoung,A000000199701,[카디비PICK|탄력보습] 바이오힐보 프로바이오덤 3D리프팅 크림 50ml [단품/기획],바이오힐보,,프로바이오덤 3d리프팅 크림
ol:A000000199701,glowpick,169625,프로바이오덤™ 3D 리프팅 크림,바이오힐 보,50ml,프로바이오덤 3d 리프팅 크림
ol:A000000210303,daisomall,1061004,[손상모발]헤어플러스 단백질 본드 워터 에센스 플라워 가든 100 ml,헤어플러스,,단백질 본드 워터 에센스 플라워 가든
ol:A000000210303,oliveyoung,A000000210303,[1등][손상모 케어] 헤어플러스 단백질 본드 워터에센스 200ml+50ml 기획,헤어플러스,,단백질 본드 워터에센스
ol:A000000148390,oliveyoung,A000000148390,[NEW두유코어] 롬앤 베러 댄 팔레트,롬앤,,베러 댄 팔레트
ol:A000000148390,glowpick,145267,베러 댄 팔레트,롬앤,7.5g,베러 댄 팔레트
ol:A000000251992,glowpick,97427,모이스춰라이징 로션,세타필,473ml,모이스춰라이징 로션
ol:A000000251992,oliveyoung,A000000251992,[29ml 증정] 세타필 모이스춰라이징 로션 473ml(단품/기획),세타필,,모이스춰라이징 로션
ol:A000000227070,oliveyoung,A000000227070,유이크 바이옴 레미디 톤업 선크림 보라 50ml+20ml (기획/단품),유이크,,바이옴 레미디 톤업 선크림 보라
ol:A000000227070,glowpick,172384,바이옴 레미디 톤업 선크림 보라 [SPF50+/PA++++],유이크,50ml,바이옴 레미디 톤업 선크림 보라
ol:A000000219553,glowpick,149393,맑은 어성초 진정 수분 선크림 [SPF50+/PA++++],구달,50ml,맑은 어성초 진정 수분 선크림
ol:A000000219553,oliveyoung,A000000219553,[1등 선크림/화잘먹] 구달 맑은 어성초 진정 수분 선크림 50ml 1+1 기획,구달,,맑은 어성초 진정 수분 선크림
ol:A000000141867,oliveyoung,A000000141867,[고밀착/수분진정] 라운드랩 1025 독도 수분 워터겔 마스크 1매,라운드랩,,1025 독도 수분 워터겔 마스크
ol:A000000141867,oliveyoung,A000000144859,[고밀착/수분진정] 라운드랩 1025 독도 수분 워터겔 마스크 10매,라운드랩,,1025 독도 수분 워터겔 마스크
ol:A000000141867,glowpick,139620,1025 독도 수분 워터겔 마스크,라운드랩,30ml,1025 독도 수분 워터겔 마스크
ol:A000000149577,glowpick,146858,티트리 임팩트인 밸런싱 마스크,메디힐,24ml,티트리 임팩트인 밸런싱 마스크
ol:A000000149577,oliveyoung,A000000149577,메디힐 티트리 임팩트인 밸런싱 마스크 10매,메디힐,,티트리 임팩트인 밸런싱 마스크
ol:A000000261630,glowpick,190368,누 글로우 화이트 쿠션 [SPF40/PA+++],힌스,12g,누 글로우 화이트 쿠션
ol:A000000261630,oliveyoung,A000000261630,[NEW] 힌스 누 글로우 화이트 쿠션 5 Colors 기획 (본품+리필),힌스,,누 글로우 화이트 쿠션
ol:A000000151904,glowpick,146765,워터프루프 선크림 [SPF50+/PA++++],식물나라,100ml,워터프루프 선크림
ol:A000000151904,oliveyoung,A000000151904,[황윤제PICK]식물나라 워터프루프 선 크림 100mL,식물나라,,워터프루프 선크림
ol:A000000213972,glowpick,146162,블레미쉬 효소 파우더 클렌저,파파레서피,50g,블레미쉬 효소 파우더 클렌저
ol:A000000213972,oliveyoung,A000000213972,[온라인 단독] 파파레서피 블레미쉬 효소 파우더 클렌저 50g 더블기획 (+브러쉬+블레미쉬 크림 7ml),파파레서피,,블레미쉬 효소 파우더 클렌저
ol:A000000200725,oliveyoung,A000000200725,[손상/장벽 리페어] 아벤느 시칼파트 플러스 SOS 리페어 크림 100ml 기획 (+40ml),아벤느,,시칼파트 플러스 sos 리페어 크림
ol:A000000200725,glowpick,131409,시칼파트 플러스 S.O.S 크림,아벤느,40ml,시칼파트 플러스 s o s 크림
ol:A000000200725,oliveyoung,A000000184198,[손상/장벽 리페어] 아벤느 시칼파트 플러스 SOS 리페어 크림 100ml 2입 기획,아벤느,,시칼파트 플러스 sos 리페어 크림
ol:A000000200635,oliveyoung,A000000200635,[8월올영픽/쿨링수분] 닥터지 레드 블레미쉬 수딩 업 선 50ml 기획 2종 (50+50+10/50+50) (선크림),닥터지,,레드 블레미쉬 수딩 업 선
ol:A000000200635,glowpick,155434,레드 블레미쉬 수딩 업 선 [SPF50+/PA++++],닥터지,50ml,레드 블레미쉬 수딩 업 선
ol:A000000219556,oliveyoung,A000000219556,[핑크톤업] 구달 맑은 어성초 진정 수분 톤업 선크림 50ml 1+1 기획,구달,,맑은 어성초 진정 수분 톤업 선크림
ol:A000000219556,glowpick,171353,맑은 어성초 진정 수분 톤업 선크림 [SPF50+/PA++++],구달,50ml,맑은 어성초 진정 수분 톤업 선크림
ol:A000000258293,oliveyoung,A000000258293,[NEW] 토리든 다이브인 저분자 히알루론산 토너 300ml 기획 (+100ml),토리든,,다이브인 저분자 히알루론산 토너
ol:A000000258293,hwahae,1890897,다이브인 저분자 히알루론산 토너,토리든,300 ml / 10.14 fl. oz.,다이브인 저분자 히알루론산 토너
ol:A000000238828,glowpick,167660,페탈 드롭 리퀴드 블러쉬,디어달리아,4g,페탈 드롭 리퀴드 블러쉬
ol:A000000238828,oliveyoung,A000000238828,[1등블러쉬/수채화블러셔] 페탈 드롭 리퀴드 블러쉬 (+기획/본품),디어달리아,,페탈 드롭 리퀴드 블러쉬
ol:A000000176460,oliveyoung,A000000176460,[온라인단독/대용량]헤어플러스 단백질 본드 샴푸 1000ml,헤어플러스,,단백질 본드 샴푸
ol:A000000176460,daisomall,1061001,[손상모발]헤어플러스 단백질 본드 샴푸 플라워 가든 300 ml,헤어플러스,,단백질 본드 샴푸 플라워 가든
ol:A000000256802,oliveyoung,A000000256802,[8월올영픽/속수분크림] 웰라쥬 리얼 히알루로닉 수딩 크림 80ml 기획(+20ml),웰라쥬,,리얼 히알루로닉 수딩 크림
ol:A000000256802,hwahae,2177164,리얼 히알루로닉 수딩 크림,웰라쥬,80ml,리얼 히알루로닉 수딩 크림
ol:A000000217511,glowpick,160925,머그트리 비건 팩클렌저,휩드,80g,머그트리 비건 팩클렌저
ol:A000000217511,oliveyoung,A000000217511,[클렌징밤 본품 절반 증정]  휩드 비건 팩클렌저 130g 기획 4종 (피치페어/머그트리/무화버터/유자몽),휩드,,비건 팩클렌저
ol:A000000149135,glowpick,145414,자작나무 수분 선크림 [SPF50+/PA++++],라운드랩,50ml,자작나무 수분 선크림
ol:A000000149135,oliveyoung,A000000149135,[1등썬] 라운드랩 자작나무 수분 선크림 50ml 기획(+크림 20ml),라운드랩,,자작나무 수분 선크림
ol:A000000149135,oliveyoung,A000000171650,[더블/4년연속1등] 라운드랩 자작나무 수분 선크림 50ml 더블 기획,라운드랩,,자작나무 수분 선크림
da:1045831,daisomall,1045831,린제이 모델링 마스크 팩 28g 쿨 티트리,린제이,,모델링 마스크 쿨 티트리
da:1045831,hwahae,1880696,모델링마스크 컵팩 [쿨티트리],린제이,28g,모델링마스크 컵팩 쿨티트리
ol:A000000260522,oliveyoung,A000000260522,[8월올영픽/2천만돌파]비플레인 녹두 약산성 클렌징폼 160ml 더블 기획,비플레인,,녹두 약산성 클렌징폼
ol:A000000260522,glowpick,124509,녹두 약산성 클렌징폼,비플레인,80ml,녹두 약산성 클렌징폼
ol:A000000260522,oliveyoung,A000000187479,[말끔모공/국민클폼]비플레인 녹두 약산성 클렌징폼기획 160ml+40ml 기획,비플레인,,녹두 약산성 클렌징폼
ol:A000000260522,hwahae,1918760,녹두 약산성 클렌징폼,비플레인,80ml,녹두 약산성 클렌징폼
ol:A000000260522,oliveyoung,A000000142520,비플레인 녹두 약산성 클렌징폼 80ml,비플레인,,녹두 약산성 클렌징폼
ol:A000000232304,oliveyoung,A000000232304,[대용량] 파티온 노스카나인 트러블 크림 75ml 기획(+5ml),파티온,,노스카나인 트러블 크림
ol:A000000232304,glowpick,161263,노스카나인 트러블 크림,파티온,45ml,노스카나인 트러블 크림
ol:A000000232304,oliveyoung,A000000219716,[단독기획/5겹장벽크림] 파티온 노스카나인 트러블 크림 45ml 기획(+5ml+세럼 5ml),파티온,,노스카나인 트러블 크림
ol:A000000216895,glowpick,175474,맑은쌀선크림 아쿠아 프레쉬 [SPF50+/PA++++],조선미녀,50ml,맑은쌀선크림 아쿠아 프레쉬
ol:A000000216895,oliveyoung,A000000216895,[쿨링진정/쌀알춘식이스트레스볼] 조선미녀 맑은쌀 선크림 아쿠아프레쉬 50ml 2입 기획,조선미녀,,맑은쌀 선크림 아쿠아프레쉬
ol:A000000263017,oliveyoung,A000000263017,라로슈포제 시카플라스트 밤 B5+ 200ml 기획 (+1.5ml+시카토너 50ml+히알루세럼 1.5ml),라로슈포제,,시카플라스트 밤 b5
ol:A000000263017,glowpick,159828,시카플라스트 밤 B5+,라로슈포제,100ml,시카플라스트 밤 b5
ol:A000000263017,oliveyoung,A000000206904,[손상장벽집중케어] 라로슈포제 시카플라스트 밤 B5+ 100ml 기획 (+3ml 추가증정),라로슈포제,,시카플라스트 밤 b5
ol:A000000204615,glowpick,168629,퍼펙팅 쿠션 에어리 [SPF50+/PA++++],설화수,15g*2,퍼펙팅 쿠션 에어리
ol:A000000204615,oliveyoung,A000000204615,설화수 퍼펙팅/에어리/ 쿠션 기획 (본품 15g+리필 15g)/단품/리필,설화수,,퍼펙팅 에어리 쿠션
ol:A000000156230,oliveyoung,A000000156230,[호텔스파권증정/1등 모공수분천재크림] 에스네이처 아쿠아 스쿠알란 수분크림 60ml 기획(60ml+30ml),에스네이처,,아쿠아 스쿠알란 수분 크림
ol:A000000156230,hwahae,1889139,아쿠아 스쿠알란 수분크림,에스네이처,60ml,아쿠아 스쿠알란 수분 크림
ol:A000000156230,glowpick,87348,아쿠아 스쿠알란 수분크림,에스네이처,60ml,아쿠아 스쿠알란 수분 크림
ol:A000000258295,oliveyoung,A000000258295,[NEW/단독기획] 토리든 다이브인 저분자 히알루론산 수딩 크림 100ml (+20ml),토리든,,다이브인 저분자 히알루론산 수딩 크림
ol:A000000258295,glowpick,148073,다이브인 저분자 히알루론산 수딩 크림,토리든,100ml,다이브인 저분자 히알루론산 수딩 크림
ol:A000000137180,oliveyoung,A000000137180,[대용량/1등토너] 라운드랩 1025 독도 토너 500ml 기획 (+100ml),라운드랩,,1025 독도 토너
ol:A000000137180,hwahae,1779219,1025 독도 토너,라운드랩,200ml,1025 독도 토너
ol:A000000232913,glowpick,162105,화산송이 바하 모공 클렌징 폼,이니스프리,150g,화산송이 바하 모공 클렌징폼
ol:A000000232913,oliveyoung,A000000232913,[4950만개/1+1] 이니스프리 화산송이 바하 모공 클렌징폼 130g 더블 기획,이니스프리,,화산송이 바하 모공 클렌징폼
ol:A000000232913,oliveyoung,A000000190589,[4950만판매] 이니스프리 화산송이 바하 모공 클렌징폼 150g,이니스프리,,화산송이 바하 모공 클렌징폼
ol:A000000113670,glowpick,90840,세이프 미 릴리프 모이스처 클렌징 폼,메이크프렘,150ml,세이프 미 릴리프 모이스처 클렌징폼
ol:A000000113670,oliveyoung,A000000113670,[박지훈PICK] 메이크프렘 세이프 미 릴리프 모이스처 클렌징폼 150ml 1+1 기획,메이크프렘,,세이프 미 릴리프 모이스처 클렌징폼
ol:A000000213171,hwahae,1950255,아쿠아 오아시스 토너,에스네이처,210ml,아쿠아 오아시스 토너
ol:A000000213171,oliveyoung,A000000213171,[호텔스파권증정/속촉촉 진정토너] 에스네이처 아쿠아 오아시스 토너 300ml 기획 (+젤크림 30ml),에스네이처,,아쿠아 오아시스 토너
ol:A000000249211,glowpick,25266,익스트림 크림,리얼베리어,50ml,익스트림 크림
ol:A000000249211,oliveyoung,A000000249211,[조슈아PICK/1+1] 리얼베리어 익스트림 크림 70ml 1+1 기획,리얼베리어,,익스트림 크림
ol:A000000180158,glowpick,133189,브라이트닝 업 선 플러스 [SPF50+/PA+++],닥터지,50ml,브라이트닝 업 선 플러스
ol:A000000180158,oliveyoung,A000000180158,[8월올영픽/보송톤업] 닥터지 브라이트닝 업 선 플러스 50ml 기획 2종 (50+20/50+50+10) (선크림),닥터지,,브라이트닝 업 선 플러스
ol:A000000255585,hwahae,1890624,캐롯 카로틴 카밍 워터 패드,스킨푸드,250g (60매),캐롯 카로틴 카밍 워터 패드
ol:A000000255585,oliveyoung,A000000255585,[1+1/한정기획] 스킨푸드 캐롯 카로틴 카밍 워터 패드 60매 더블기획 (+PDRN 패드 2매*3),스킨푸드,,캐롯 카로틴 카밍 워터 패드
ol:A000000184060,glowpick,164753,레티놀 슈퍼 바운스 세럼,아이오페,30ml,레티놀 슈퍼 바운스 세럼
ol:A000000184060,oliveyoung,A000000184060,[1등레티놀] 아이오페 레티놀 슈퍼 바운스 세럼 30ml 기획 (+세럼 10ml+바이오에센스48ml),아이오페,,레티놀 슈퍼 바운스 세럼
ol:A000000191160,oliveyoung,A000000191160,일리윤 울트라 리페어 로션 600ML(올영 단독용량),일리윤,,울트라 리페어 로션
ol:A000000191160,glowpick,98022,울트라 리페어 로션,일리윤,350ml,울트라 리페어 로션
ol:A000000162121,oliveyoung,A000000162121,"[2025 어워즈] 좋은느낌 오리지널 입는오버나이트 (S/M/L, 대용량)",좋은느낌,,오리지널 입는오버나이트
ol:A000000162121,daisomall,1033481,좋은느낌 입는 오버나이트 L 2매,,,입는 오버나이트 l
ol:A000000184352,glowpick,164747,청초 진정맑은 물막선크림 [1번] [SPF50+/PA++++],넘버즈인,50ml,청초 진정맑은 물막선크림 1번
ol:A000000184352,oliveyoung,A000000184352,[8월올영픽/-4도쿨링] 넘버즈인 1번 청초 진정맑은 물막선크림 듀오 기획 (SPF50+PA++++),넘버즈인,,1번 청초 진정맑은 물막선크림
ol:A000000139063,oliveyoung,A000000139063,[윤광쿠션] 정샘물 에센셜 스킨 누더 쿠션/본품+리필,정샘물,,에센셜 스킨 누더 쿠션
ol:A000000139063,glowpick,54053,에센셜 스킨 누더 쿠션 [SPF50+/PA+++],정샘물,14g*2,에센셜 스킨 누더 쿠션
