category,need_key,scope,neg,pos,unresolved,products_neg,months_neg,low_reviews_mentioning,low_share,population_share_pct,cat_low_total,cat_site_total
BB/CC,기타불만,generic,8,1,0.89,1/1,8,9,0.209,0.161,43,5583
BB/CC,끈적유분,generic,6,0,1.0,1/1,5,5,0.116,0.09,43,5583
BB/CC,트러블,generic,4,1,0.8,1/1,4,5,0.116,0.09,43,5583
BB/CC,자극따가움,generic,4,1,0.8,1/1,3,5,0.116,0.09,43,5583
BB/CC,밀림들뜸,generic,4,0,1.0,1/1,4,3,0.07,0.054,43,5583
BB/CC,효과없음,generic,2,46,0.04,1/1,2,11,0.256,0.197,43,5583
BB/CC,색상발색,generic,1,1,0.5,1/1,1,5,0.116,0.09,43,5583
BB/CC,건조,generic,1,1,0.5,1/1,1,1,0.023,0.018,43,5583
BB/CC,향냄새,generic,1,3,0.25,1/1,1,1,0.023,0.018,43,5583
BB/CC,지속력,generic,0,4,0.0,0/1,0,2,0.047,0.036,43,5583
BB/CC,배송포장,generic,0,4,0.0,0/1,0,4,0.093,0.072,43,5583
BB/CC,제형발림,generic,0,4,0.0,0/1,0,2,0.047,0.036,43,5583
BB/CC,용량가격,generic,0,1,0.0,0/1,0,1,0.023,0.018,43,5583
립틴트,기타불만,generic,62,3,0.95,1/1,4,0,,,0,0
립틴트,입술각질,specific,36,7,0.84,1/1,4,0,,,0,0
립틴트,끈적유분,generic,16,1,0.94,1/1,3,0,,,0,0
립틴트,밀림들뜸,generic,13,3,0.81,1/1,3,0,,,0,0
립틴트,지속력,generic,10,59,0.14,1/1,3,0,,,0,0
립틴트,건조,generic,8,3,0.73,1/1,4,0,,,0,0
립틴트,자극따가움,generic,7,1,0.88,1/1,3,0,,,0,0
립틴트,색상발색,generic,5,40,0.11,1/1,2,0,,,0,0
립틴트,제형발림,generic,5,19,0.21,1/1,2,0,,,0,0
립틴트,배송포장,generic,4,11,0.27,1/1,2,0,,,0,0
립틴트,향냄새,generic,2,0,1.0,1/1,2,0,,,0,0
립틴트,트러블,generic,2,0,1.0,1/1,2,0,,,0,0
립틴트,용기펌프,generic,1,1,0.5,1/1,1,0,,,0,0
립틴트,용량가격,generic,0,5,0.0,0/1,0,0,,,0,0
립틴트,효과없음,generic,0,1,0.0,0/1,0,0,,,0,0
샴푸,세정력거품,specific,40,47,0.46,1/1,11,50,0.41,0.843,122,5930
샴푸,트러블,generic,30,1,0.97,1/1,13,23,0.189,0.388,122,5930
샴푸,향냄새,generic,28,13,0.68,1/1,11,13,0.107,0.219,122,5930
샴푸,자극따가움,generic,23,6,0.79,1/1,10,16,0.131,0.27,122,5930
샴푸,끈적유분,generic,17,2,0.89,1/1,8,10,0.082,0.169,122,5930
샴푸,기타불만,generic,15,2,0.88,1/1,10,14,0.115,0.236,122,5930
샴푸,모발손상,specific,14,5,0.74,1/1,9,11,0.09,0.185,122,5930
샴푸,배송포장,generic,7,5,0.58,1/1,4,13,0.107,0.219,122,5930
샴푸,탈모비듬,specific,4,15,0.21,1/1,4,9,0.074,0.152,122,5930
샴푸,효과없음,generic,4,6,0.4,1/1,4,8,0.066,0.135,122,5930
샴푸,용기펌프,generic,3,3,0.5,1/1,3,4,0.033,0.067,122,5930
샴푸,건조,generic,3,0,1.0,1/1,3,2,0.016,0.034,122,5930
샴푸,리뉴얼변질,generic,2,0,1.0,1/1,1,3,0.025,0.051,122,5930
샴푸,용량가격,generic,2,6,0.25,1/1,1,6,0.049,0.101,122,5930
샴푸,밀림들뜸,generic,1,0,1.0,1/1,1,1,0.008,0.017,122,5930
샴푸,제형발림,generic,0,2,0.0,0/1,0,2,0.016,0.034,122,5930
샴푸,지속력,generic,0,2,0.0,0/1,0,1,0.008,0.017,122,5930
선블록,끈적유분,generic,85,128,0.4,3/3,15,23,0.1,0.097,231,23696
선블록,자극따가움,generic,81,17,0.83,3/3,29,53,0.229,0.224,231,23696
선블록,트러블,generic,81,29,0.74,3/3,23,59,0.255,0.249,231,23696
선블록,밀림들뜸,generic,71,53,0.57,3/3,19,39,0.169,0.165,231,23696
선블록,색상어두움,specific,52,7,0.88,1/3,7,37,0.16,0.156,231,23696
선블록,기타불만,generic,36,2,0.95,3/3,13,32,0.139,0.135,231,23696
선블록,건조,generic,33,20,0.62,3/3,14,15,0.065,0.063,231,23696
선블록,백탁,specific,26,117,0.18,3/3,8,20,0.087,0.084,231,23696
선블록,눈시림,generic,23,45,0.34,3/3,14,17,0.074,0.072,231,23696
선블록,향냄새,generic,10,16,0.38,3/3,4,4,0.017,0.017,231,23696
선블록,배송포장,generic,5,7,0.42,2/3,4,8,0.035,0.034,231,23696
선블록,효과없음,generic,5,45,0.1,2/3,4,23,0.1,0.097,231,23696
선블록,지속력,generic,5,21,0.19,1/3,4,13,0.056,0.055,231,23696
선블록,제형발림,generic,4,155,0.03,2/3,2,34,0.147,0.143,231,23696
선블록,색상발색,generic,4,24,0.14,1/3,3,21,0.091,0.089,231,23696
선블록,용량가격,generic,3,11,0.21,1/3,2,2,0.009,0.008,231,23696
선블록,용기펌프,generic,2,12,0.14,2/3,2,2,0.009,0.008,231,23696
스킨/토너,자극따가움,generic,73,14,0.84,1/1,20,38,0.409,0.67,93,5674
스킨/토너,효과없음,generic,40,35,0.53,1/1,11,30,0.323,0.529,93,5674
스킨/토너,트러블,generic,18,4,0.82,1/1,13,9,0.097,0.159,93,5674
스킨/토너,끈적유분,generic,12,7,0.63,1/1,8,7,0.075,0.123,93,5674
스킨/토너,밀림들뜸,generic,10,0,1.0,1/1,3,2,0.022,0.035,93,5674
스킨/토너,건조,generic,9,3,0.75,1/1,3,1,0.011,0.018,93,5674
스킨/토너,향냄새,generic,7,1,0.88,1/1,6,4,0.043,0.07,93,5674
스킨/토너,기타불만,generic,6,2,0.75,1/1,5,7,0.075,0.123,93,5674
스킨/토너,배송포장,generic,2,1,0.67,1/1,2,4,0.043,0.07,93,5674
스킨/토너,용기펌프,generic,1,4,0.2,1/1,1,2,0.022,0.035,93,5674
스킨/토너,용량가격,generic,0,13,0.0,0/1,0,1,0.011,0.018,93,5674
스킨/토너,지속력,generic,0,3,0.0,0/1,0,3,0.032,0.053,93,5674
스킨/토너,제형발림,generic,0,7,0.0,0/1,0,0,0.0,0.0,93,5674
스킨케어기기,기기작동,specific,4,0,1.0,1/1,1,0,,0.0,0,12
스킨케어기기,트러블,generic,1,0,1.0,1/1,1,0,,0.0,0,12
스킨케어기기,끈적유분,generic,1,0,1.0,1/1,1,0,,0.0,0,12
스킨케어기기,제형발림,generic,1,2,0.33,1/1,1,0,,0.0,0,12
스킨케어기기,건조,generic,1,1,0.5,1/1,1,0,,0.0,0,12
스킨케어기기,지속력,generic,0,1,0.0,0/1,0,0,,0.0,0,12
스킨케어기기,용량가격,generic,0,5,0.0,0/1,0,0,,0.0,0,12
스킨케어기기,효과없음,generic,0,1,0.0,0/1,0,0,,0.0,0,12
스킨케어기기,용기펌프,generic,0,1,0.0,0/1,0,0,,0.0,0,12
시트팩,트러블,generic,105,27,0.8,3/3,8,7,0.212,0.132,33,5313
시트팩,자극따가움,generic,73,16,0.82,3/3,7,3,0.091,0.056,33,5313
시트팩,건조,generic,70,54,0.56,3/3,5,3,0.091,0.056,33,5313
시트팩,끈적유분,generic,44,40,0.52,3/3,4,2,0.061,0.038,33,5313
시트팩,효과없음,generic,29,181,0.14,3/3,5,10,0.303,0.188,33,5313
시트팩,기타불만,generic,24,3,0.89,3/3,4,1,0.03,0.019,33,5313
시트팩,시트물성,specific,20,134,0.13,2/3,3,10,0.303,0.188,33,5313
시트팩,배송포장,generic,19,13,0.59,3/3,6,3,0.091,0.056,33,5313
시트팩,향냄새,generic,17,6,0.74,3/3,5,3,0.091,0.056,33,5313
시트팩,밀림들뜸,generic,9,9,0.5,3/3,5,2,0.061,0.038,33,5313
시트팩,용량가격,generic,6,168,0.03,3/3,2,1,0.03,0.019,33,5313
시트팩,눈시림,generic,4,0,1.0,2/3,2,0,0.0,0.0,33,5313
시트팩,용기펌프,generic,1,4,0.2,1/3,1,0,0.0,0.0,33,5313
시트팩,지속력,generic,1,46,0.02,1/3,1,1,0.03,0.019,33,5313
시트팩,제형발림,generic,0,61,0.0,0/3,0,2,0.061,0.038,33,5313
시트팩,리뉴얼변질,generic,0,3,0.0,0/3,0,0,0.0,0.0,33,5313
시트팩,색상발색,generic,0,3,0.0,0/3,0,0,0.0,0.0,33,5313
에센스,트러블,generic,265,60,0.82,5/5,23,39,0.345,0.315,113,12396
에센스,건조,generic,116,33,0.78,5/5,14,15,0.133,0.121,113,12396
에센스,끈적유분,generic,114,117,0.49,5/5,17,18,0.159,0.145,113,12396
에센스,향냄새,generic,69,18,0.79,5/5,15,1,0.009,0.008,113,12396
에센스,기타불만,generic,66,7,0.9,5/5,22,21,0.186,0.169,113,12396
에센스,자극따가움,generic,62,19,0.77,5/5,21,8,0.071,0.065,113,12396
에센스,효과없음,generic,54,126,0.3,5/5,18,16,0.142,0.129,113,12396
에센스,용기펌프,generic,11,17,0.39,3/5,8,6,0.053,0.048,113,12396
에센스,밀림들뜸,generic,11,20,0.35,5/5,8,1,0.009,0.008,113,12396
에센스,배송포장,generic,10,21,0.32,4/5,8,0,0.0,0.0,113,12396
에센스,리뉴얼변질,generic,9,19,0.32,1/5,3,24,0.212,0.194,113,12396
에센스,용량가격,generic,7,60,0.1,4/5,6,6,0.053,0.048,113,12396
에센스,눈시림,generic,7,1,0.88,1/5,4,0,0.0,0.0,113,12396
에센스,제형발림,generic,4,92,0.04,3/5,2,13,0.115,0.105,113,12396
에센스,지속력,generic,2,22,0.08,2/5,1,1,0.009,0.008,113,12396
에센스,색상발색,generic,1,2,0.33,1/5,1,0,0.0,0.0,113,12396
염모제,모발손상,specific,25,22,0.53,1/1,9,0,,,0,0
염모제,기타불만,generic,18,2,0.9,1/1,7,0,,,0,0
염모제,향냄새,generic,15,8,0.65,1/1,7,0,,,0,0
염모제,지속력,generic,11,16,0.41,1/1,2,0,,,0,0
염모제,자극따가움,generic,8,4,0.67,1/1,4,0,,,0,0
염모제,염색결과,specific,6,45,0.12,1/1,4,0,,,0,0
염모제,용기펌프,generic,6,0,1.0,1/1,3,0,,,0,0
염모제,색상발색,generic,6,12,0.33,1/1,3,0,,,0,0
염모제,두피자극,specific,5,2,0.71,1/1,4,0,,,0,0
염모제,배송포장,generic,5,1,0.83,1/1,4,0,,,0,0
염모제,트러블,generic,1,2,0.33,1/1,1,0,,,0,0
염모제,건조,generic,1,0,1.0,1/1,1,0,,,0,0
염모제,용량가격,generic,1,7,0.12,1/1,1,0,,,0,0
염모제,밀림들뜸,generic,1,0,1.0,1/1,1,0,,,0,0
염모제,효과없음,generic,0,1,0.0,0/1,0,0,,,0,0
염모제,제형발림,generic,0,5,0.0,0/1,0,0,,,0,0
올인원,자극따가움,generic,58,27,0.68,1/1,9,1,0.125,0.016,8,6206
올인원,트러블,generic,12,4,0.75,1/1,6,1,0.125,0.016,8,6206
올인원,끈적유분,generic,9,21,0.3,1/1,4,0,0.0,0.0,8,6206
올인원,건조,generic,8,1,0.89,1/1,5,0,0.0,0.0,8,6206
올인원,향냄새,generic,7,6,0.54,1/1,5,0,0.0,0.0,8,6206
올인원,효과없음,generic,5,17,0.23,1/1,3,2,0.25,0.032,8,6206
올인원,용기펌프,generic,4,10,0.29,1/1,2,3,0.375,0.048,8,6206
올인원,배송포장,generic,3,4,0.43,1/1,3,2,0.25,0.032,8,6206
올인원,용량가격,generic,0,10,0.0,0/1,0,0,0.0,0.0,8,6206
올인원,제형발림,generic,0,14,0.0,0/1,0,0,0.0,0.0,8,6206
올인원,지속력,generic,0,1,0.0,0/1,0,0,0.0,0.0,8,6206
올인원,기타불만,generic,0,1,0.0,0/1,0,0,0.0,0.0,8,6206
쿠션,기타불만,generic,132,11,0.92,3/3,20,40,0.4,1.128,100,3546
쿠션,밀림들뜸,generic,100,30,0.77,3/3,15,60,0.6,1.692,100,3546
쿠션,트러블,generic,68,14,0.83,3/3,18,3,0.03,0.085,100,3546
쿠션,건조,generic,62,24,0.72,3/3,16,16,0.16,0.451,100,3546
쿠션,끈적유분,generic,57,21,0.73,3/3,18,4,0.04,0.113,100,3546
쿠션,자극따가움,generic,35,4,0.9,3/3,12,3,0.03,0.085,100,3546
쿠션,색상발색,generic,31,62,0.33,3/3,15,6,0.06,0.169,100,3546
쿠션,배송포장,generic,19,10,0.66,2/3,9,1,0.01,0.028,100,3546
쿠션,지속력,generic,13,72,0.15,3/3,7,18,0.18,0.508,100,3546
쿠션,향냄새,generic,13,2,0.87,3/3,6,2,0.02,0.056,100,3546
쿠션,용량가격,generic,4,18,0.18,2/3,3,0,0.0,0.0,100,3546
쿠션,용기펌프,generic,3,9,0.25,2/3,2,4,0.04,0.113,100,3546
쿠션,제형발림,generic,2,45,0.04,1/3,2,12,0.12,0.338,100,3546
쿠션,효과없음,generic,2,96,0.02,2/3,2,8,0.08,0.226,100,3546
쿠션,눈시림,generic,2,0,1.0,2/3,2,0,0.0,0.0,100,3546
쿠션,리뉴얼변질,generic,1,0,1.0,1/3,1,0,0.0,0.0,100,3546
쿠션,커버력,specific,0,2,0.0,0/3,0,1,0.01,0.028,100,3546
크림,트러블,generic,173,35,0.83,3/3,23,53,0.424,0.587,125,9028
크림,건조,generic,79,18,0.81,3/3,20,42,0.336,0.465,125,9028
크림,끈적유분,generic,63,48,0.57,3/3,12,8,0.064,0.089,125,9028
크림,자극따가움,generic,46,30,0.61,3/3,14,16,0.128,0.177,125,9028
크림,기타불만,generic,37,5,0.88,3/3,18,20,0.16,0.222,125,9028
크림,눈시림,specific,17,3,0.85,2/3,8,1,0.008,0.011,125,9028
크림,밀림들뜸,generic,7,3,0.7,2/3,6,5,0.04,0.055,125,9028
크림,배송포장,generic,6,7,0.46,1/3,6,1,0.008,0.011,125,9028
크림,용기펌프,generic,6,1,0.86,2/3,5,1,0.008,0.011,125,9028
크림,향냄새,generic,5,6,0.45,2/3,4,2,0.016,0.022,125,9028
크림,효과없음,generic,4,52,0.07,3/3,3,7,0.056,0.078,125,9028
크림,용량가격,generic,3,21,0.12,2/3,3,3,0.024,0.033,125,9028
크림,리뉴얼변질,generic,3,1,0.75,2/3,3,0,0.0,0.0,125,9028
크림,색상발색,generic,1,1,0.5,1/3,1,0,0.0,0.0,125,9028
크림,지속력,generic,0,5,0.0,0/3,0,2,0.016,0.022,125,9028
크림,제형발림,generic,0,23,0.0,0/3,0,4,0.032,0.044,125,9028
클렌징밀크,건조,generic,18,33,0.35,1/1,1,0,,0.0,0,162
클렌징밀크,트러블,generic,14,7,0.67,1/1,1,0,,0.0,0,162
클렌징밀크,향냄새,generic,13,5,0.72,1/1,1,0,,0.0,0,162
클렌징밀크,세정력거품,specific,10,69,0.13,1/1,1,0,,0.0,0,162
클렌징밀크,자극따가움,generic,9,24,0.27,1/1,1,0,,0.0,0,162
클렌징밀크,끈적유분,generic,8,6,0.57,1/1,1,0,,0.0,0,162
클렌징밀크,기타불만,generic,1,1,0.5,1/1,1,0,,0.0,0,162
클렌징밀크,배송포장,generic,1,0,1.0,1/1,1,0,,0.0,0,162
클렌징밀크,제형발림,generic,0,11,0.0,0/1,0,0,,0.0,0,162
클렌징밀크,지속력,generic,0,20,0.0,0/1,0,0,,0.0,0,162
클렌징밀크,용기펌프,generic,0,7,0.0,0/1,0,0,,0.0,0,162
클렌징밀크,효과없음,generic,0,4,0.0,0/1,0,0,,0.0,0,162
클렌징밀크,용량가격,generic,0,1,0.0,0/1,0,0,,0.0,0,162
클렌징밀크,밀림들뜸,generic,0,1,0.0,0/1,0,0,,0.0,0,162
클렌징워터,트러블,generic,35,14,0.71,1/1,21,0,,,0,0
클렌징워터,배송포장,generic,27,29,0.48,1/1,17,0,,,0,0
클렌징워터,기타불만,generic,22,0,1.0,1/1,18,0,,,0,0
클렌징워터,자극따가움,generic,18,15,0.55,1/1,9,0,,,0,0
클렌징워터,세정력거품,specific,8,25,0.24,1/1,7,0,,,0,0
클렌징워터,끈적유분,generic,6,2,0.75,1/1,4,0,,,0,0
클렌징워터,용기펌프,generic,2,17,0.11,1/1,2,0,,,0,0
클렌징워터,건조,generic,2,4,0.33,1/1,2,0,,,0,0
클렌징워터,지속력,generic,1,16,0.06,1/1,1,0,,,0,0
클렌징워터,눈시림,generic,1,2,0.33,1/1,1,0,,,0,0
클렌징워터,밀림들뜸,generic,1,0,1.0,1/1,1,0,,,0,0
클렌징워터,리뉴얼변질,generic,1,0,1.0,1/1,1,0,,,0,0
클렌징워터,향냄새,generic,1,1,0.5,1/1,1,0,,,0,0
클렌징워터,용량가격,generic,0,13,0.0,0/1,0,0,,,0,0
클렌징워터,제형발림,generic,0,1,0.0,0/1,0,0,,,0,0
클렌징폼,트러블,generic,107,29,0.79,3/3,30,68,0.327,0.209,208,32571
클렌징폼,자극따가움,generic,70,25,0.74,3/3,26,37,0.178,0.114,208,32571
클렌징폼,향냄새,generic,34,11,0.76,3/3,21,21,0.101,0.064,208,32571
클렌징폼,기타불만,generic,29,4,0.88,3/3,16,20,0.096,0.061,208,32571
클렌징폼,건조,generic,29,27,0.52,3/3,17,19,0.091,0.058,208,32571
클렌징폼,끈적유분,generic,28,8,0.78,3/3,14,9,0.043,0.028,208,32571
클렌징폼,세정력거품,specific,25,162,0.13,3/3,12,36,0.173,0.111,208,32571
클렌징폼,배송포장,generic,17,12,0.59,3/3,11,24,0.115,0.074,208,32571
클렌징폼,용기펌프,generic,9,7,0.56,2/3,5,9,0.043,0.028,208,32571
클렌징폼,효과없음,generic,4,6,0.4,2/3,3,5,0.024,0.015,208,32571
클렌징폼,눈시림,generic,4,0,1.0,2/3,3,2,0.01,0.006,208,32571
클렌징폼,용량가격,generic,3,22,0.12,2/3,3,5,0.024,0.015,208,32571
클렌징폼,밀림들뜸,generic,3,2,0.6,2/3,2,2,0.01,0.006,208,32571
클렌징폼,제형발림,generic,2,1,0.67,1/3,1,5,0.024,0.015,208,32571
클렌징폼,지속력,generic,1,13,0.07,1/3,1,10,0.048,0.031,208,32571
클렌징폼,리뉴얼변질,generic,1,1,0.5,1/3,1,2,0.01,0.006,208,32571
클렌징폼,세안후건조,specific,0,5,0.0,0/3,0,1,0.005,0.003,208,32571
패드,자극따가움,generic,30,3,0.91,2/2,9,24,0.24,0.026,100,91534
패드,트러블,generic,26,3,0.9,2/2,9,27,0.27,0.029,100,91534
패드,기타불만,generic,19,1,0.95,2/2,8,19,0.19,0.021,100,91534
패드,효과없음,generic,11,6,0.65,2/2,5,15,0.15,0.016,100,91534
패드,건조,generic,9,2,0.82,2/2,5,6,0.06,0.007,100,91534
패드,끈적유분,generic,5,1,0.83,2/2,3,4,0.04,0.004,100,91534
패드,배송포장,generic,4,5,0.44,1/2,3,4,0.04,0.004,100,91534
패드,향냄새,generic,3,9,0.25,2/2,3,2,0.02,0.002,100,91534
패드,시트물성,specific,2,26,0.07,1/2,1,21,0.21,0.023,100,91534
패드,색상발색,generic,1,0,1.0,1/2,1,1,0.01,0.001,100,91534
패드,제형발림,generic,1,9,0.1,1/2,1,0,0.0,0.0,100,91534
패드,지속력,generic,0,2,0.0,0/2,0,4,0.04,0.004,100,91534
패드,용량가격,generic,0,7,0.0,0/2,0,3,0.03,0.003,100,91534
패드,리뉴얼변질,generic,0,2,0.0,0/2,0,1,0.01,0.001,100,91534
페이셜미스트,건조,generic,29,3,0.91,1/1,2,1,0.025,0.028,40,3559
페이셜미스트,끈적유분,generic,24,9,0.73,1/1,5,3,0.075,0.084,40,3559
페이셜미스트,기타불만,generic,11,1,0.92,1/1,5,8,0.2,0.225,40,3559
페이셜미스트,자극따가움,generic,10,3,0.77,1/1,3,5,0.125,0.14,40,3559
페이셜미스트,향냄새,generic,9,1,0.9,1/1,4,2,0.05,0.056,40,3559
페이셜미스트,용기펌프,generic,8,13,0.38,1/1,5,4,0.1,0.112,40,3559
페이셜미스트,효과없음,generic,6,9,0.4,1/1,4,3,0.075,0.084,40,3559
페이셜미스트,트러블,generic,5,3,0.62,1/1,3,4,0.1,0.112,40,3559
페이셜미스트,분사,specific,4,56,0.07,1/1,4,10,0.25,0.281,40,3559
페이셜미스트,용량가격,generic,2,8,0.2,1/1,2,5,0.125,0.14,40,3559
페이셜미스트,밀림들뜸,generic,2,2,0.5,1/1,2,1,0.025,0.028,40,3559
페이셜미스트,배송포장,generic,1,3,0.25,1/1,1,1,0.025,0.028,40,3559
페이셜미스트,제형발림,generic,1,8,0.11,1/1,1,3,0.075,0.084,40,3559
페이셜미스트,눈시림,generic,1,0,1.0,1/1,1,0,0.0,0.0,40,3559
페이셜미스트,지속력,generic,0,6,0.0,0/1,0,1,0.025,0.028,40,3559
프로틴음료(고형),맛,specific,46,35,0.57,2/2,4,66,0.66,0.047,100,141520
프로틴음료(고형),기타불만,generic,18,3,0.86,2/2,4,16,0.16,0.011,100,141520
프로틴음료(고형),향냄새,generic,9,1,0.9,2/2,4,9,0.09,0.006,100,141520
프로틴음료(고형),포만감효과,specific,9,3,0.75,2/2,3,5,0.05,0.004,100,141520
프로틴음료(고형),배송포장,generic,3,1,0.75,2/2,2,2,0.02,0.001,100,141520
프로틴음료(고형),리뉴얼변질,generic,2,0,1.0,2/2,1,4,0.04,0.003,100,141520
프로틴음료(고형),자극따가움,generic,1,0,1.0,1/2,1,1,0.01,0.001,100,141520
프로틴음료(고형),트러블,generic,1,0,1.0,1/2,1,1,0.01,0.001,100,141520
프로틴음료(고형),건조,generic,1,0,1.0,1/2,1,1,0.01,0.001,100,141520
프로틴음료(고형),끈적유분,generic,1,0,1.0,1/2,1,0,0.0,0.0,100,141520
프로틴음료(고형),밀림들뜸,generic,1,0,1.0,1/2,1,0,0.0,0.0,100,141520
프로틴음료(고형),지속력,generic,0,1,0.0,0/2,0,1,0.01,0.001,100,141520
프로틴음료(고형),용량가격,generic,0,9,0.0,0/2,0,4,0.04,0.003,100,141520
프로틴음료(고형),섞임,specific,0,1,0.0,0/2,0,1,0.01,0.001,100,141520
프로틴음료(고형),용기펌프,generic,0,2,0.0,0/2,0,0,0.0,0.0,100,141520
헤어토닉/앰플,효과없음,generic,51,40,0.56,2/2,20,69,0.272,0.277,254,24927
헤어토닉/앰플,자극따가움,generic,50,10,0.83,2/2,16,35,0.138,0.14,254,24927
헤어토닉/앰플,끈적유분,generic,45,52,0.46,2/2,16,35,0.138,0.14,254,24927
헤어토닉/앰플,트러블,generic,41,4,0.91,2/2,22,32,0.126,0.128,254,24927
헤어토닉/앰플,탈모비듬,specific,39,50,0.44,2/2,13,49,0.193,0.197,254,24927
헤어토닉/앰플,향냄새,generic,35,13,0.73,2/2,13,31,0.122,0.124,254,24927
헤어토닉/앰플,두피자극,specific,33,4,0.89,2/2,11,11,0.043,0.044,254,24927
헤어토닉/앰플,기타불만,generic,26,2,0.93,2/2,14,25,0.098,0.1,254,24927
헤어토닉/앰플,건조,generic,21,3,0.88,2/2,10,12,0.047,0.048,254,24927
헤어토닉/앰플,배송포장,generic,16,9,0.64,2/2,12,22,0.087,0.088,254,24927
헤어토닉/앰플,용기펌프,generic,11,10,0.52,2/2,6,23,0.091,0.092,254,24927
헤어토닉/앰플,밀림들뜸,generic,7,2,0.78,2/2,5,7,0.028,0.028,254,24927
헤어토닉/앰플,용량가격,generic,5,29,0.15,2/2,4,26,0.102,0.104,254,24927
헤어토닉/앰플,제형발림,generic,2,13,0.13,2/2,2,16,0.063,0.064,254,24927
헤어토닉/앰플,리뉴얼변질,generic,1,0,1.0,1/2,1,1,0.004,0.004,254,24927
헤어토닉/앰플,지속력,generic,1,21,0.05,1/2,1,10,0.039,0.04,254,24927
헤어토닉/앰플,눈시림,generic,1,0,1.0,1/2,1,0,0.0,0.0,254,24927
헤어토닉/앰플,색상발색,generic,1,0,1.0,1/2,1,1,0.004,0.004,254,24927
헤어트리트먼트,향냄새,generic,185,29,0.86,2/2,22,3,0.2,0.119,15,2530
헤어트리트먼트,모발손상,specific,73,50,0.59,2/2,25,6,0.4,0.237,15,2530
헤어트리트먼트,끈적유분,generic,62,32,0.66,2/2,10,1,0.067,0.04,15,2530
헤어트리트먼트,기타불만,generic,47,4,0.92,2/2,26,3,0.2,0.119,15,2530
헤어트리트먼트,배송포장,generic,23,11,0.68,2/2,16,3,0.2,0.119,15,2530
헤어트리트먼트,용기펌프,generic,13,43,0.23,2/2,8,1,0.067,0.04,15,2530
헤어트리트먼트,트러블,generic,12,2,0.86,2/2,9,2,0.133,0.079,15,2530
헤어트리트먼트,효과없음,generic,11,23,0.32,2/2,8,5,0.333,0.198,15,2530
헤어트리트먼트,밀림들뜸,generic,4,1,0.8,2/2,2,0,0.0,0.0,15,2530
헤어트리트먼트,지속력,generic,3,6,0.33,2/2,3,0,0.0,0.0,15,2530
헤어트리트먼트,건조,generic,3,0,1.0,1/2,1,1,0.067,0.04,15,2530
헤어트리트먼트,자극따가움,generic,2,2,0.5,2/2,2,1,0.067,0.04,15,2530
헤어트리트먼트,용량가격,generic,1,22,0.04,1/2,1,0,0.0,0.0,15,2530
헤어트리트먼트,제형발림,generic,1,38,0.03,1/2,1,0,0.0,0.0,15,2530
헤어트리트먼트,리뉴얼변질,generic,1,0,1.0,1/2,1,0,0.0,0.0,15,2530
